"city","lat","lon","Year","Month","T2M_Mean","PRCP_Total_mm"
"Adiyaman",37.7644,38.2763,1981,1,NA,57.04
"Adiyaman",37.7644,38.2763,1981,1,-1.14,NA
"Adiyaman",37.7644,38.2763,1981,2,NA,48.16
"Adiyaman",37.7644,38.2763,1981,2,0.02,NA
"Adiyaman",37.7644,38.2763,1981,3,NA,54.25
"Adiyaman",37.7644,38.2763,1981,3,4.74,NA
"Adiyaman",37.7644,38.2763,1981,4,NA,44.7
"Adiyaman",37.7644,38.2763,1981,4,7.43,NA
"Adiyaman",37.7644,38.2763,1981,5,NA,35.03
"Adiyaman",37.7644,38.2763,1981,5,11.55,NA
"Adiyaman",37.7644,38.2763,1981,6,NA,29.4
"Adiyaman",37.7644,38.2763,1981,6,19.18,NA
"Adiyaman",37.7644,38.2763,1981,7,NA,4.03
"Adiyaman",37.7644,38.2763,1981,7,24.11,NA
"Adiyaman",37.7644,38.2763,1981,8,NA,0
"Adiyaman",37.7644,38.2763,1981,8,23.34,NA
"Adiyaman",37.7644,38.2763,1981,9,NA,0.3
"Adiyaman",37.7644,38.2763,1981,9,20.2,NA
"Adiyaman",37.7644,38.2763,1981,10,NA,26.04
"Adiyaman",37.7644,38.2763,1981,10,14.26,NA
"Adiyaman",37.7644,38.2763,1981,11,NA,28.5
"Adiyaman",37.7644,38.2763,1981,11,3.04,NA
"Adiyaman",37.7644,38.2763,1981,12,NA,50.84
"Adiyaman",37.7644,38.2763,1981,12,2.09,NA
"Adiyaman",37.7644,38.2763,1982,1,NA,65.41
"Adiyaman",37.7644,38.2763,1982,1,-1.17,NA
"Adiyaman",37.7644,38.2763,1982,2,NA,40.88
"Adiyaman",37.7644,38.2763,1982,2,-2.91,NA
"Adiyaman",37.7644,38.2763,1982,3,NA,92.07
"Adiyaman",37.7644,38.2763,1982,3,1.03,NA
"Adiyaman",37.7644,38.2763,1982,4,NA,73.8
"Adiyaman",37.7644,38.2763,1982,4,8.9,NA
"Adiyaman",37.7644,38.2763,1982,5,NA,102.92
"Adiyaman",37.7644,38.2763,1982,5,13.05,NA
"Adiyaman",37.7644,38.2763,1982,6,NA,19.8
"Adiyaman",37.7644,38.2763,1982,6,17.41,NA
"Adiyaman",37.7644,38.2763,1982,7,NA,2.79
"Adiyaman",37.7644,38.2763,1982,7,21.28,NA
"Adiyaman",37.7644,38.2763,1982,8,NA,0
"Adiyaman",37.7644,38.2763,1982,8,21.94,NA
"Adiyaman",37.7644,38.2763,1982,9,NA,2.4
"Adiyaman",37.7644,38.2763,1982,9,19.51,NA
"Adiyaman",37.7644,38.2763,1982,10,NA,5.89
"Adiyaman",37.7644,38.2763,1982,10,12.09,NA
"Adiyaman",37.7644,38.2763,1982,11,NA,17.1
"Adiyaman",37.7644,38.2763,1982,11,3.57,NA
"Adiyaman",37.7644,38.2763,1982,12,NA,24.49
"Adiyaman",37.7644,38.2763,1982,12,0.08,NA
"Adiyaman",37.7644,38.2763,1983,1,NA,40.3
"Adiyaman",37.7644,38.2763,1983,1,-4.89,NA
"Adiyaman",37.7644,38.2763,1983,2,NA,37.52
"Adiyaman",37.7644,38.2763,1983,2,-1.61,NA
"Adiyaman",37.7644,38.2763,1983,3,NA,53.63
"Adiyaman",37.7644,38.2763,1983,3,2.67,NA
"Adiyaman",37.7644,38.2763,1983,4,NA,45.6
"Adiyaman",37.7644,38.2763,1983,4,8.47,NA
"Adiyaman",37.7644,38.2763,1983,5,NA,57.66
"Adiyaman",37.7644,38.2763,1983,5,14.37,NA
"Adiyaman",37.7644,38.2763,1983,6,NA,7.2
"Adiyaman",37.7644,38.2763,1983,6,18.81,NA
"Adiyaman",37.7644,38.2763,1983,7,NA,0
"Adiyaman",37.7644,38.2763,1983,7,22.99,NA
"Adiyaman",37.7644,38.2763,1983,8,NA,0
"Adiyaman",37.7644,38.2763,1983,8,21.82,NA
"Adiyaman",37.7644,38.2763,1983,9,NA,6.3
"Adiyaman",37.7644,38.2763,1983,9,18.92,NA
"Adiyaman",37.7644,38.2763,1983,10,NA,36.27
"Adiyaman",37.7644,38.2763,1983,10,11.6,NA
"Adiyaman",37.7644,38.2763,1983,11,NA,68.4
"Adiyaman",37.7644,38.2763,1983,11,6.33,NA
"Adiyaman",37.7644,38.2763,1983,12,NA,39.68
"Adiyaman",37.7644,38.2763,1983,12,1.31,NA
"Adiyaman",37.7644,38.2763,1984,1,NA,63.55
"Adiyaman",37.7644,38.2763,1984,1,0.25,NA
"Adiyaman",37.7644,38.2763,1984,2,NA,28.71
"Adiyaman",37.7644,38.2763,1984,2,1.26,NA
"Adiyaman",37.7644,38.2763,1984,3,NA,57.04
"Adiyaman",37.7644,38.2763,1984,3,4.56,NA
"Adiyaman",37.7644,38.2763,1984,4,NA,47.7
"Adiyaman",37.7644,38.2763,1984,4,7.51,NA
"Adiyaman",37.7644,38.2763,1984,5,NA,25.11
"Adiyaman",37.7644,38.2763,1984,5,13.81,NA
"Adiyaman",37.7644,38.2763,1984,6,NA,18.6
"Adiyaman",37.7644,38.2763,1984,6,19.13,NA
"Adiyaman",37.7644,38.2763,1984,7,NA,0
"Adiyaman",37.7644,38.2763,1984,7,23.54,NA
"Adiyaman",37.7644,38.2763,1984,8,NA,0
"Adiyaman",37.7644,38.2763,1984,8,20.45,NA
"Adiyaman",37.7644,38.2763,1984,9,NA,0
"Adiyaman",37.7644,38.2763,1984,9,20.7,NA
"Adiyaman",37.7644,38.2763,1984,10,NA,3.1
"Adiyaman",37.7644,38.2763,1984,10,13.46,NA
"Adiyaman",37.7644,38.2763,1984,11,NA,64.5
"Adiyaman",37.7644,38.2763,1984,11,5.06,NA
"Adiyaman",37.7644,38.2763,1984,12,NA,43.09
"Adiyaman",37.7644,38.2763,1984,12,-1.4,NA
"Adiyaman",37.7644,38.2763,1985,1,NA,39.06
"Adiyaman",37.7644,38.2763,1985,1,0.08,NA
"Adiyaman",37.7644,38.2763,1985,2,NA,47.6
"Adiyaman",37.7644,38.2763,1985,2,-3.98,NA
"Adiyaman",37.7644,38.2763,1985,3,NA,48.36
"Adiyaman",37.7644,38.2763,1985,3,2.01,NA
"Adiyaman",37.7644,38.2763,1985,4,NA,38.1
"Adiyaman",37.7644,38.2763,1985,4,9.57,NA
"Adiyaman",37.7644,38.2763,1985,5,NA,21.39
"Adiyaman",37.7644,38.2763,1985,5,16.01,NA
"Adiyaman",37.7644,38.2763,1985,6,NA,3
"Adiyaman",37.7644,38.2763,1985,6,20.32,NA
"Adiyaman",37.7644,38.2763,1985,7,NA,0
"Adiyaman",37.7644,38.2763,1985,7,21.58,NA
"Adiyaman",37.7644,38.2763,1985,8,NA,0
"Adiyaman",37.7644,38.2763,1985,8,24.81,NA
"Adiyaman",37.7644,38.2763,1985,9,NA,0.9
"Adiyaman",37.7644,38.2763,1985,9,18.81,NA
"Adiyaman",37.7644,38.2763,1985,10,NA,36.27
"Adiyaman",37.7644,38.2763,1985,10,10.69,NA
"Adiyaman",37.7644,38.2763,1985,11,NA,44.7
"Adiyaman",37.7644,38.2763,1985,11,8.15,NA
"Adiyaman",37.7644,38.2763,1985,12,NA,31.93
"Adiyaman",37.7644,38.2763,1985,12,0.23,NA
"Adiyaman",37.7644,38.2763,1986,1,NA,42.78
"Adiyaman",37.7644,38.2763,1986,1,-0.54,NA
"Adiyaman",37.7644,38.2763,1986,2,NA,72.52
"Adiyaman",37.7644,38.2763,1986,2,0.36,NA
"Adiyaman",37.7644,38.2763,1986,3,NA,15.81
"Adiyaman",37.7644,38.2763,1986,3,4.61,NA
"Adiyaman",37.7644,38.2763,1986,4,NA,20.4
"Adiyaman",37.7644,38.2763,1986,4,10.82,NA
"Adiyaman",37.7644,38.2763,1986,5,NA,56.73
"Adiyaman",37.7644,38.2763,1986,5,11.5,NA
"Adiyaman",37.7644,38.2763,1986,6,NA,21.9
"Adiyaman",37.7644,38.2763,1986,6,18.55,NA
"Adiyaman",37.7644,38.2763,1986,7,NA,0
"Adiyaman",37.7644,38.2763,1986,7,24.65,NA
"Adiyaman",37.7644,38.2763,1986,8,NA,7.13
"Adiyaman",37.7644,38.2763,1986,8,25.28,NA
"Adiyaman",37.7644,38.2763,1986,9,NA,4.8
"Adiyaman",37.7644,38.2763,1986,9,21.1,NA
"Adiyaman",37.7644,38.2763,1986,10,NA,62.93
"Adiyaman",37.7644,38.2763,1986,10,12.69,NA
"Adiyaman",37.7644,38.2763,1986,11,NA,54.6
"Adiyaman",37.7644,38.2763,1986,11,3.51,NA
"Adiyaman",37.7644,38.2763,1986,12,NA,38.13
"Adiyaman",37.7644,38.2763,1986,12,-0.33,NA
"Adiyaman",37.7644,38.2763,1987,1,NA,60.45
"Adiyaman",37.7644,38.2763,1987,1,-0.47,NA
"Adiyaman",37.7644,38.2763,1987,2,NA,46.48
"Adiyaman",37.7644,38.2763,1987,2,1.83,NA
"Adiyaman",37.7644,38.2763,1987,3,NA,65.72
"Adiyaman",37.7644,38.2763,1987,3,-0.05,NA
"Adiyaman",37.7644,38.2763,1987,4,NA,22.2
"Adiyaman",37.7644,38.2763,1987,4,7.02,NA
"Adiyaman",37.7644,38.2763,1987,5,NA,9.61
"Adiyaman",37.7644,38.2763,1987,5,14.58,NA
"Adiyaman",37.7644,38.2763,1987,6,NA,4.2
"Adiyaman",37.7644,38.2763,1987,6,19.83,NA
"Adiyaman",37.7644,38.2763,1987,7,NA,1.55
"Adiyaman",37.7644,38.2763,1987,7,24.51,NA
"Adiyaman",37.7644,38.2763,1987,8,NA,0.93
"Adiyaman",37.7644,38.2763,1987,8,22.69,NA
"Adiyaman",37.7644,38.2763,1987,9,NA,0.9
"Adiyaman",37.7644,38.2763,1987,9,18.66,NA
"Adiyaman",37.7644,38.2763,1987,10,NA,49.91
"Adiyaman",37.7644,38.2763,1987,10,10.8,NA
"Adiyaman",37.7644,38.2763,1987,11,NA,65.7
"Adiyaman",37.7644,38.2763,1987,11,4.32,NA
"Adiyaman",37.7644,38.2763,1987,12,NA,81.53
"Adiyaman",37.7644,38.2763,1987,12,-0.79,NA
"Adiyaman",37.7644,38.2763,1988,1,NA,52.08
"Adiyaman",37.7644,38.2763,1988,1,-2.99,NA
"Adiyaman",37.7644,38.2763,1988,2,NA,38.86
"Adiyaman",37.7644,38.2763,1988,2,-0.75,NA
"Adiyaman",37.7644,38.2763,1988,3,NA,67.58
"Adiyaman",37.7644,38.2763,1988,3,1.31,NA
"Adiyaman",37.7644,38.2763,1988,4,NA,81
"Adiyaman",37.7644,38.2763,1988,4,7.61,NA
"Adiyaman",37.7644,38.2763,1988,5,NA,14.57
"Adiyaman",37.7644,38.2763,1988,5,13.65,NA
"Adiyaman",37.7644,38.2763,1988,6,NA,9.9
"Adiyaman",37.7644,38.2763,1988,6,18.32,NA
"Adiyaman",37.7644,38.2763,1988,7,NA,0.93
"Adiyaman",37.7644,38.2763,1988,7,22.78,NA
"Adiyaman",37.7644,38.2763,1988,8,NA,0
"Adiyaman",37.7644,38.2763,1988,8,23.3,NA
"Adiyaman",37.7644,38.2763,1988,9,NA,5.4
"Adiyaman",37.7644,38.2763,1988,9,18.41,NA
"Adiyaman",37.7644,38.2763,1988,10,NA,101.37
"Adiyaman",37.7644,38.2763,1988,10,11.06,NA
"Adiyaman",37.7644,38.2763,1988,11,NA,57
"Adiyaman",37.7644,38.2763,1988,11,0.29,NA
"Adiyaman",37.7644,38.2763,1988,12,NA,32.86
"Adiyaman",37.7644,38.2763,1988,12,-0.46,NA
"Adiyaman",37.7644,38.2763,1989,1,NA,10.23
"Adiyaman",37.7644,38.2763,1989,1,-5.64,NA
"Adiyaman",37.7644,38.2763,1989,2,NA,5.04
"Adiyaman",37.7644,38.2763,1989,2,-1.22,NA
"Adiyaman",37.7644,38.2763,1989,3,NA,54.25
"Adiyaman",37.7644,38.2763,1989,3,4.5,NA
"Adiyaman",37.7644,38.2763,1989,4,NA,9
"Adiyaman",37.7644,38.2763,1989,4,13.46,NA
"Adiyaman",37.7644,38.2763,1989,5,NA,2.48
"Adiyaman",37.7644,38.2763,1989,5,15.66,NA
"Adiyaman",37.7644,38.2763,1989,6,NA,4.5
"Adiyaman",37.7644,38.2763,1989,6,20.59,NA
"Adiyaman",37.7644,38.2763,1989,7,NA,0
"Adiyaman",37.7644,38.2763,1989,7,24.1,NA
"Adiyaman",37.7644,38.2763,1989,8,NA,0
"Adiyaman",37.7644,38.2763,1989,8,24,NA
"Adiyaman",37.7644,38.2763,1989,9,NA,0.6
"Adiyaman",37.7644,38.2763,1989,9,18.64,NA
"Adiyaman",37.7644,38.2763,1989,10,NA,58.28
"Adiyaman",37.7644,38.2763,1989,10,10.56,NA
"Adiyaman",37.7644,38.2763,1989,11,NA,72
"Adiyaman",37.7644,38.2763,1989,11,4.33,NA
"Adiyaman",37.7644,38.2763,1989,12,NA,40.92
"Adiyaman",37.7644,38.2763,1989,12,-0.23,NA
"Adiyaman",37.7644,38.2763,1990,1,NA,32.86
"Adiyaman",37.7644,38.2763,1990,1,-4.71,NA
"Adiyaman",37.7644,38.2763,1990,2,NA,50.68
"Adiyaman",37.7644,38.2763,1990,2,-1.62,NA
"Adiyaman",37.7644,38.2763,1990,3,NA,21.39
"Adiyaman",37.7644,38.2763,1990,3,3.92,NA
"Adiyaman",37.7644,38.2763,1990,4,NA,22.8
"Adiyaman",37.7644,38.2763,1990,4,7.92,NA
"Adiyaman",37.7644,38.2763,1990,5,NA,15.5
"Adiyaman",37.7644,38.2763,1990,5,14.07,NA
"Adiyaman",37.7644,38.2763,1990,6,NA,13.5
"Adiyaman",37.7644,38.2763,1990,6,19.16,NA
"Adiyaman",37.7644,38.2763,1990,7,NA,0
"Adiyaman",37.7644,38.2763,1990,7,24.9,NA
"Adiyaman",37.7644,38.2763,1990,8,NA,0.31
"Adiyaman",37.7644,38.2763,1990,8,22.16,NA
"Adiyaman",37.7644,38.2763,1990,9,NA,0.3
"Adiyaman",37.7644,38.2763,1990,9,18.31,NA
"Adiyaman",37.7644,38.2763,1990,10,NA,11.16
"Adiyaman",37.7644,38.2763,1990,10,12.64,NA
"Adiyaman",37.7644,38.2763,1990,11,NA,36.9
"Adiyaman",37.7644,38.2763,1990,11,7.4,NA
"Adiyaman",37.7644,38.2763,1990,12,NA,24.8
"Adiyaman",37.7644,38.2763,1990,12,1.2,NA
"Adiyaman",37.7644,38.2763,1991,1,NA,41.85
"Adiyaman",37.7644,38.2763,1991,1,-2.27,NA
"Adiyaman",37.7644,38.2763,1991,2,NA,40.6
"Adiyaman",37.7644,38.2763,1991,2,-3.31,NA
"Adiyaman",37.7644,38.2763,1991,3,NA,53.94
"Adiyaman",37.7644,38.2763,1991,3,3.81,NA
"Adiyaman",37.7644,38.2763,1991,4,NA,48.9
"Adiyaman",37.7644,38.2763,1991,4,8.99,NA
"Adiyaman",37.7644,38.2763,1991,5,NA,23.56
"Adiyaman",37.7644,38.2763,1991,5,12.81,NA
"Adiyaman",37.7644,38.2763,1991,6,NA,9.3
"Adiyaman",37.7644,38.2763,1991,6,20.14,NA
"Adiyaman",37.7644,38.2763,1991,7,NA,1.55
"Adiyaman",37.7644,38.2763,1991,7,24.24,NA
"Adiyaman",37.7644,38.2763,1991,8,NA,0
"Adiyaman",37.7644,38.2763,1991,8,23.95,NA
"Adiyaman",37.7644,38.2763,1991,9,NA,15.3
"Adiyaman",37.7644,38.2763,1991,9,18.57,NA
"Adiyaman",37.7644,38.2763,1991,10,NA,24.18
"Adiyaman",37.7644,38.2763,1991,10,12.96,NA
"Adiyaman",37.7644,38.2763,1991,11,NA,61.8
"Adiyaman",37.7644,38.2763,1991,11,5.4,NA
"Adiyaman",37.7644,38.2763,1991,12,NA,70.68
"Adiyaman",37.7644,38.2763,1991,12,-3.51,NA
"Adiyaman",37.7644,38.2763,1992,1,NA,21.08
"Adiyaman",37.7644,38.2763,1992,1,-7.56,NA
"Adiyaman",37.7644,38.2763,1992,2,NA,41.18
"Adiyaman",37.7644,38.2763,1992,2,-7.01,NA
"Adiyaman",37.7644,38.2763,1992,3,NA,14.88
"Adiyaman",37.7644,38.2763,1992,3,-0.94,NA
"Adiyaman",37.7644,38.2763,1992,4,NA,3.9
"Adiyaman",37.7644,38.2763,1992,4,7.31,NA
"Adiyaman",37.7644,38.2763,1992,5,NA,67.89
"Adiyaman",37.7644,38.2763,1992,5,12.38,NA
"Adiyaman",37.7644,38.2763,1992,6,NA,28.5
"Adiyaman",37.7644,38.2763,1992,6,17.72,NA
"Adiyaman",37.7644,38.2763,1992,7,NA,0.31
"Adiyaman",37.7644,38.2763,1992,7,21,NA
"Adiyaman",37.7644,38.2763,1992,8,NA,0
"Adiyaman",37.7644,38.2763,1992,8,22.83,NA
"Adiyaman",37.7644,38.2763,1992,9,NA,2.1
"Adiyaman",37.7644,38.2763,1992,9,17.62,NA
"Adiyaman",37.7644,38.2763,1992,10,NA,11.16
"Adiyaman",37.7644,38.2763,1992,10,13.97,NA
"Adiyaman",37.7644,38.2763,1992,11,NA,46.8
"Adiyaman",37.7644,38.2763,1992,11,3.35,NA
"Adiyaman",37.7644,38.2763,1992,12,NA,68.82
"Adiyaman",37.7644,38.2763,1992,12,-4.98,NA
"Adiyaman",37.7644,38.2763,1993,1,NA,51.15
"Adiyaman",37.7644,38.2763,1993,1,-5.88,NA
"Adiyaman",37.7644,38.2763,1993,2,NA,46.76
"Adiyaman",37.7644,38.2763,1993,2,-5.38,NA
"Adiyaman",37.7644,38.2763,1993,3,NA,37.82
"Adiyaman",37.7644,38.2763,1993,3,1.61,NA
"Adiyaman",37.7644,38.2763,1993,4,NA,30.9
"Adiyaman",37.7644,38.2763,1993,4,7.92,NA
"Adiyaman",37.7644,38.2763,1993,5,NA,113.46
"Adiyaman",37.7644,38.2763,1993,5,11.6,NA
"Adiyaman",37.7644,38.2763,1993,6,NA,7.8
"Adiyaman",37.7644,38.2763,1993,6,17.69,NA
"Adiyaman",37.7644,38.2763,1993,7,NA,0.93
"Adiyaman",37.7644,38.2763,1993,7,22.99,NA
"Adiyaman",37.7644,38.2763,1993,8,NA,0.62
"Adiyaman",37.7644,38.2763,1993,8,23.49,NA
"Adiyaman",37.7644,38.2763,1993,9,NA,0
"Adiyaman",37.7644,38.2763,1993,9,19.63,NA
"Adiyaman",37.7644,38.2763,1993,10,NA,17.67
"Adiyaman",37.7644,38.2763,1993,10,14.54,NA
"Adiyaman",37.7644,38.2763,1993,11,NA,30.3
"Adiyaman",37.7644,38.2763,1993,11,2.29,NA
"Adiyaman",37.7644,38.2763,1993,12,NA,26.97
"Adiyaman",37.7644,38.2763,1993,12,2.07,NA
"Adiyaman",37.7644,38.2763,1994,1,NA,70.68
"Adiyaman",37.7644,38.2763,1994,1,1.26,NA
"Adiyaman",37.7644,38.2763,1994,2,NA,60.48
"Adiyaman",37.7644,38.2763,1994,2,-0.83,NA
"Adiyaman",37.7644,38.2763,1994,3,NA,17.36
"Adiyaman",37.7644,38.2763,1994,3,4.1,NA
"Adiyaman",37.7644,38.2763,1994,4,NA,27.3
"Adiyaman",37.7644,38.2763,1994,4,11.91,NA
"Adiyaman",37.7644,38.2763,1994,5,NA,20.15
"Adiyaman",37.7644,38.2763,1994,5,15.8,NA
"Adiyaman",37.7644,38.2763,1994,6,NA,1.2
"Adiyaman",37.7644,38.2763,1994,6,19.61,NA
"Adiyaman",37.7644,38.2763,1994,7,NA,1.86
"Adiyaman",37.7644,38.2763,1994,7,23.89,NA
"Adiyaman",37.7644,38.2763,1994,8,NA,0.93
"Adiyaman",37.7644,38.2763,1994,8,22.26,NA
"Adiyaman",37.7644,38.2763,1994,9,NA,2.1
"Adiyaman",37.7644,38.2763,1994,9,22.3,NA
"Adiyaman",37.7644,38.2763,1994,10,NA,34.1
"Adiyaman",37.7644,38.2763,1994,10,14.97,NA
"Adiyaman",37.7644,38.2763,1994,11,NA,75.3
"Adiyaman",37.7644,38.2763,1994,11,3.59,NA
"Adiyaman",37.7644,38.2763,1994,12,NA,67.58
"Adiyaman",37.7644,38.2763,1994,12,-4.1,NA
"Adiyaman",37.7644,38.2763,1995,1,NA,46.81
"Adiyaman",37.7644,38.2763,1995,1,-0.09,NA
"Adiyaman",37.7644,38.2763,1995,2,NA,37.52
"Adiyaman",37.7644,38.2763,1995,2,1.56,NA
"Adiyaman",37.7644,38.2763,1995,3,NA,36.27
"Adiyaman",37.7644,38.2763,1995,3,4.1,NA
"Adiyaman",37.7644,38.2763,1995,4,NA,63
"Adiyaman",37.7644,38.2763,1995,4,7.51,NA
"Adiyaman",37.7644,38.2763,1995,5,NA,29.14
"Adiyaman",37.7644,38.2763,1995,5,15.3,NA
"Adiyaman",37.7644,38.2763,1995,6,NA,28.5
"Adiyaman",37.7644,38.2763,1995,6,19.4,NA
"Adiyaman",37.7644,38.2763,1995,7,NA,0.62
"Adiyaman",37.7644,38.2763,1995,7,22.19,NA
"Adiyaman",37.7644,38.2763,1995,8,NA,0.31
"Adiyaman",37.7644,38.2763,1995,8,24.23,NA
"Adiyaman",37.7644,38.2763,1995,9,NA,4.2
"Adiyaman",37.7644,38.2763,1995,9,19.06,NA
"Adiyaman",37.7644,38.2763,1995,10,NA,47.74
"Adiyaman",37.7644,38.2763,1995,10,11.11,NA
"Adiyaman",37.7644,38.2763,1995,11,NA,71.1
"Adiyaman",37.7644,38.2763,1995,11,3.27,NA
"Adiyaman",37.7644,38.2763,1995,12,NA,4.03
"Adiyaman",37.7644,38.2763,1995,12,-0.54,NA
"Adiyaman",37.7644,38.2763,1996,1,NA,81.53
"Adiyaman",37.7644,38.2763,1996,1,-1.76,NA
"Adiyaman",37.7644,38.2763,1996,2,NA,57.42
"Adiyaman",37.7644,38.2763,1996,2,0.35,NA
"Adiyaman",37.7644,38.2763,1996,3,NA,129.58
"Adiyaman",37.7644,38.2763,1996,3,2.46,NA
"Adiyaman",37.7644,38.2763,1996,4,NA,75.6
"Adiyaman",37.7644,38.2763,1996,4,6.23,NA
"Adiyaman",37.7644,38.2763,1996,5,NA,27.9
"Adiyaman",37.7644,38.2763,1996,5,14.9,NA
"Adiyaman",37.7644,38.2763,1996,6,NA,5.1
"Adiyaman",37.7644,38.2763,1996,6,18.03,NA
"Adiyaman",37.7644,38.2763,1996,7,NA,4.34
"Adiyaman",37.7644,38.2763,1996,7,25.24,NA
"Adiyaman",37.7644,38.2763,1996,8,NA,6.51
"Adiyaman",37.7644,38.2763,1996,8,23.65,NA
"Adiyaman",37.7644,38.2763,1996,9,NA,6.9
"Adiyaman",37.7644,38.2763,1996,9,18.09,NA
"Adiyaman",37.7644,38.2763,1996,10,NA,68.51
"Adiyaman",37.7644,38.2763,1996,10,11.04,NA
"Adiyaman",37.7644,38.2763,1996,11,NA,35.4
"Adiyaman",37.7644,38.2763,1996,11,6.4,NA
"Adiyaman",37.7644,38.2763,1996,12,NA,90.52
"Adiyaman",37.7644,38.2763,1996,12,2.43,NA
"Adiyaman",37.7644,38.2763,1997,1,NA,25.42
"Adiyaman",37.7644,38.2763,1997,1,-0.58,NA
"Adiyaman",37.7644,38.2763,1997,2,NA,41.16
"Adiyaman",37.7644,38.2763,1997,2,-2.59,NA
"Adiyaman",37.7644,38.2763,1997,3,NA,23.56
"Adiyaman",37.7644,38.2763,1997,3,-0.15,NA
"Adiyaman",37.7644,38.2763,1997,4,NA,69.9
"Adiyaman",37.7644,38.2763,1997,4,5.45,NA
"Adiyaman",37.7644,38.2763,1997,5,NA,40.3
"Adiyaman",37.7644,38.2763,1997,5,15.04,NA
"Adiyaman",37.7644,38.2763,1997,6,NA,18
"Adiyaman",37.7644,38.2763,1997,6,18.87,NA
"Adiyaman",37.7644,38.2763,1997,7,NA,0
"Adiyaman",37.7644,38.2763,1997,7,22.27,NA
"Adiyaman",37.7644,38.2763,1997,8,NA,0
"Adiyaman",37.7644,38.2763,1997,8,22.34,NA
"Adiyaman",37.7644,38.2763,1997,9,NA,22.2
"Adiyaman",37.7644,38.2763,1997,9,16.35,NA
"Adiyaman",37.7644,38.2763,1997,10,NA,69.44
"Adiyaman",37.7644,38.2763,1997,10,11.99,NA
"Adiyaman",37.7644,38.2763,1997,11,NA,37.5
"Adiyaman",37.7644,38.2763,1997,11,5.69,NA
"Adiyaman",37.7644,38.2763,1997,12,NA,64.48
"Adiyaman",37.7644,38.2763,1997,12,0,NA
"Adiyaman",37.7644,38.2763,1998,1,NA,41.23
"Adiyaman",37.7644,38.2763,1998,1,-4.1,NA
"Adiyaman",37.7644,38.2763,1998,2,NA,21.84
"Adiyaman",37.7644,38.2763,1998,2,-2.17,NA
"Adiyaman",37.7644,38.2763,1998,3,NA,81.84
"Adiyaman",37.7644,38.2763,1998,3,2.03,NA
"Adiyaman",37.7644,38.2763,1998,4,NA,78.6
"Adiyaman",37.7644,38.2763,1998,4,9.38,NA
"Adiyaman",37.7644,38.2763,1998,5,NA,52.7
"Adiyaman",37.7644,38.2763,1998,5,13.74,NA
"Adiyaman",37.7644,38.2763,1998,6,NA,8.7
"Adiyaman",37.7644,38.2763,1998,6,20.47,NA
"Adiyaman",37.7644,38.2763,1998,7,NA,3.41
"Adiyaman",37.7644,38.2763,1998,7,25.19,NA
"Adiyaman",37.7644,38.2763,1998,8,NA,0.31
"Adiyaman",37.7644,38.2763,1998,8,25.36,NA
"Adiyaman",37.7644,38.2763,1998,9,NA,1.5
"Adiyaman",37.7644,38.2763,1998,9,19.68,NA
"Adiyaman",37.7644,38.2763,1998,10,NA,13.02
"Adiyaman",37.7644,38.2763,1998,10,13.75,NA
"Adiyaman",37.7644,38.2763,1998,11,NA,50.7
"Adiyaman",37.7644,38.2763,1998,11,8.67,NA
"Adiyaman",37.7644,38.2763,1998,12,NA,75.02
"Adiyaman",37.7644,38.2763,1998,12,1.78,NA
"Adiyaman",37.7644,38.2763,1999,1,NA,28.21
"Adiyaman",37.7644,38.2763,1999,1,0.31,NA
"Adiyaman",37.7644,38.2763,1999,2,NA,41.72
"Adiyaman",37.7644,38.2763,1999,2,0.69,NA
"Adiyaman",37.7644,38.2763,1999,3,NA,53.32
"Adiyaman",37.7644,38.2763,1999,3,3.99,NA
"Adiyaman",37.7644,38.2763,1999,4,NA,22.2
"Adiyaman",37.7644,38.2763,1999,4,9.29,NA
"Adiyaman",37.7644,38.2763,1999,5,NA,5.27
"Adiyaman",37.7644,38.2763,1999,5,15.87,NA
"Adiyaman",37.7644,38.2763,1999,6,NA,4.5
"Adiyaman",37.7644,38.2763,1999,6,20.64,NA
"Adiyaman",37.7644,38.2763,1999,7,NA,5.89
"Adiyaman",37.7644,38.2763,1999,7,24.87,NA
"Adiyaman",37.7644,38.2763,1999,8,NA,5.27
"Adiyaman",37.7644,38.2763,1999,8,25.08,NA
"Adiyaman",37.7644,38.2763,1999,9,NA,1.8
"Adiyaman",37.7644,38.2763,1999,9,19.43,NA
"Adiyaman",37.7644,38.2763,1999,10,NA,15.81
"Adiyaman",37.7644,38.2763,1999,10,13.33,NA
"Adiyaman",37.7644,38.2763,1999,11,NA,1.5
"Adiyaman",37.7644,38.2763,1999,11,5.11,NA
"Adiyaman",37.7644,38.2763,1999,12,NA,34.72
"Adiyaman",37.7644,38.2763,1999,12,2.24,NA
"Adiyaman",37.7644,38.2763,2000,1,NA,102.61
"Adiyaman",37.7644,38.2763,2000,1,-5.12,NA
"Adiyaman",37.7644,38.2763,2000,2,NA,51.33
"Adiyaman",37.7644,38.2763,2000,2,-4.31,NA
"Adiyaman",37.7644,38.2763,2000,3,NA,32.55
"Adiyaman",37.7644,38.2763,2000,3,1.24,NA
"Adiyaman",37.7644,38.2763,2000,4,NA,29.7
"Adiyaman",37.7644,38.2763,2000,4,9.84,NA
"Adiyaman",37.7644,38.2763,2000,5,NA,13.64
"Adiyaman",37.7644,38.2763,2000,5,13.89,NA
"Adiyaman",37.7644,38.2763,2000,6,NA,0.3
"Adiyaman",37.7644,38.2763,2000,6,19.64,NA
"Adiyaman",37.7644,38.2763,2000,7,NA,0.62
"Adiyaman",37.7644,38.2763,2000,7,26.67,NA
"Adiyaman",37.7644,38.2763,2000,8,NA,2.48
"Adiyaman",37.7644,38.2763,2000,8,23.7,NA
"Adiyaman",37.7644,38.2763,2000,9,NA,13.2
"Adiyaman",37.7644,38.2763,2000,9,18.71,NA
"Adiyaman",37.7644,38.2763,2000,10,NA,46.5
"Adiyaman",37.7644,38.2763,2000,10,10.91,NA
"Adiyaman",37.7644,38.2763,2000,11,NA,28.5
"Adiyaman",37.7644,38.2763,2000,11,5.9,NA
"Adiyaman",37.7644,38.2763,2000,12,NA,63.86
"Adiyaman",37.7644,38.2763,2000,12,-0.08,NA
"Adiyaman",37.7644,38.2763,2001,1,NA,11.78
"Adiyaman",37.7644,38.2763,2001,1,0.54,NA
"Adiyaman",37.7644,38.2763,2001,2,NA,63.84
"Adiyaman",37.7644,38.2763,2001,2,0.22,NA
"Adiyaman",37.7644,38.2763,2001,3,NA,57.66
"Adiyaman",37.7644,38.2763,2001,3,7.69,NA
"Adiyaman",37.7644,38.2763,2001,4,NA,43.5
"Adiyaman",37.7644,38.2763,2001,4,9.59,NA
"Adiyaman",37.7644,38.2763,2001,5,NA,63.86
"Adiyaman",37.7644,38.2763,2001,5,12.09,NA
"Adiyaman",37.7644,38.2763,2001,6,NA,0.6
"Adiyaman",37.7644,38.2763,2001,6,20.59,NA
"Adiyaman",37.7644,38.2763,2001,7,NA,0.62
"Adiyaman",37.7644,38.2763,2001,7,25.48,NA
"Adiyaman",37.7644,38.2763,2001,8,NA,0.31
"Adiyaman",37.7644,38.2763,2001,8,24.59,NA
"Adiyaman",37.7644,38.2763,2001,9,NA,4.8
"Adiyaman",37.7644,38.2763,2001,9,20.13,NA
"Adiyaman",37.7644,38.2763,2001,10,NA,23.56
"Adiyaman",37.7644,38.2763,2001,10,12.5,NA
"Adiyaman",37.7644,38.2763,2001,11,NA,54.3
"Adiyaman",37.7644,38.2763,2001,11,2.37,NA
"Adiyaman",37.7644,38.2763,2001,12,NA,134.54
"Adiyaman",37.7644,38.2763,2001,12,-1.28,NA
"Adiyaman",37.7644,38.2763,2002,1,NA,52.08
"Adiyaman",37.7644,38.2763,2002,1,-6.1,NA
"Adiyaman",37.7644,38.2763,2002,2,NA,33.88
"Adiyaman",37.7644,38.2763,2002,2,1.67,NA
"Adiyaman",37.7644,38.2763,2002,3,NA,64.79
"Adiyaman",37.7644,38.2763,2002,3,4.6,NA
"Adiyaman",37.7644,38.2763,2002,4,NA,69.9
"Adiyaman",37.7644,38.2763,2002,4,7.18,NA
"Adiyaman",37.7644,38.2763,2002,5,NA,35.34
"Adiyaman",37.7644,38.2763,2002,5,12.4,NA
"Adiyaman",37.7644,38.2763,2002,6,NA,24.3
"Adiyaman",37.7644,38.2763,2002,6,18.94,NA
"Adiyaman",37.7644,38.2763,2002,7,NA,6.82
"Adiyaman",37.7644,38.2763,2002,7,23.83,NA
"Adiyaman",37.7644,38.2763,2002,8,NA,7.44
"Adiyaman",37.7644,38.2763,2002,8,22.68,NA
"Adiyaman",37.7644,38.2763,2002,9,NA,6.9
"Adiyaman",37.7644,38.2763,2002,9,19.46,NA
"Adiyaman",37.7644,38.2763,2002,10,NA,13.95
"Adiyaman",37.7644,38.2763,2002,10,13.88,NA
"Adiyaman",37.7644,38.2763,2002,11,NA,17.7
"Adiyaman",37.7644,38.2763,2002,11,6.83,NA
"Adiyaman",37.7644,38.2763,2002,12,NA,53.32
"Adiyaman",37.7644,38.2763,2002,12,-4.33,NA
"Adiyaman",37.7644,38.2763,2003,1,NA,48.05
"Adiyaman",37.7644,38.2763,2003,1,-0.88,NA
"Adiyaman",37.7644,38.2763,2003,2,NA,108.36
"Adiyaman",37.7644,38.2763,2003,2,-4.1,NA
"Adiyaman",37.7644,38.2763,2003,3,NA,102.92
"Adiyaman",37.7644,38.2763,2003,3,-0.63,NA
"Adiyaman",37.7644,38.2763,2003,4,NA,50.7
"Adiyaman",37.7644,38.2763,2003,4,7.19,NA
"Adiyaman",37.7644,38.2763,2003,5,NA,17.05
"Adiyaman",37.7644,38.2763,2003,5,14.9,NA
"Adiyaman",37.7644,38.2763,2003,6,NA,2.4
"Adiyaman",37.7644,38.2763,2003,6,19.25,NA
"Adiyaman",37.7644,38.2763,2003,7,NA,1.86
"Adiyaman",37.7644,38.2763,2003,7,22.85,NA
"Adiyaman",37.7644,38.2763,2003,8,NA,0
"Adiyaman",37.7644,38.2763,2003,8,23.97,NA
"Adiyaman",37.7644,38.2763,2003,9,NA,11.1
"Adiyaman",37.7644,38.2763,2003,9,18.35,NA
"Adiyaman",37.7644,38.2763,2003,10,NA,59.83
"Adiyaman",37.7644,38.2763,2003,10,13.7,NA
"Adiyaman",37.7644,38.2763,2003,11,NA,38.1
"Adiyaman",37.7644,38.2763,2003,11,4.98,NA
"Adiyaman",37.7644,38.2763,2003,12,NA,44.02
"Adiyaman",37.7644,38.2763,2003,12,-0.59,NA
"Adiyaman",37.7644,38.2763,2004,1,NA,118.11
"Adiyaman",37.7644,38.2763,2004,1,-3.14,NA
"Adiyaman",37.7644,38.2763,2004,2,NA,63.8
"Adiyaman",37.7644,38.2763,2004,2,-3.21,NA
"Adiyaman",37.7644,38.2763,2004,3,NA,3.1
"Adiyaman",37.7644,38.2763,2004,3,4.26,NA
"Adiyaman",37.7644,38.2763,2004,4,NA,75.3
"Adiyaman",37.7644,38.2763,2004,4,7.72,NA
"Adiyaman",37.7644,38.2763,2004,5,NA,42.78
"Adiyaman",37.7644,38.2763,2004,5,13.13,NA
"Adiyaman",37.7644,38.2763,2004,6,NA,1.2
"Adiyaman",37.7644,38.2763,2004,6,19.08,NA
"Adiyaman",37.7644,38.2763,2004,7,NA,0.62
"Adiyaman",37.7644,38.2763,2004,7,23.49,NA
"Adiyaman",37.7644,38.2763,2004,8,NA,0.31
"Adiyaman",37.7644,38.2763,2004,8,23.96,NA
"Adiyaman",37.7644,38.2763,2004,9,NA,0
"Adiyaman",37.7644,38.2763,2004,9,19.48,NA
"Adiyaman",37.7644,38.2763,2004,10,NA,13.95
"Adiyaman",37.7644,38.2763,2004,10,14.59,NA
"Adiyaman",37.7644,38.2763,2004,11,NA,114.6
"Adiyaman",37.7644,38.2763,2004,11,4.17,NA
"Adiyaman",37.7644,38.2763,2004,12,NA,20.77
"Adiyaman",37.7644,38.2763,2004,12,-2.16,NA
"Adiyaman",37.7644,38.2763,2005,1,NA,41.85
"Adiyaman",37.7644,38.2763,2005,1,-1.71,NA
"Adiyaman",37.7644,38.2763,2005,2,NA,27.16
"Adiyaman",37.7644,38.2763,2005,2,-2.26,NA
"Adiyaman",37.7644,38.2763,2005,3,NA,43.09
"Adiyaman",37.7644,38.2763,2005,3,3.15,NA
"Adiyaman",37.7644,38.2763,2005,4,NA,38.4
"Adiyaman",37.7644,38.2763,2005,4,9.25,NA
"Adiyaman",37.7644,38.2763,2005,5,NA,44.33
"Adiyaman",37.7644,38.2763,2005,5,14.28,NA
"Adiyaman",37.7644,38.2763,2005,6,NA,12.6
"Adiyaman",37.7644,38.2763,2005,6,18.66,NA
"Adiyaman",37.7644,38.2763,2005,7,NA,0
"Adiyaman",37.7644,38.2763,2005,7,25.27,NA
"Adiyaman",37.7644,38.2763,2005,8,NA,4.03
"Adiyaman",37.7644,38.2763,2005,8,25.02,NA
"Adiyaman",37.7644,38.2763,2005,9,NA,3.6
"Adiyaman",37.7644,38.2763,2005,9,18.45,NA
"Adiyaman",37.7644,38.2763,2005,10,NA,59.83
"Adiyaman",37.7644,38.2763,2005,10,10.75,NA
"Adiyaman",37.7644,38.2763,2005,11,NA,30.3
"Adiyaman",37.7644,38.2763,2005,11,4.14,NA
"Adiyaman",37.7644,38.2763,2005,12,NA,23.87
"Adiyaman",37.7644,38.2763,2005,12,2.55,NA
"Adiyaman",37.7644,38.2763,2006,1,NA,45.57
"Adiyaman",37.7644,38.2763,2006,1,-4.01,NA
"Adiyaman",37.7644,38.2763,2006,2,NA,64.96
"Adiyaman",37.7644,38.2763,2006,2,-1.34,NA
"Adiyaman",37.7644,38.2763,2006,3,NA,25.42
"Adiyaman",37.7644,38.2763,2006,3,4.3,NA
"Adiyaman",37.7644,38.2763,2006,4,NA,63.9
"Adiyaman",37.7644,38.2763,2006,4,9.76,NA
"Adiyaman",37.7644,38.2763,2006,5,NA,19.22
"Adiyaman",37.7644,38.2763,2006,5,15.08,NA
"Adiyaman",37.7644,38.2763,2006,6,NA,6.3
"Adiyaman",37.7644,38.2763,2006,6,22.64,NA
"Adiyaman",37.7644,38.2763,2006,7,NA,9.92
"Adiyaman",37.7644,38.2763,2006,7,23.37,NA
"Adiyaman",37.7644,38.2763,2006,8,NA,0.93
"Adiyaman",37.7644,38.2763,2006,8,26.87,NA
"Adiyaman",37.7644,38.2763,2006,9,NA,5.4
"Adiyaman",37.7644,38.2763,2006,9,18.48,NA
"Adiyaman",37.7644,38.2763,2006,10,NA,89.28
"Adiyaman",37.7644,38.2763,2006,10,13.33,NA
"Adiyaman",37.7644,38.2763,2006,11,NA,42.9
"Adiyaman",37.7644,38.2763,2006,11,3.47,NA
"Adiyaman",37.7644,38.2763,2006,12,NA,4.96
"Adiyaman",37.7644,38.2763,2006,12,-0.92,NA
"Adiyaman",37.7644,38.2763,2007,1,NA,43.71
"Adiyaman",37.7644,38.2763,2007,1,-2.95,NA
"Adiyaman",37.7644,38.2763,2007,2,NA,31.08
"Adiyaman",37.7644,38.2763,2007,2,-0.41,NA
"Adiyaman",37.7644,38.2763,2007,3,NA,35.34
"Adiyaman",37.7644,38.2763,2007,3,3.52,NA
"Adiyaman",37.7644,38.2763,2007,4,NA,35.1
"Adiyaman",37.7644,38.2763,2007,4,5.88,NA
"Adiyaman",37.7644,38.2763,2007,5,NA,30.07
"Adiyaman",37.7644,38.2763,2007,5,17.45,NA
"Adiyaman",37.7644,38.2763,2007,6,NA,6.3
"Adiyaman",37.7644,38.2763,2007,6,21.13,NA
"Adiyaman",37.7644,38.2763,2007,7,NA,0
"Adiyaman",37.7644,38.2763,2007,7,24.56,NA
"Adiyaman",37.7644,38.2763,2007,8,NA,1.55
"Adiyaman",37.7644,38.2763,2007,8,25.28,NA
"Adiyaman",37.7644,38.2763,2007,9,NA,0
"Adiyaman",37.7644,38.2763,2007,9,20.76,NA
"Adiyaman",37.7644,38.2763,2007,10,NA,39.68
"Adiyaman",37.7644,38.2763,2007,10,13.65,NA
"Adiyaman",37.7644,38.2763,2007,11,NA,33
"Adiyaman",37.7644,38.2763,2007,11,5.03,NA
"Adiyaman",37.7644,38.2763,2007,12,NA,42.16
"Adiyaman",37.7644,38.2763,2007,12,-0.75,NA
"Adiyaman",37.7644,38.2763,2008,1,NA,39.68
"Adiyaman",37.7644,38.2763,2008,1,-4.82,NA
"Adiyaman",37.7644,38.2763,2008,2,NA,25.23
"Adiyaman",37.7644,38.2763,2008,2,-2.92,NA
"Adiyaman",37.7644,38.2763,2008,3,NA,32.55
"Adiyaman",37.7644,38.2763,2008,3,6.68,NA
"Adiyaman",37.7644,38.2763,2008,4,NA,15.9
"Adiyaman",37.7644,38.2763,2008,4,11.99,NA
"Adiyaman",37.7644,38.2763,2008,5,NA,39.06
"Adiyaman",37.7644,38.2763,2008,5,13.44,NA
"Adiyaman",37.7644,38.2763,2008,6,NA,5.4
"Adiyaman",37.7644,38.2763,2008,6,19.6,NA
"Adiyaman",37.7644,38.2763,2008,7,NA,0.31
"Adiyaman",37.7644,38.2763,2008,7,23.95,NA
"Adiyaman",37.7644,38.2763,2008,8,NA,0.93
"Adiyaman",37.7644,38.2763,2008,8,25.62,NA
"Adiyaman",37.7644,38.2763,2008,9,NA,26.1
"Adiyaman",37.7644,38.2763,2008,9,18.93,NA
"Adiyaman",37.7644,38.2763,2008,10,NA,20.46
"Adiyaman",37.7644,38.2763,2008,10,12.51,NA
"Adiyaman",37.7644,38.2763,2008,11,NA,46.2
"Adiyaman",37.7644,38.2763,2008,11,6.06,NA
"Adiyaman",37.7644,38.2763,2008,12,NA,25.73
"Adiyaman",37.7644,38.2763,2008,12,-0.99,NA
"Adiyaman",37.7644,38.2763,2009,1,NA,22.32
"Adiyaman",37.7644,38.2763,2009,1,-2.16,NA
"Adiyaman",37.7644,38.2763,2009,2,NA,53.48
"Adiyaman",37.7644,38.2763,2009,2,0.61,NA
"Adiyaman",37.7644,38.2763,2009,3,NA,45.26
"Adiyaman",37.7644,38.2763,2009,3,2.18,NA
"Adiyaman",37.7644,38.2763,2009,4,NA,38.4
"Adiyaman",37.7644,38.2763,2009,4,8.1,NA
"Adiyaman",37.7644,38.2763,2009,5,NA,12.09
"Adiyaman",37.7644,38.2763,2009,5,13.89,NA
"Adiyaman",37.7644,38.2763,2009,6,NA,6.6
"Adiyaman",37.7644,38.2763,2009,6,21.37,NA
"Adiyaman",37.7644,38.2763,2009,7,NA,5.58
"Adiyaman",37.7644,38.2763,2009,7,23.15,NA
"Adiyaman",37.7644,38.2763,2009,8,NA,4.03
"Adiyaman",37.7644,38.2763,2009,8,21.74,NA
"Adiyaman",37.7644,38.2763,2009,9,NA,27.9
"Adiyaman",37.7644,38.2763,2009,9,16.97,NA
"Adiyaman",37.7644,38.2763,2009,10,NA,30.69
"Adiyaman",37.7644,38.2763,2009,10,15.21,NA
"Adiyaman",37.7644,38.2763,2009,11,NA,55.5
"Adiyaman",37.7644,38.2763,2009,11,5.3,NA
"Adiyaman",37.7644,38.2763,2009,12,NA,68.82
"Adiyaman",37.7644,38.2763,2009,12,2.08,NA
"Adiyaman",37.7644,38.2763,2010,1,NA,83.08
"Adiyaman",37.7644,38.2763,2010,1,0.41,NA
"Adiyaman",37.7644,38.2763,2010,2,NA,25.76
"Adiyaman",37.7644,38.2763,2010,2,1.08,NA
"Adiyaman",37.7644,38.2763,2010,3,NA,25.42
"Adiyaman",37.7644,38.2763,2010,3,5.69,NA
"Adiyaman",37.7644,38.2763,2010,4,NA,41.1
"Adiyaman",37.7644,38.2763,2010,4,9.03,NA
"Adiyaman",37.7644,38.2763,2010,5,NA,14.88
"Adiyaman",37.7644,38.2763,2010,5,15.43,NA
"Adiyaman",37.7644,38.2763,2010,6,NA,13.8
"Adiyaman",37.7644,38.2763,2010,6,21.4,NA
"Adiyaman",37.7644,38.2763,2010,7,NA,0.62
"Adiyaman",37.7644,38.2763,2010,7,26.11,NA
"Adiyaman",37.7644,38.2763,2010,8,NA,0
"Adiyaman",37.7644,38.2763,2010,8,26.14,NA
"Adiyaman",37.7644,38.2763,2010,9,NA,3.3
"Adiyaman",37.7644,38.2763,2010,9,21.91,NA
"Adiyaman",37.7644,38.2763,2010,10,NA,27.28
"Adiyaman",37.7644,38.2763,2010,10,12.83,NA
"Adiyaman",37.7644,38.2763,2010,11,NA,0
"Adiyaman",37.7644,38.2763,2010,11,9.61,NA
"Adiyaman",37.7644,38.2763,2010,12,NA,47.12
"Adiyaman",37.7644,38.2763,2010,12,3.86,NA
"Adiyaman",37.7644,38.2763,2011,1,NA,32.86
"Adiyaman",37.7644,38.2763,2011,1,-1.08,NA
"Adiyaman",37.7644,38.2763,2011,2,NA,59.92
"Adiyaman",37.7644,38.2763,2011,2,-1.04,NA
"Adiyaman",37.7644,38.2763,2011,3,NA,16.74
"Adiyaman",37.7644,38.2763,2011,3,3.73,NA
"Adiyaman",37.7644,38.2763,2011,4,NA,109.2
"Adiyaman",37.7644,38.2763,2011,4,7.56,NA
"Adiyaman",37.7644,38.2763,2011,5,NA,36.58
"Adiyaman",37.7644,38.2763,2011,5,12.67,NA
"Adiyaman",37.7644,38.2763,2011,6,NA,8.7
"Adiyaman",37.7644,38.2763,2011,6,19.16,NA
"Adiyaman",37.7644,38.2763,2011,7,NA,6.2
"Adiyaman",37.7644,38.2763,2011,7,25,NA
"Adiyaman",37.7644,38.2763,2011,8,NA,4.96
"Adiyaman",37.7644,38.2763,2011,8,23.72,NA
"Adiyaman",37.7644,38.2763,2011,9,NA,7.5
"Adiyaman",37.7644,38.2763,2011,9,19.27,NA
"Adiyaman",37.7644,38.2763,2011,10,NA,12.09
"Adiyaman",37.7644,38.2763,2011,10,10.94,NA
"Adiyaman",37.7644,38.2763,2011,11,NA,48.3
"Adiyaman",37.7644,38.2763,2011,11,1.09,NA
"Adiyaman",37.7644,38.2763,2011,12,NA,44.02
"Adiyaman",37.7644,38.2763,2011,12,-1.03,NA
"Adiyaman",37.7644,38.2763,2012,1,NA,75.95
"Adiyaman",37.7644,38.2763,2012,1,-3.56,NA
"Adiyaman",37.7644,38.2763,2012,2,NA,64.96
"Adiyaman",37.7644,38.2763,2012,2,-4.91,NA
"Adiyaman",37.7644,38.2763,2012,3,NA,19.84
"Adiyaman",37.7644,38.2763,2012,3,-0.11,NA
"Adiyaman",37.7644,38.2763,2012,4,NA,24.9
"Adiyaman",37.7644,38.2763,2012,4,10.21,NA
"Adiyaman",37.7644,38.2763,2012,5,NA,33.17
"Adiyaman",37.7644,38.2763,2012,5,14.27,NA
"Adiyaman",37.7644,38.2763,2012,6,NA,13.5
"Adiyaman",37.7644,38.2763,2012,6,21.38,NA
"Adiyaman",37.7644,38.2763,2012,7,NA,1.86
"Adiyaman",37.7644,38.2763,2012,7,24.88,NA
"Adiyaman",37.7644,38.2763,2012,8,NA,4.96
"Adiyaman",37.7644,38.2763,2012,8,24.3,NA
"Adiyaman",37.7644,38.2763,2012,9,NA,0.9
"Adiyaman",37.7644,38.2763,2012,9,20.73,NA
"Adiyaman",37.7644,38.2763,2012,10,NA,47.43
"Adiyaman",37.7644,38.2763,2012,10,13.93,NA
"Adiyaman",37.7644,38.2763,2012,11,NA,66.9
"Adiyaman",37.7644,38.2763,2012,11,7.8,NA
"Adiyaman",37.7644,38.2763,2012,12,NA,114.39
"Adiyaman",37.7644,38.2763,2012,12,0.28,NA
"Adiyaman",37.7644,38.2763,2013,1,NA,62.62
"Adiyaman",37.7644,38.2763,2013,1,-2.7,NA
"Adiyaman",37.7644,38.2763,2013,2,NA,72.8
"Adiyaman",37.7644,38.2763,2013,2,1.19,NA
"Adiyaman",37.7644,38.2763,2013,3,NA,13.02
"Adiyaman",37.7644,38.2763,2013,3,3.53,NA
"Adiyaman",37.7644,38.2763,2013,4,NA,53.1
"Adiyaman",37.7644,38.2763,2013,4,9.48,NA
"Adiyaman",37.7644,38.2763,2013,5,NA,76.57
"Adiyaman",37.7644,38.2763,2013,5,14.83,NA
"Adiyaman",37.7644,38.2763,2013,6,NA,6
"Adiyaman",37.7644,38.2763,2013,6,19.33,NA
"Adiyaman",37.7644,38.2763,2013,7,NA,0
"Adiyaman",37.7644,38.2763,2013,7,22.5,NA
"Adiyaman",37.7644,38.2763,2013,8,NA,0
"Adiyaman",37.7644,38.2763,2013,8,23.11,NA
"Adiyaman",37.7644,38.2763,2013,9,NA,5.4
"Adiyaman",37.7644,38.2763,2013,9,18.02,NA
"Adiyaman",37.7644,38.2763,2013,10,NA,10.23
"Adiyaman",37.7644,38.2763,2013,10,10.42,NA
"Adiyaman",37.7644,38.2763,2013,11,NA,22.8
"Adiyaman",37.7644,38.2763,2013,11,7.75,NA
"Adiyaman",37.7644,38.2763,2013,12,NA,25.73
"Adiyaman",37.7644,38.2763,2013,12,-1.97,NA
"Adiyaman",37.7644,38.2763,2014,1,NA,50.84
"Adiyaman",37.7644,38.2763,2014,1,0.74,NA
"Adiyaman",37.7644,38.2763,2014,2,NA,11.76
"Adiyaman",37.7644,38.2763,2014,2,1.91,NA
"Adiyaman",37.7644,38.2763,2014,3,NA,43.09
"Adiyaman",37.7644,38.2763,2014,3,5.53,NA
"Adiyaman",37.7644,38.2763,2014,4,NA,42.3
"Adiyaman",37.7644,38.2763,2014,4,10.1,NA
"Adiyaman",37.7644,38.2763,2014,5,NA,20.46
"Adiyaman",37.7644,38.2763,2014,5,15.21,NA
"Adiyaman",37.7644,38.2763,2014,6,NA,15
"Adiyaman",37.7644,38.2763,2014,6,19.74,NA
"Adiyaman",37.7644,38.2763,2014,7,NA,0
"Adiyaman",37.7644,38.2763,2014,7,25.34,NA
"Adiyaman",37.7644,38.2763,2014,8,NA,0.93
"Adiyaman",37.7644,38.2763,2014,8,25.9,NA
"Adiyaman",37.7644,38.2763,2014,9,NA,34.2
"Adiyaman",37.7644,38.2763,2014,9,19.41,NA
"Adiyaman",37.7644,38.2763,2014,10,NA,89.28
"Adiyaman",37.7644,38.2763,2014,10,11.91,NA
"Adiyaman",37.7644,38.2763,2014,11,NA,74.7
"Adiyaman",37.7644,38.2763,2014,11,3.86,NA
"Adiyaman",37.7644,38.2763,2014,12,NA,39.68
"Adiyaman",37.7644,38.2763,2014,12,2.45,NA
"Adiyaman",37.7644,38.2763,2015,1,NA,115.01
"Adiyaman",37.7644,38.2763,2015,1,-3.76,NA
"Adiyaman",37.7644,38.2763,2015,2,NA,103.32
"Adiyaman",37.7644,38.2763,2015,2,-0.52,NA
"Adiyaman",37.7644,38.2763,2015,3,NA,120.59
"Adiyaman",37.7644,38.2763,2015,3,3.56,NA
"Adiyaman",37.7644,38.2763,2015,4,NA,35.7
"Adiyaman",37.7644,38.2763,2015,4,6.95,NA
"Adiyaman",37.7644,38.2763,2015,5,NA,30.69
"Adiyaman",37.7644,38.2763,2015,5,13.66,NA
"Adiyaman",37.7644,38.2763,2015,6,NA,6.3
"Adiyaman",37.7644,38.2763,2015,6,19.47,NA
"Adiyaman",37.7644,38.2763,2015,7,NA,0.31
"Adiyaman",37.7644,38.2763,2015,7,24.48,NA
"Adiyaman",37.7644,38.2763,2015,8,NA,1.86
"Adiyaman",37.7644,38.2763,2015,8,25.66,NA
"Adiyaman",37.7644,38.2763,2015,9,NA,1.8
"Adiyaman",37.7644,38.2763,2015,9,22.69,NA
"Adiyaman",37.7644,38.2763,2015,10,NA,58.59
"Adiyaman",37.7644,38.2763,2015,10,13.58,NA
"Adiyaman",37.7644,38.2763,2015,11,NA,25.8
"Adiyaman",37.7644,38.2763,2015,11,5.61,NA
"Adiyaman",37.7644,38.2763,2015,12,NA,1.86
"Adiyaman",37.7644,38.2763,2015,12,0.3,NA
"Adiyaman",37.7644,38.2763,2016,1,NA,91.45
"Adiyaman",37.7644,38.2763,2016,1,-4.51,NA
"Adiyaman",37.7644,38.2763,2016,2,NA,46.4
"Adiyaman",37.7644,38.2763,2016,2,2.7,NA
"Adiyaman",37.7644,38.2763,2016,3,NA,29.76
"Adiyaman",37.7644,38.2763,2016,3,4.64,NA
"Adiyaman",37.7644,38.2763,2016,4,NA,21.6
"Adiyaman",37.7644,38.2763,2016,4,11.59,NA
"Adiyaman",37.7644,38.2763,2016,5,NA,38.44
"Adiyaman",37.7644,38.2763,2016,5,14.36,NA
"Adiyaman",37.7644,38.2763,2016,6,NA,11.4
"Adiyaman",37.7644,38.2763,2016,6,20.71,NA
"Adiyaman",37.7644,38.2763,2016,7,NA,7.13
"Adiyaman",37.7644,38.2763,2016,7,24.02,NA
"Adiyaman",37.7644,38.2763,2016,8,NA,0
"Adiyaman",37.7644,38.2763,2016,8,26.46,NA
"Adiyaman",37.7644,38.2763,2016,9,NA,15.6
"Adiyaman",37.7644,38.2763,2016,9,17.83,NA
"Adiyaman",37.7644,38.2763,2016,10,NA,8.68
"Adiyaman",37.7644,38.2763,2016,10,13.82,NA
"Adiyaman",37.7644,38.2763,2016,11,NA,54.6
"Adiyaman",37.7644,38.2763,2016,11,4.43,NA
"Adiyaman",37.7644,38.2763,2016,12,NA,76.26
"Adiyaman",37.7644,38.2763,2016,12,-4.27,NA
"Adiyaman",37.7644,38.2763,2017,1,NA,27.9
"Adiyaman",37.7644,38.2763,2017,1,-5.31,NA
"Adiyaman",37.7644,38.2763,2017,2,NA,0.28
"Adiyaman",37.7644,38.2763,2017,2,-0.85,NA
"Adiyaman",37.7644,38.2763,2017,3,NA,75.64
"Adiyaman",37.7644,38.2763,2017,3,4.06,NA
"Adiyaman",37.7644,38.2763,2017,4,NA,60.6
"Adiyaman",37.7644,38.2763,2017,4,8.05,NA
"Adiyaman",37.7644,38.2763,2017,5,NA,39.99
"Adiyaman",37.7644,38.2763,2017,5,13.92,NA
"Adiyaman",37.7644,38.2763,2017,6,NA,0.6
"Adiyaman",37.7644,38.2763,2017,6,20.58,NA
"Adiyaman",37.7644,38.2763,2017,7,NA,0
"Adiyaman",37.7644,38.2763,2017,7,25.79,NA
"Adiyaman",37.7644,38.2763,2017,8,NA,0
"Adiyaman",37.7644,38.2763,2017,8,26.11,NA
"Adiyaman",37.7644,38.2763,2017,9,NA,2.1
"Adiyaman",37.7644,38.2763,2017,9,22.64,NA
"Adiyaman",37.7644,38.2763,2017,10,NA,23.87
"Adiyaman",37.7644,38.2763,2017,10,11.8,NA
"Adiyaman",37.7644,38.2763,2017,11,NA,42
"Adiyaman",37.7644,38.2763,2017,11,5.06,NA
"Adiyaman",37.7644,38.2763,2017,12,NA,20.15
"Adiyaman",37.7644,38.2763,2017,12,2.91,NA
"Adiyaman",37.7644,38.2763,2018,1,NA,129.27
"Adiyaman",37.7644,38.2763,2018,1,-0.98,NA
"Adiyaman",37.7644,38.2763,2018,2,NA,84.84
"Adiyaman",37.7644,38.2763,2018,2,1.71,NA
"Adiyaman",37.7644,38.2763,2018,3,NA,18.6
"Adiyaman",37.7644,38.2763,2018,3,6.57,NA
"Adiyaman",37.7644,38.2763,2018,4,NA,22.2
"Adiyaman",37.7644,38.2763,2018,4,11.02,NA
"Adiyaman",37.7644,38.2763,2018,5,NA,72.54
"Adiyaman",37.7644,38.2763,2018,5,15.31,NA
"Adiyaman",37.7644,38.2763,2018,6,NA,26.1
"Adiyaman",37.7644,38.2763,2018,6,20.86,NA
"Adiyaman",37.7644,38.2763,2018,7,NA,0
"Adiyaman",37.7644,38.2763,2018,7,25.28,NA
"Adiyaman",37.7644,38.2763,2018,8,NA,0
"Adiyaman",37.7644,38.2763,2018,8,24.84,NA
"Adiyaman",37.7644,38.2763,2018,9,NA,12
"Adiyaman",37.7644,38.2763,2018,9,20.64,NA
"Adiyaman",37.7644,38.2763,2018,10,NA,52.08
"Adiyaman",37.7644,38.2763,2018,10,13.72,NA
"Adiyaman",37.7644,38.2763,2018,11,NA,65.7
"Adiyaman",37.7644,38.2763,2018,11,5.98,NA
"Adiyaman",37.7644,38.2763,2018,12,NA,216.69
"Adiyaman",37.7644,38.2763,2018,12,0.56,NA
"Adiyaman",37.7644,38.2763,2019,1,NA,133.92
"Adiyaman",37.7644,38.2763,2019,1,-4.07,NA
"Adiyaman",37.7644,38.2763,2019,2,NA,82.32
"Adiyaman",37.7644,38.2763,2019,2,-1.26,NA
"Adiyaman",37.7644,38.2763,2019,3,NA,99.82
"Adiyaman",37.7644,38.2763,2019,3,2.8,NA
"Adiyaman",37.7644,38.2763,2019,4,NA,92.4
"Adiyaman",37.7644,38.2763,2019,4,6.69,NA
"Adiyaman",37.7644,38.2763,2019,5,NA,10.54
"Adiyaman",37.7644,38.2763,2019,5,14.87,NA
"Adiyaman",37.7644,38.2763,2019,6,NA,17.7
"Adiyaman",37.7644,38.2763,2019,6,21.67,NA
"Adiyaman",37.7644,38.2763,2019,7,NA,0.31
"Adiyaman",37.7644,38.2763,2019,7,23.28,NA
"Adiyaman",37.7644,38.2763,2019,8,NA,7.13
"Adiyaman",37.7644,38.2763,2019,8,25.04,NA
"Adiyaman",37.7644,38.2763,2019,9,NA,1.5
"Adiyaman",37.7644,38.2763,2019,9,19.5,NA
"Adiyaman",37.7644,38.2763,2019,10,NA,27.59
"Adiyaman",37.7644,38.2763,2019,10,15.59,NA
"Adiyaman",37.7644,38.2763,2019,11,NA,16.5
"Adiyaman",37.7644,38.2763,2019,11,7.16,NA
"Adiyaman",37.7644,38.2763,2019,12,NA,180.73
"Adiyaman",37.7644,38.2763,2019,12,0.35,NA
"Adiyaman",37.7644,38.2763,2020,1,NA,92.38
"Adiyaman",37.7644,38.2763,2020,1,-3.45,NA
"Adiyaman",37.7644,38.2763,2020,2,NA,52.2
"Adiyaman",37.7644,38.2763,2020,2,-2.66,NA
"Adiyaman",37.7644,38.2763,2020,3,NA,97.65
"Adiyaman",37.7644,38.2763,2020,3,4.68,NA
"Adiyaman",37.7644,38.2763,2020,4,NA,44.1
"Adiyaman",37.7644,38.2763,2020,4,7.87,NA
"Adiyaman",37.7644,38.2763,2020,5,NA,33.48
"Adiyaman",37.7644,38.2763,2020,5,13.49,NA
"Adiyaman",37.7644,38.2763,2020,6,NA,5.7
"Adiyaman",37.7644,38.2763,2020,6,19.7,NA
"Adiyaman",37.7644,38.2763,2020,7,NA,0.62
"Adiyaman",37.7644,38.2763,2020,7,25.98,NA
"Adiyaman",37.7644,38.2763,2020,8,NA,0
"Adiyaman",37.7644,38.2763,2020,8,23.59,NA
"Adiyaman",37.7644,38.2763,2020,9,NA,0.3
"Adiyaman",37.7644,38.2763,2020,9,23.5,NA
"Adiyaman",37.7644,38.2763,2020,10,NA,0.31
"Adiyaman",37.7644,38.2763,2020,10,16.61,NA
"Adiyaman",37.7644,38.2763,2020,11,NA,83.7
"Adiyaman",37.7644,38.2763,2020,11,5.24,NA
"Adiyaman",37.7644,38.2763,2020,12,NA,50.84
"Adiyaman",37.7644,38.2763,2020,12,1.22,NA
"Adiyaman",37.7644,38.2763,2021,1,NA,111.6
"Adiyaman",37.7644,38.2763,2021,1,-1.03,NA
"Adiyaman",37.7644,38.2763,2021,2,NA,7.84
"Adiyaman",37.7644,38.2763,2021,2,0.69,NA
"Adiyaman",37.7644,38.2763,2021,3,NA,47.43
"Adiyaman",37.7644,38.2763,2021,3,2.77,NA
"Adiyaman",37.7644,38.2763,2021,4,NA,9
"Adiyaman",37.7644,38.2763,2021,4,10.41,NA
"Adiyaman",37.7644,38.2763,2021,5,NA,2.79
"Adiyaman",37.7644,38.2763,2021,5,17.47,NA
"Adiyaman",37.7644,38.2763,2021,6,NA,1.2
"Adiyaman",37.7644,38.2763,2021,6,21.13,NA
"Adiyaman",37.7644,38.2763,2021,7,NA,0.31
"Adiyaman",37.7644,38.2763,2021,7,25.83,NA
"Adiyaman",37.7644,38.2763,2021,8,NA,2.79
"Adiyaman",37.7644,38.2763,2021,8,25.33,NA
"Adiyaman",37.7644,38.2763,2021,9,NA,1.2
"Adiyaman",37.7644,38.2763,2021,9,19.06,NA
"Adiyaman",37.7644,38.2763,2021,10,NA,12.09
"Adiyaman",37.7644,38.2763,2021,10,12.92,NA
"Adiyaman",37.7644,38.2763,2021,11,NA,18.6
"Adiyaman",37.7644,38.2763,2021,11,7.5,NA
"Adiyaman",37.7644,38.2763,2021,12,NA,44.02
"Adiyaman",37.7644,38.2763,2021,12,-0.21,NA
"Adiyaman",37.7644,38.2763,2022,1,NA,89.9
"Adiyaman",37.7644,38.2763,2022,1,-4.28,NA
"Adiyaman",37.7644,38.2763,2022,2,NA,27.72
"Adiyaman",37.7644,38.2763,2022,2,-0.34,NA
"Adiyaman",37.7644,38.2763,2022,3,NA,85.87
"Adiyaman",37.7644,38.2763,2022,3,-0.54,NA
"Adiyaman",37.7644,38.2763,2022,4,NA,28.5
"Adiyaman",37.7644,38.2763,2022,4,10.97,NA
"Adiyaman",37.7644,38.2763,2022,5,NA,62.31
"Adiyaman",37.7644,38.2763,2022,5,13.15,NA
"Adiyaman",37.7644,38.2763,2022,6,NA,10.2
"Adiyaman",37.7644,38.2763,2022,6,21.4,NA
"Adiyaman",37.7644,38.2763,2022,7,NA,0
"Adiyaman",37.7644,38.2763,2022,7,24.13,NA
"Adiyaman",37.7644,38.2763,2022,8,NA,0
"Adiyaman",37.7644,38.2763,2022,8,27.08,NA
"Adiyaman",37.7644,38.2763,2022,9,NA,5.1
"Adiyaman",37.7644,38.2763,2022,9,21.43,NA
"Adiyaman",37.7644,38.2763,2022,10,NA,8.99
"Adiyaman",37.7644,38.2763,2022,10,14.56,NA
"Adiyaman",37.7644,38.2763,2022,11,NA,104.7
"Adiyaman",37.7644,38.2763,2022,11,6.7,NA
"Adiyaman",37.7644,38.2763,2022,12,NA,18.91
"Adiyaman",37.7644,38.2763,2022,12,2.65,NA
"Adiyaman",37.7644,38.2763,2023,1,NA,28.83
"Adiyaman",37.7644,38.2763,2023,1,-0.06,NA
"Adiyaman",37.7644,38.2763,2023,2,NA,49.84
"Adiyaman",37.7644,38.2763,2023,2,-3.87,NA
"Adiyaman",37.7644,38.2763,2023,3,NA,194.06
"Adiyaman",37.7644,38.2763,2023,3,5.54,NA
"Adiyaman",37.7644,38.2763,2023,4,NA,76.8
"Adiyaman",37.7644,38.2763,2023,4,8.12,NA
"Adiyaman",37.7644,38.2763,2023,5,NA,35.34
"Adiyaman",37.7644,38.2763,2023,5,13.37,NA
"Adiyaman",37.7644,38.2763,2023,6,NA,18
"Adiyaman",37.7644,38.2763,2023,6,19.48,NA
"Adiyaman",37.7644,38.2763,2023,7,NA,0.31
"Adiyaman",37.7644,38.2763,2023,7,24.19,NA
"Adiyaman",37.7644,38.2763,2023,8,NA,7.13
"Adiyaman",37.7644,38.2763,2023,8,27.3,NA
"Adiyaman",37.7644,38.2763,2023,9,NA,1.2
"Adiyaman",37.7644,38.2763,2023,9,21.7,NA
"Adiyaman",37.7644,38.2763,2023,10,NA,11.78
"Adiyaman",37.7644,38.2763,2023,10,14.93,NA
"Adiyaman",37.7644,38.2763,2023,11,NA,123.6
"Adiyaman",37.7644,38.2763,2023,11,7.99,NA
"Adiyaman",37.7644,38.2763,2023,12,NA,112.53
"Adiyaman",37.7644,38.2763,2023,12,3.4,NA
"Adiyaman",37.7644,38.2763,2024,1,NA,92.07
"Adiyaman",37.7644,38.2763,2024,1,0.54,NA
"Adiyaman",37.7644,38.2763,2024,2,NA,59.45
"Adiyaman",37.7644,38.2763,2024,2,2.31,NA
"Adiyaman",37.7644,38.2763,2024,3,NA,63.86
"Adiyaman",37.7644,38.2763,2024,3,4.31,NA
"Adiyaman",37.7644,38.2763,2024,4,NA,51.9
"Adiyaman",37.7644,38.2763,2024,4,13.27,NA
"Adiyaman",37.7644,38.2763,2024,5,NA,44.02
"Adiyaman",37.7644,38.2763,2024,5,13.67,NA
"Adiyaman",37.7644,38.2763,2024,6,NA,7.5
"Adiyaman",37.7644,38.2763,2024,6,23.72,NA
"Adiyaman",37.7644,38.2763,2024,7,NA,4.34
"Adiyaman",37.7644,38.2763,2024,7,25.79,NA
"Adiyaman",37.7644,38.2763,2024,8,NA,7.75
"Adiyaman",37.7644,38.2763,2024,8,26.17,NA
"Adiyaman",37.7644,38.2763,2024,9,NA,17.7
"Adiyaman",37.7644,38.2763,2024,9,21.4,NA
"Adiyaman",37.7644,38.2763,2024,10,NA,4.96
"Adiyaman",37.7644,38.2763,2024,10,13.27,NA
"Adiyaman",37.7644,38.2763,2024,11,NA,45
"Adiyaman",37.7644,38.2763,2024,11,5.48,NA
"Adiyaman",37.7644,38.2763,2024,12,NA,54.87
"Adiyaman",37.7644,38.2763,2024,12,0.76,NA
"Adiyaman",37.7644,38.2763,2025,1,NA,3.72
"Adiyaman",37.7644,38.2763,2025,1,0.95,NA
"Adiyaman",37.7644,38.2763,2025,2,NA,65.8
"Adiyaman",37.7644,38.2763,2025,2,-3.02,NA
"Adiyaman",37.7644,38.2763,2025,3,NA,68.51
"Adiyaman",37.7644,38.2763,2025,3,6.75,NA
"Adiyaman",37.7644,38.2763,2025,4,NA,45.3
"Adiyaman",37.7644,38.2763,2025,4,8.96,NA
"Adiyaman",37.7644,38.2763,2025,5,NA,22.94
"Adiyaman",37.7644,38.2763,2025,5,16.52,NA
"Adiyaman",37.7644,38.2763,2025,6,NA,0.6
"Adiyaman",37.7644,38.2763,2025,6,21.21,NA
"Adiyaman",37.7644,38.2763,2025,7,NA,0.62
"Adiyaman",37.7644,38.2763,2025,7,26.66,NA
"Adiyaman",37.7644,38.2763,2025,8,NA,0
"Adiyaman",37.7644,38.2763,2025,8,26.4,NA
"Adiyaman",37.7644,38.2763,2025,9,NA,0.3
"Adiyaman",37.7644,38.2763,2025,9,20.44,NA
"Adiyaman",37.7644,38.2763,2025,10,NA,14.26
"Adiyaman",37.7644,38.2763,2025,10,13.73,NA
"Adiyaman",37.7644,38.2763,2025,11,NA,31.5
"Adiyaman",37.7644,38.2763,2025,11,8.86,NA
"Adiyaman",37.7644,38.2763,2025,12,NA,61.38
"Adiyaman",37.7644,38.2763,2025,12,1.4,NA
"Batman",37.8874,41.1322,1981,1,NA,79.05
"Batman",37.8874,41.1322,1981,1,2.68,NA
"Batman",37.8874,41.1322,1981,2,NA,59.36
"Batman",37.8874,41.1322,1981,2,4.38,NA
"Batman",37.8874,41.1322,1981,3,NA,100.75
"Batman",37.8874,41.1322,1981,3,8.62,NA
"Batman",37.8874,41.1322,1981,4,NA,46.8
"Batman",37.8874,41.1322,1981,4,11.66,NA
"Batman",37.8874,41.1322,1981,5,NA,41.54
"Batman",37.8874,41.1322,1981,5,16.09,NA
"Batman",37.8874,41.1322,1981,6,NA,21.6
"Batman",37.8874,41.1322,1981,6,24.7,NA
"Batman",37.8874,41.1322,1981,7,NA,3.41
"Batman",37.8874,41.1322,1981,7,31.07,NA
"Batman",37.8874,41.1322,1981,8,NA,4.34
"Batman",37.8874,41.1322,1981,8,29.77,NA
"Batman",37.8874,41.1322,1981,9,NA,0.9
"Batman",37.8874,41.1322,1981,9,25.61,NA
"Batman",37.8874,41.1322,1981,10,NA,17.98
"Batman",37.8874,41.1322,1981,10,18.83,NA
"Batman",37.8874,41.1322,1981,11,NA,61.2
"Batman",37.8874,41.1322,1981,11,7.53,NA
"Batman",37.8874,41.1322,1981,12,NA,57.04
"Batman",37.8874,41.1322,1981,12,5.64,NA
"Batman",37.8874,41.1322,1982,1,NA,48.05
"Batman",37.8874,41.1322,1982,1,1.89,NA
"Batman",37.8874,41.1322,1982,2,NA,41.72
"Batman",37.8874,41.1322,1982,2,0.95,NA
"Batman",37.8874,41.1322,1982,3,NA,87.73
"Batman",37.8874,41.1322,1982,3,5.95,NA
"Batman",37.8874,41.1322,1982,4,NA,113.1
"Batman",37.8874,41.1322,1982,4,13.72,NA
"Batman",37.8874,41.1322,1982,5,NA,98.27
"Batman",37.8874,41.1322,1982,5,18.6,NA
"Batman",37.8874,41.1322,1982,6,NA,33.3
"Batman",37.8874,41.1322,1982,6,23.48,NA
"Batman",37.8874,41.1322,1982,7,NA,4.34
"Batman",37.8874,41.1322,1982,7,28.14,NA
"Batman",37.8874,41.1322,1982,8,NA,0
"Batman",37.8874,41.1322,1982,8,28.52,NA
"Batman",37.8874,41.1322,1982,9,NA,4.5
"Batman",37.8874,41.1322,1982,9,25.3,NA
"Batman",37.8874,41.1322,1982,10,NA,22.01
"Batman",37.8874,41.1322,1982,10,16.01,NA
"Batman",37.8874,41.1322,1982,11,NA,35.4
"Batman",37.8874,41.1322,1982,11,7,NA
"Batman",37.8874,41.1322,1982,12,NA,44.02
"Batman",37.8874,41.1322,1982,12,1.2,NA
"Batman",37.8874,41.1322,1983,1,NA,65.1
"Batman",37.8874,41.1322,1983,1,-2.49,NA
"Batman",37.8874,41.1322,1983,2,NA,67.48
"Batman",37.8874,41.1322,1983,2,1.32,NA
"Batman",37.8874,41.1322,1983,3,NA,38.75
"Batman",37.8874,41.1322,1983,3,6.81,NA
"Batman",37.8874,41.1322,1983,4,NA,26.4
"Batman",37.8874,41.1322,1983,4,13.17,NA
"Batman",37.8874,41.1322,1983,5,NA,59.83
"Batman",37.8874,41.1322,1983,5,19.53,NA
"Batman",37.8874,41.1322,1983,6,NA,14.7
"Batman",37.8874,41.1322,1983,6,24.85,NA
"Batman",37.8874,41.1322,1983,7,NA,2.79
"Batman",37.8874,41.1322,1983,7,29.45,NA
"Batman",37.8874,41.1322,1983,8,NA,1.86
"Batman",37.8874,41.1322,1983,8,28.09,NA
"Batman",37.8874,41.1322,1983,9,NA,2.1
"Batman",37.8874,41.1322,1983,9,24.61,NA
"Batman",37.8874,41.1322,1983,10,NA,9.61
"Batman",37.8874,41.1322,1983,10,17.04,NA
"Batman",37.8874,41.1322,1983,11,NA,83.1
"Batman",37.8874,41.1322,1983,11,10.57,NA
"Batman",37.8874,41.1322,1983,12,NA,27.9
"Batman",37.8874,41.1322,1983,12,4.95,NA
"Batman",37.8874,41.1322,1984,1,NA,35.34
"Batman",37.8874,41.1322,1984,1,3.75,NA
"Batman",37.8874,41.1322,1984,2,NA,21.46
"Batman",37.8874,41.1322,1984,2,4.81,NA
"Batman",37.8874,41.1322,1984,3,NA,66.34
"Batman",37.8874,41.1322,1984,3,8.54,NA
"Batman",37.8874,41.1322,1984,4,NA,32.1
"Batman",37.8874,41.1322,1984,4,12.91,NA
"Batman",37.8874,41.1322,1984,5,NA,25.11
"Batman",37.8874,41.1322,1984,5,18.62,NA
"Batman",37.8874,41.1322,1984,6,NA,0.6
"Batman",37.8874,41.1322,1984,6,26.95,NA
"Batman",37.8874,41.1322,1984,7,NA,0.93
"Batman",37.8874,41.1322,1984,7,30.95,NA
"Batman",37.8874,41.1322,1984,8,NA,0.62
"Batman",37.8874,41.1322,1984,8,27.77,NA
"Batman",37.8874,41.1322,1984,9,NA,0
"Batman",37.8874,41.1322,1984,9,26.08,NA
"Batman",37.8874,41.1322,1984,10,NA,38.13
"Batman",37.8874,41.1322,1984,10,17.55,NA
"Batman",37.8874,41.1322,1984,11,NA,74.7
"Batman",37.8874,41.1322,1984,11,9.01,NA
"Batman",37.8874,41.1322,1984,12,NA,27.28
"Batman",37.8874,41.1322,1984,12,2.69,NA
"Batman",37.8874,41.1322,1985,1,NA,58.9
"Batman",37.8874,41.1322,1985,1,3.62,NA
"Batman",37.8874,41.1322,1985,2,NA,101.08
"Batman",37.8874,41.1322,1985,2,-0.02,NA
"Batman",37.8874,41.1322,1985,3,NA,44.02
"Batman",37.8874,41.1322,1985,3,5.41,NA
"Batman",37.8874,41.1322,1985,4,NA,93.6
"Batman",37.8874,41.1322,1985,4,13.97,NA
"Batman",37.8874,41.1322,1985,5,NA,16.12
"Batman",37.8874,41.1322,1985,5,20.98,NA
"Batman",37.8874,41.1322,1985,6,NA,1.5
"Batman",37.8874,41.1322,1985,6,26.17,NA
"Batman",37.8874,41.1322,1985,7,NA,0.31
"Batman",37.8874,41.1322,1985,7,29.08,NA
"Batman",37.8874,41.1322,1985,8,NA,0.31
"Batman",37.8874,41.1322,1985,8,30.67,NA
"Batman",37.8874,41.1322,1985,9,NA,0.3
"Batman",37.8874,41.1322,1985,9,24.77,NA
"Batman",37.8874,41.1322,1985,10,NA,23.87
"Batman",37.8874,41.1322,1985,10,15.99,NA
"Batman",37.8874,41.1322,1985,11,NA,68.7
"Batman",37.8874,41.1322,1985,11,12.2,NA
"Batman",37.8874,41.1322,1985,12,NA,52.08
"Batman",37.8874,41.1322,1985,12,3.86,NA
"Batman",37.8874,41.1322,1986,1,NA,36.58
"Batman",37.8874,41.1322,1986,1,2.49,NA
"Batman",37.8874,41.1322,1986,2,NA,98.84
"Batman",37.8874,41.1322,1986,2,4.49,NA
"Batman",37.8874,41.1322,1986,3,NA,38.44
"Batman",37.8874,41.1322,1986,3,8.98,NA
"Batman",37.8874,41.1322,1986,4,NA,36.3
"Batman",37.8874,41.1322,1986,4,15.05,NA
"Batman",37.8874,41.1322,1986,5,NA,93.62
"Batman",37.8874,41.1322,1986,5,16.64,NA
"Batman",37.8874,41.1322,1986,6,NA,5.4
"Batman",37.8874,41.1322,1986,6,24.5,NA
"Batman",37.8874,41.1322,1986,7,NA,0.31
"Batman",37.8874,41.1322,1986,7,31.54,NA
"Batman",37.8874,41.1322,1986,8,NA,1.86
"Batman",37.8874,41.1322,1986,8,30.91,NA
"Batman",37.8874,41.1322,1986,9,NA,2.7
"Batman",37.8874,41.1322,1986,9,27.19,NA
"Batman",37.8874,41.1322,1986,10,NA,22.63
"Batman",37.8874,41.1322,1986,10,18.22,NA
"Batman",37.8874,41.1322,1986,11,NA,48.6
"Batman",37.8874,41.1322,1986,11,8.01,NA
"Batman",37.8874,41.1322,1986,12,NA,23.56
"Batman",37.8874,41.1322,1986,12,2.59,NA
"Batman",37.8874,41.1322,1987,1,NA,63.55
"Batman",37.8874,41.1322,1987,1,2.88,NA
"Batman",37.8874,41.1322,1987,2,NA,31.36
"Batman",37.8874,41.1322,1987,2,6.16,NA
"Batman",37.8874,41.1322,1987,3,NA,89.59
"Batman",37.8874,41.1322,1987,3,4.67,NA
"Batman",37.8874,41.1322,1987,4,NA,13.8
"Batman",37.8874,41.1322,1987,4,11.65,NA
"Batman",37.8874,41.1322,1987,5,NA,4.03
"Batman",37.8874,41.1322,1987,5,20.33,NA
"Batman",37.8874,41.1322,1987,6,NA,3.3
"Batman",37.8874,41.1322,1987,6,26.34,NA
"Batman",37.8874,41.1322,1987,7,NA,1.24
"Batman",37.8874,41.1322,1987,7,30.84,NA
"Batman",37.8874,41.1322,1987,8,NA,0.62
"Batman",37.8874,41.1322,1987,8,29.07,NA
"Batman",37.8874,41.1322,1987,9,NA,0.9
"Batman",37.8874,41.1322,1987,9,25.11,NA
"Batman",37.8874,41.1322,1987,10,NA,103.85
"Batman",37.8874,41.1322,1987,10,15.55,NA
"Batman",37.8874,41.1322,1987,11,NA,29.1
"Batman",37.8874,41.1322,1987,11,8.27,NA
"Batman",37.8874,41.1322,1987,12,NA,132.99
"Batman",37.8874,41.1322,1987,12,3.28,NA
"Batman",37.8874,41.1322,1988,1,NA,78.74
"Batman",37.8874,41.1322,1988,1,0.42,NA
"Batman",37.8874,41.1322,1988,2,NA,42.34
"Batman",37.8874,41.1322,1988,2,2.88,NA
"Batman",37.8874,41.1322,1988,3,NA,60.45
"Batman",37.8874,41.1322,1988,3,6.36,NA
"Batman",37.8874,41.1322,1988,4,NA,94.2
"Batman",37.8874,41.1322,1988,4,12.66,NA
"Batman",37.8874,41.1322,1988,5,NA,22.32
"Batman",37.8874,41.1322,1988,5,18.76,NA
"Batman",37.8874,41.1322,1988,6,NA,10.2
"Batman",37.8874,41.1322,1988,6,24.51,NA
"Batman",37.8874,41.1322,1988,7,NA,2.17
"Batman",37.8874,41.1322,1988,7,30.5,NA
"Batman",37.8874,41.1322,1988,8,NA,3.72
"Batman",37.8874,41.1322,1988,8,29.85,NA
"Batman",37.8874,41.1322,1988,9,NA,1.8
"Batman",37.8874,41.1322,1988,9,24.38,NA
"Batman",37.8874,41.1322,1988,10,NA,66.03
"Batman",37.8874,41.1322,1988,10,17.14,NA
"Batman",37.8874,41.1322,1988,11,NA,36.9
"Batman",37.8874,41.1322,1988,11,6.08,NA
"Batman",37.8874,41.1322,1988,12,NA,63.24
"Batman",37.8874,41.1322,1988,12,2.96,NA
"Batman",37.8874,41.1322,1989,1,NA,3.72
"Batman",37.8874,41.1322,1989,1,-1.81,NA
"Batman",37.8874,41.1322,1989,2,NA,22.96
"Batman",37.8874,41.1322,1989,2,2.37,NA
"Batman",37.8874,41.1322,1989,3,NA,68.82
"Batman",37.8874,41.1322,1989,3,9.45,NA
"Batman",37.8874,41.1322,1989,4,NA,5.1
"Batman",37.8874,41.1322,1989,4,17.95,NA
"Batman",37.8874,41.1322,1989,5,NA,7.13
"Batman",37.8874,41.1322,1989,5,21.3,NA
"Batman",37.8874,41.1322,1989,6,NA,2.7
"Batman",37.8874,41.1322,1989,6,26.71,NA
"Batman",37.8874,41.1322,1989,7,NA,0.31
"Batman",37.8874,41.1322,1989,7,31.26,NA
"Batman",37.8874,41.1322,1989,8,NA,1.86
"Batman",37.8874,41.1322,1989,8,29.7,NA
"Batman",37.8874,41.1322,1989,9,NA,2.4
"Batman",37.8874,41.1322,1989,9,23.67,NA
"Batman",37.8874,41.1322,1989,10,NA,39.06
"Batman",37.8874,41.1322,1989,10,16.31,NA
"Batman",37.8874,41.1322,1989,11,NA,69.6
"Batman",37.8874,41.1322,1989,11,8.4,NA
"Batman",37.8874,41.1322,1989,12,NA,31.93
"Batman",37.8874,41.1322,1989,12,3.49,NA
"Batman",37.8874,41.1322,1990,1,NA,53.01
"Batman",37.8874,41.1322,1990,1,-0.03,NA
"Batman",37.8874,41.1322,1990,2,NA,88.2
"Batman",37.8874,41.1322,1990,2,2.55,NA
"Batman",37.8874,41.1322,1990,3,NA,17.05
"Batman",37.8874,41.1322,1990,3,8.66,NA
"Batman",37.8874,41.1322,1990,4,NA,77.1
"Batman",37.8874,41.1322,1990,4,12.31,NA
"Batman",37.8874,41.1322,1990,5,NA,4.03
"Batman",37.8874,41.1322,1990,5,19.69,NA
"Batman",37.8874,41.1322,1990,6,NA,17.7
"Batman",37.8874,41.1322,1990,6,26.01,NA
"Batman",37.8874,41.1322,1990,7,NA,0.31
"Batman",37.8874,41.1322,1990,7,31.59,NA
"Batman",37.8874,41.1322,1990,8,NA,0
"Batman",37.8874,41.1322,1990,8,29.32,NA
"Batman",37.8874,41.1322,1990,9,NA,0.9
"Batman",37.8874,41.1322,1990,9,24.53,NA
"Batman",37.8874,41.1322,1990,10,NA,4.65
"Batman",37.8874,41.1322,1990,10,18.11,NA
"Batman",37.8874,41.1322,1990,11,NA,26.7
"Batman",37.8874,41.1322,1990,11,11.78,NA
"Batman",37.8874,41.1322,1990,12,NA,33.79
"Batman",37.8874,41.1322,1990,12,5.3,NA
"Batman",37.8874,41.1322,1991,1,NA,56.11
"Batman",37.8874,41.1322,1991,1,2.18,NA
"Batman",37.8874,41.1322,1991,2,NA,61.04
"Batman",37.8874,41.1322,1991,2,1.42,NA
"Batman",37.8874,41.1322,1991,3,NA,122.45
"Batman",37.8874,41.1322,1991,3,8.55,NA
"Batman",37.8874,41.1322,1991,4,NA,29.7
"Batman",37.8874,41.1322,1991,4,13.95,NA
"Batman",37.8874,41.1322,1991,5,NA,45.26
"Batman",37.8874,41.1322,1991,5,17.37,NA
"Batman",37.8874,41.1322,1991,6,NA,4.5
"Batman",37.8874,41.1322,1991,6,26.58,NA
"Batman",37.8874,41.1322,1991,7,NA,0.93
"Batman",37.8874,41.1322,1991,7,31.03,NA
"Batman",37.8874,41.1322,1991,8,NA,0.31
"Batman",37.8874,41.1322,1991,8,30.68,NA
"Batman",37.8874,41.1322,1991,9,NA,0.6
"Batman",37.8874,41.1322,1991,9,24.49,NA
"Batman",37.8874,41.1322,1991,10,NA,35.34
"Batman",37.8874,41.1322,1991,10,18.23,NA
"Batman",37.8874,41.1322,1991,11,NA,49.5
"Batman",37.8874,41.1322,1991,11,10.02,NA
"Batman",37.8874,41.1322,1991,12,NA,115.01
"Batman",37.8874,41.1322,1991,12,1.82,NA
"Batman",37.8874,41.1322,1992,1,NA,59.21
"Batman",37.8874,41.1322,1992,1,-2.52,NA
"Batman",37.8874,41.1322,1992,2,NA,120.93
"Batman",37.8874,41.1322,1992,2,-2.65,NA
"Batman",37.8874,41.1322,1992,3,NA,20.77
"Batman",37.8874,41.1322,1992,3,3.64,NA
"Batman",37.8874,41.1322,1992,4,NA,25.5
"Batman",37.8874,41.1322,1992,4,11.9,NA
"Batman",37.8874,41.1322,1992,5,NA,55.49
"Batman",37.8874,41.1322,1992,5,17.06,NA
"Batman",37.8874,41.1322,1992,6,NA,27.3
"Batman",37.8874,41.1322,1992,6,23.1,NA
"Batman",37.8874,41.1322,1992,7,NA,0.93
"Batman",37.8874,41.1322,1992,7,28.05,NA
"Batman",37.8874,41.1322,1992,8,NA,0.31
"Batman",37.8874,41.1322,1992,8,29.24,NA
"Batman",37.8874,41.1322,1992,9,NA,3.3
"Batman",37.8874,41.1322,1992,9,23.68,NA
"Batman",37.8874,41.1322,1992,10,NA,2.48
"Batman",37.8874,41.1322,1992,10,18.35,NA
"Batman",37.8874,41.1322,1992,11,NA,76.5
"Batman",37.8874,41.1322,1992,11,7.56,NA
"Batman",37.8874,41.1322,1992,12,NA,35.34
"Batman",37.8874,41.1322,1992,12,0.74,NA
"Batman",37.8874,41.1322,1993,1,NA,53.32
"Batman",37.8874,41.1322,1993,1,-0.22,NA
"Batman",37.8874,41.1322,1993,2,NA,78.4
"Batman",37.8874,41.1322,1993,2,0.88,NA
"Batman",37.8874,41.1322,1993,3,NA,48.98
"Batman",37.8874,41.1322,1993,3,6.28,NA
"Batman",37.8874,41.1322,1993,4,NA,60.9
"Batman",37.8874,41.1322,1993,4,12.42,NA
"Batman",37.8874,41.1322,1993,5,NA,96.72
"Batman",37.8874,41.1322,1993,5,16.46,NA
"Batman",37.8874,41.1322,1993,6,NA,8.7
"Batman",37.8874,41.1322,1993,6,23.62,NA
"Batman",37.8874,41.1322,1993,7,NA,0.62
"Batman",37.8874,41.1322,1993,7,30.57,NA
"Batman",37.8874,41.1322,1993,8,NA,2.17
"Batman",37.8874,41.1322,1993,8,29.89,NA
"Batman",37.8874,41.1322,1993,9,NA,0.3
"Batman",37.8874,41.1322,1993,9,25.77,NA
"Batman",37.8874,41.1322,1993,10,NA,19.53
"Batman",37.8874,41.1322,1993,10,19.11,NA
"Batman",37.8874,41.1322,1993,11,NA,75.6
"Batman",37.8874,41.1322,1993,11,6.69,NA
"Batman",37.8874,41.1322,1993,12,NA,8.37
"Batman",37.8874,41.1322,1993,12,5.55,NA
"Batman",37.8874,41.1322,1994,1,NA,124.93
"Batman",37.8874,41.1322,1994,1,4.81,NA
"Batman",37.8874,41.1322,1994,2,NA,47.88
"Batman",37.8874,41.1322,1994,2,3.64,NA
"Batman",37.8874,41.1322,1994,3,NA,57.66
"Batman",37.8874,41.1322,1994,3,8.77,NA
"Batman",37.8874,41.1322,1994,4,NA,43.8
"Batman",37.8874,41.1322,1994,4,16.19,NA
"Batman",37.8874,41.1322,1994,5,NA,35.34
"Batman",37.8874,41.1322,1994,5,20.06,NA
"Batman",37.8874,41.1322,1994,6,NA,3.6
"Batman",37.8874,41.1322,1994,6,26.55,NA
"Batman",37.8874,41.1322,1994,7,NA,0.93
"Batman",37.8874,41.1322,1994,7,31.33,NA
"Batman",37.8874,41.1322,1994,8,NA,0.62
"Batman",37.8874,41.1322,1994,8,29.88,NA
"Batman",37.8874,41.1322,1994,9,NA,3.9
"Batman",37.8874,41.1322,1994,9,26.36,NA
"Batman",37.8874,41.1322,1994,10,NA,38.13
"Batman",37.8874,41.1322,1994,10,18.97,NA
"Batman",37.8874,41.1322,1994,11,NA,91.2
"Batman",37.8874,41.1322,1994,11,9.03,NA
"Batman",37.8874,41.1322,1994,12,NA,93.31
"Batman",37.8874,41.1322,1994,12,-1.36,NA
"Batman",37.8874,41.1322,1995,1,NA,73.47
"Batman",37.8874,41.1322,1995,1,3,NA
"Batman",37.8874,41.1322,1995,2,NA,49.28
"Batman",37.8874,41.1322,1995,2,5.32,NA
"Batman",37.8874,41.1322,1995,3,NA,47.43
"Batman",37.8874,41.1322,1995,3,8.96,NA
"Batman",37.8874,41.1322,1995,4,NA,72.9
"Batman",37.8874,41.1322,1995,4,12.4,NA
"Batman",37.8874,41.1322,1995,5,NA,13.02
"Batman",37.8874,41.1322,1995,5,20.41,NA
"Batman",37.8874,41.1322,1995,6,NA,22.8
"Batman",37.8874,41.1322,1995,6,25.73,NA
"Batman",37.8874,41.1322,1995,7,NA,0.93
"Batman",37.8874,41.1322,1995,7,29.7,NA
"Batman",37.8874,41.1322,1995,8,NA,1.24
"Batman",37.8874,41.1322,1995,8,30.24,NA
"Batman",37.8874,41.1322,1995,9,NA,9.9
"Batman",37.8874,41.1322,1995,9,24.65,NA
"Batman",37.8874,41.1322,1995,10,NA,10.85
"Batman",37.8874,41.1322,1995,10,16.75,NA
"Batman",37.8874,41.1322,1995,11,NA,38.4
"Batman",37.8874,41.1322,1995,11,8.19,NA
"Batman",37.8874,41.1322,1995,12,NA,1.86
"Batman",37.8874,41.1322,1995,12,3.42,NA
"Batman",37.8874,41.1322,1996,1,NA,128.03
"Batman",37.8874,41.1322,1996,1,2.48,NA
"Batman",37.8874,41.1322,1996,2,NA,50.46
"Batman",37.8874,41.1322,1996,2,4.64,NA
"Batman",37.8874,41.1322,1996,3,NA,165.54
"Batman",37.8874,41.1322,1996,3,6.93,NA
"Batman",37.8874,41.1322,1996,4,NA,64.2
"Batman",37.8874,41.1322,1996,4,11.51,NA
"Batman",37.8874,41.1322,1996,5,NA,9.61
"Batman",37.8874,41.1322,1996,5,20.89,NA
"Batman",37.8874,41.1322,1996,6,NA,1.5
"Batman",37.8874,41.1322,1996,6,24.98,NA
"Batman",37.8874,41.1322,1996,7,NA,2.48
"Batman",37.8874,41.1322,1996,7,32.17,NA
"Batman",37.8874,41.1322,1996,8,NA,3.41
"Batman",37.8874,41.1322,1996,8,30.12,NA
"Batman",37.8874,41.1322,1996,9,NA,14.4
"Batman",37.8874,41.1322,1996,9,23.43,NA
"Batman",37.8874,41.1322,1996,10,NA,25.11
"Batman",37.8874,41.1322,1996,10,16.43,NA
"Batman",37.8874,41.1322,1996,11,NA,5.4
"Batman",37.8874,41.1322,1996,11,10.85,NA
"Batman",37.8874,41.1322,1996,12,NA,103.54
"Batman",37.8874,41.1322,1996,12,6.24,NA
"Batman",37.8874,41.1322,1997,1,NA,20.15
"Batman",37.8874,41.1322,1997,1,3.4,NA
"Batman",37.8874,41.1322,1997,2,NA,39.76
"Batman",37.8874,41.1322,1997,2,1.48,NA
"Batman",37.8874,41.1322,1997,3,NA,44.95
"Batman",37.8874,41.1322,1997,3,4.79,NA
"Batman",37.8874,41.1322,1997,4,NA,37.2
"Batman",37.8874,41.1322,1997,4,11.41,NA
"Batman",37.8874,41.1322,1997,5,NA,13.95
"Batman",37.8874,41.1322,1997,5,20.52,NA
"Batman",37.8874,41.1322,1997,6,NA,7.2
"Batman",37.8874,41.1322,1997,6,26.38,NA
"Batman",37.8874,41.1322,1997,7,NA,2.17
"Batman",37.8874,41.1322,1997,7,29.2,NA
"Batman",37.8874,41.1322,1997,8,NA,0.31
"Batman",37.8874,41.1322,1997,8,28.62,NA
"Batman",37.8874,41.1322,1997,9,NA,16.2
"Batman",37.8874,41.1322,1997,9,22.67,NA
"Batman",37.8874,41.1322,1997,10,NA,59.52
"Batman",37.8874,41.1322,1997,10,17.19,NA
"Batman",37.8874,41.1322,1997,11,NA,42.9
"Batman",37.8874,41.1322,1997,11,10.1,NA
"Batman",37.8874,41.1322,1997,12,NA,78.43
"Batman",37.8874,41.1322,1997,12,3.87,NA
"Batman",37.8874,41.1322,1998,1,NA,64.17
"Batman",37.8874,41.1322,1998,1,-0.01,NA
"Batman",37.8874,41.1322,1998,2,NA,42
"Batman",37.8874,41.1322,1998,2,0.67,NA
"Batman",37.8874,41.1322,1998,3,NA,87.11
"Batman",37.8874,41.1322,1998,3,6.98,NA
"Batman",37.8874,41.1322,1998,4,NA,80.4
"Batman",37.8874,41.1322,1998,4,14.13,NA
"Batman",37.8874,41.1322,1998,5,NA,77.19
"Batman",37.8874,41.1322,1998,5,18.93,NA
"Batman",37.8874,41.1322,1998,6,NA,10.8
"Batman",37.8874,41.1322,1998,6,26.8,NA
"Batman",37.8874,41.1322,1998,7,NA,7.44
"Batman",37.8874,41.1322,1998,7,31.55,NA
"Batman",37.8874,41.1322,1998,8,NA,0.31
"Batman",37.8874,41.1322,1998,8,31.26,NA
"Batman",37.8874,41.1322,1998,9,NA,6.6
"Batman",37.8874,41.1322,1998,9,24.94,NA
"Batman",37.8874,41.1322,1998,10,NA,0.93
"Batman",37.8874,41.1322,1998,10,18.82,NA
"Batman",37.8874,41.1322,1998,11,NA,23.7
"Batman",37.8874,41.1322,1998,11,13.32,NA
"Batman",37.8874,41.1322,1998,12,NA,93
"Batman",37.8874,41.1322,1998,12,6.04,NA
"Batman",37.8874,41.1322,1999,1,NA,24.8
"Batman",37.8874,41.1322,1999,1,4.05,NA
"Batman",37.8874,41.1322,1999,2,NA,75.32
"Batman",37.8874,41.1322,1999,2,4.47,NA
"Batman",37.8874,41.1322,1999,3,NA,115.32
"Batman",37.8874,41.1322,1999,3,8.21,NA
"Batman",37.8874,41.1322,1999,4,NA,75.9
"Batman",37.8874,41.1322,1999,4,13.66,NA
"Batman",37.8874,41.1322,1999,5,NA,13.02
"Batman",37.8874,41.1322,1999,5,20.58,NA
"Batman",37.8874,41.1322,1999,6,NA,5.7
"Batman",37.8874,41.1322,1999,6,27.12,NA
"Batman",37.8874,41.1322,1999,7,NA,3.1
"Batman",37.8874,41.1322,1999,7,31.12,NA
"Batman",37.8874,41.1322,1999,8,NA,2.17
"Batman",37.8874,41.1322,1999,8,30.88,NA
"Batman",37.8874,41.1322,1999,9,NA,7.8
"Batman",37.8874,41.1322,1999,9,24.37,NA
"Batman",37.8874,41.1322,1999,10,NA,14.88
"Batman",37.8874,41.1322,1999,10,18.11,NA
"Batman",37.8874,41.1322,1999,11,NA,8.7
"Batman",37.8874,41.1322,1999,11,9.25,NA
"Batman",37.8874,41.1322,1999,12,NA,56.42
"Batman",37.8874,41.1322,1999,12,5.73,NA
"Batman",37.8874,41.1322,2000,1,NA,95.48
"Batman",37.8874,41.1322,2000,1,-0.22,NA
"Batman",37.8874,41.1322,2000,2,NA,66.12
"Batman",37.8874,41.1322,2000,2,1.61,NA
"Batman",37.8874,41.1322,2000,3,NA,59.52
"Batman",37.8874,41.1322,2000,3,5.66,NA
"Batman",37.8874,41.1322,2000,4,NA,51.3
"Batman",37.8874,41.1322,2000,4,14.8,NA
"Batman",37.8874,41.1322,2000,5,NA,9.92
"Batman",37.8874,41.1322,2000,5,19.81,NA
"Batman",37.8874,41.1322,2000,6,NA,0
"Batman",37.8874,41.1322,2000,6,26.69,NA
"Batman",37.8874,41.1322,2000,7,NA,0
"Batman",37.8874,41.1322,2000,7,33.08,NA
"Batman",37.8874,41.1322,2000,8,NA,6.82
"Batman",37.8874,41.1322,2000,8,29.6,NA
"Batman",37.8874,41.1322,2000,9,NA,3
"Batman",37.8874,41.1322,2000,9,24.37,NA
"Batman",37.8874,41.1322,2000,10,NA,34.41
"Batman",37.8874,41.1322,2000,10,16.78,NA
"Batman",37.8874,41.1322,2000,11,NA,19.2
"Batman",37.8874,41.1322,2000,11,9.8,NA
"Batman",37.8874,41.1322,2000,12,NA,117.8
"Batman",37.8874,41.1322,2000,12,3.14,NA
"Batman",37.8874,41.1322,2001,1,NA,20.77
"Batman",37.8874,41.1322,2001,1,3.13,NA
"Batman",37.8874,41.1322,2001,2,NA,86.52
"Batman",37.8874,41.1322,2001,2,4.02,NA
"Batman",37.8874,41.1322,2001,3,NA,105.09
"Batman",37.8874,41.1322,2001,3,11.39,NA
"Batman",37.8874,41.1322,2001,4,NA,71.1
"Batman",37.8874,41.1322,2001,4,14.13,NA
"Batman",37.8874,41.1322,2001,5,NA,108.19
"Batman",37.8874,41.1322,2001,5,16.92,NA
"Batman",37.8874,41.1322,2001,6,NA,4.2
"Batman",37.8874,41.1322,2001,6,25.17,NA
"Batman",37.8874,41.1322,2001,7,NA,1.24
"Batman",37.8874,41.1322,2001,7,31.28,NA
"Batman",37.8874,41.1322,2001,8,NA,0.93
"Batman",37.8874,41.1322,2001,8,30.47,NA
"Batman",37.8874,41.1322,2001,9,NA,9.3
"Batman",37.8874,41.1322,2001,9,25.59,NA
"Batman",37.8874,41.1322,2001,10,NA,38.13
"Batman",37.8874,41.1322,2001,10,17.25,NA
"Batman",37.8874,41.1322,2001,11,NA,36.9
"Batman",37.8874,41.1322,2001,11,7.79,NA
"Batman",37.8874,41.1322,2001,12,NA,179.8
"Batman",37.8874,41.1322,2001,12,3.44,NA
"Batman",37.8874,41.1322,2002,1,NA,57.35
"Batman",37.8874,41.1322,2002,1,-0.36,NA
"Batman",37.8874,41.1322,2002,2,NA,54.6
"Batman",37.8874,41.1322,2002,2,4.69,NA
"Batman",37.8874,41.1322,2002,3,NA,96.72
"Batman",37.8874,41.1322,2002,3,8.75,NA
"Batman",37.8874,41.1322,2002,4,NA,105.3
"Batman",37.8874,41.1322,2002,4,11.61,NA
"Batman",37.8874,41.1322,2002,5,NA,30.07
"Batman",37.8874,41.1322,2002,5,18.38,NA
"Batman",37.8874,41.1322,2002,6,NA,3
"Batman",37.8874,41.1322,2002,6,24.97,NA
"Batman",37.8874,41.1322,2002,7,NA,6.2
"Batman",37.8874,41.1322,2002,7,30.42,NA
"Batman",37.8874,41.1322,2002,8,NA,0.31
"Batman",37.8874,41.1322,2002,8,28.94,NA
"Batman",37.8874,41.1322,2002,9,NA,6.3
"Batman",37.8874,41.1322,2002,9,25.18,NA
"Batman",37.8874,41.1322,2002,10,NA,22.94
"Batman",37.8874,41.1322,2002,10,19.09,NA
"Batman",37.8874,41.1322,2002,11,NA,45
"Batman",37.8874,41.1322,2002,11,11.18,NA
"Batman",37.8874,41.1322,2002,12,NA,108.5
"Batman",37.8874,41.1322,2002,12,-0.91,NA
"Batman",37.8874,41.1322,2003,1,NA,75.33
"Batman",37.8874,41.1322,2003,1,1.58,NA
"Batman",37.8874,41.1322,2003,2,NA,196
"Batman",37.8874,41.1322,2003,2,0.84,NA
"Batman",37.8874,41.1322,2003,3,NA,130.51
"Batman",37.8874,41.1322,2003,3,4.35,NA
"Batman",37.8874,41.1322,2003,4,NA,94.8
"Batman",37.8874,41.1322,2003,4,12.44,NA
"Batman",37.8874,41.1322,2003,5,NA,15.19
"Batman",37.8874,41.1322,2003,5,20,NA
"Batman",37.8874,41.1322,2003,6,NA,23.7
"Batman",37.8874,41.1322,2003,6,25.18,NA
"Batman",37.8874,41.1322,2003,7,NA,2.48
"Batman",37.8874,41.1322,2003,7,30.33,NA
"Batman",37.8874,41.1322,2003,8,NA,0.31
"Batman",37.8874,41.1322,2003,8,31.05,NA
"Batman",37.8874,41.1322,2003,9,NA,5.7
"Batman",37.8874,41.1322,2003,9,24.48,NA
"Batman",37.8874,41.1322,2003,10,NA,43.09
"Batman",37.8874,41.1322,2003,10,19.21,NA
"Batman",37.8874,41.1322,2003,11,NA,71.7
"Batman",37.8874,41.1322,2003,11,9.09,NA
"Batman",37.8874,41.1322,2003,12,NA,103.85
"Batman",37.8874,41.1322,2003,12,3.21,NA
"Batman",37.8874,41.1322,2004,1,NA,123.07
"Batman",37.8874,41.1322,2004,1,2.16,NA
"Batman",37.8874,41.1322,2004,2,NA,116
"Batman",37.8874,41.1322,2004,2,1.79,NA
"Batman",37.8874,41.1322,2004,3,NA,21.08
"Batman",37.8874,41.1322,2004,3,9.61,NA
"Batman",37.8874,41.1322,2004,4,NA,77.7
"Batman",37.8874,41.1322,2004,4,12.64,NA
"Batman",37.8874,41.1322,2004,5,NA,88.04
"Batman",37.8874,41.1322,2004,5,18.12,NA
"Batman",37.8874,41.1322,2004,6,NA,6
"Batman",37.8874,41.1322,2004,6,25.25,NA
"Batman",37.8874,41.1322,2004,7,NA,0.31
"Batman",37.8874,41.1322,2004,7,30.18,NA
"Batman",37.8874,41.1322,2004,8,NA,0
"Batman",37.8874,41.1322,2004,8,30.18,NA
"Batman",37.8874,41.1322,2004,9,NA,0
"Batman",37.8874,41.1322,2004,9,26.08,NA
"Batman",37.8874,41.1322,2004,10,NA,13.02
"Batman",37.8874,41.1322,2004,10,19.33,NA
"Batman",37.8874,41.1322,2004,11,NA,161.7
"Batman",37.8874,41.1322,2004,11,8.08,NA
"Batman",37.8874,41.1322,2004,12,NA,15.81
"Batman",37.8874,41.1322,2004,12,-0.26,NA
"Batman",37.8874,41.1322,2005,1,NA,85.56
"Batman",37.8874,41.1322,2005,1,0.75,NA
"Batman",37.8874,41.1322,2005,2,NA,61.88
"Batman",37.8874,41.1322,2005,2,2.66,NA
"Batman",37.8874,41.1322,2005,3,NA,84.01
"Batman",37.8874,41.1322,2005,3,7.04,NA
"Batman",37.8874,41.1322,2005,4,NA,43.8
"Batman",37.8874,41.1322,2005,4,14.34,NA
"Batman",37.8874,41.1322,2005,5,NA,26.97
"Batman",37.8874,41.1322,2005,5,19.85,NA
"Batman",37.8874,41.1322,2005,6,NA,23.4
"Batman",37.8874,41.1322,2005,6,24.92,NA
"Batman",37.8874,41.1322,2005,7,NA,0
"Batman",37.8874,41.1322,2005,7,32.02,NA
"Batman",37.8874,41.1322,2005,8,NA,3.72
"Batman",37.8874,41.1322,2005,8,31.28,NA
"Batman",37.8874,41.1322,2005,9,NA,3.3
"Batman",37.8874,41.1322,2005,9,24.75,NA
"Batman",37.8874,41.1322,2005,10,NA,29.45
"Batman",37.8874,41.1322,2005,10,16.97,NA
"Batman",37.8874,41.1322,2005,11,NA,45
"Batman",37.8874,41.1322,2005,11,9.28,NA
"Batman",37.8874,41.1322,2005,12,NA,98.89
"Batman",37.8874,41.1322,2005,12,5.79,NA
"Batman",37.8874,41.1322,2006,1,NA,112.84
"Batman",37.8874,41.1322,2006,1,-0.62,NA
"Batman",37.8874,41.1322,2006,2,NA,115.92
"Batman",37.8874,41.1322,2006,2,2.76,NA
"Batman",37.8874,41.1322,2006,3,NA,62
"Batman",37.8874,41.1322,2006,3,8.64,NA
"Batman",37.8874,41.1322,2006,4,NA,90.9
"Batman",37.8874,41.1322,2006,4,14.66,NA
"Batman",37.8874,41.1322,2006,5,NA,30.07
"Batman",37.8874,41.1322,2006,5,20,NA
"Batman",37.8874,41.1322,2006,6,NA,0.3
"Batman",37.8874,41.1322,2006,6,28.24,NA
"Batman",37.8874,41.1322,2006,7,NA,7.75
"Batman",37.8874,41.1322,2006,7,30.44,NA
"Batman",37.8874,41.1322,2006,8,NA,0
"Batman",37.8874,41.1322,2006,8,32.47,NA
"Batman",37.8874,41.1322,2006,9,NA,2.4
"Batman",37.8874,41.1322,2006,9,24.93,NA
"Batman",37.8874,41.1322,2006,10,NA,132.99
"Batman",37.8874,41.1322,2006,10,18.12,NA
"Batman",37.8874,41.1322,2006,11,NA,73.2
"Batman",37.8874,41.1322,2006,11,7.63,NA
"Batman",37.8874,41.1322,2006,12,NA,26.04
"Batman",37.8874,41.1322,2006,12,2.67,NA
"Batman",37.8874,41.1322,2007,1,NA,38.44
"Batman",37.8874,41.1322,2007,1,0.29,NA
"Batman",37.8874,41.1322,2007,2,NA,53.2
"Batman",37.8874,41.1322,2007,2,3.74,NA
"Batman",37.8874,41.1322,2007,3,NA,84.01
"Batman",37.8874,41.1322,2007,3,8.01,NA
"Batman",37.8874,41.1322,2007,4,NA,123.6
"Batman",37.8874,41.1322,2007,4,10.33,NA
"Batman",37.8874,41.1322,2007,5,NA,27.28
"Batman",37.8874,41.1322,2007,5,21.07,NA
"Batman",37.8874,41.1322,2007,6,NA,8.1
"Batman",37.8874,41.1322,2007,6,26.39,NA
"Batman",37.8874,41.1322,2007,7,NA,3.1
"Batman",37.8874,41.1322,2007,7,31.33,NA
"Batman",37.8874,41.1322,2007,8,NA,3.41
"Batman",37.8874,41.1322,2007,8,31.14,NA
"Batman",37.8874,41.1322,2007,9,NA,0
"Batman",37.8874,41.1322,2007,9,26.48,NA
"Batman",37.8874,41.1322,2007,10,NA,11.47
"Batman",37.8874,41.1322,2007,10,20.09,NA
"Batman",37.8874,41.1322,2007,11,NA,47.4
"Batman",37.8874,41.1322,2007,11,9.55,NA
"Batman",37.8874,41.1322,2007,12,NA,60.14
"Batman",37.8874,41.1322,2007,12,3.2,NA
"Batman",37.8874,41.1322,2008,1,NA,55.18
"Batman",37.8874,41.1322,2008,1,-0.74,NA
"Batman",37.8874,41.1322,2008,2,NA,52.78
"Batman",37.8874,41.1322,2008,2,1.81,NA
"Batman",37.8874,41.1322,2008,3,NA,34.41
"Batman",37.8874,41.1322,2008,3,11.6,NA
"Batman",37.8874,41.1322,2008,4,NA,24.9
"Batman",37.8874,41.1322,2008,4,16.74,NA
"Batman",37.8874,41.1322,2008,5,NA,36.89
"Batman",37.8874,41.1322,2008,5,19.07,NA
"Batman",37.8874,41.1322,2008,6,NA,4.8
"Batman",37.8874,41.1322,2008,6,26.88,NA
"Batman",37.8874,41.1322,2008,7,NA,0.62
"Batman",37.8874,41.1322,2008,7,30.75,NA
"Batman",37.8874,41.1322,2008,8,NA,4.03
"Batman",37.8874,41.1322,2008,8,31.7,NA
"Batman",37.8874,41.1322,2008,9,NA,43.8
"Batman",37.8874,41.1322,2008,9,24.9,NA
"Batman",37.8874,41.1322,2008,10,NA,36.89
"Batman",37.8874,41.1322,2008,10,17.45,NA
"Batman",37.8874,41.1322,2008,11,NA,37.5
"Batman",37.8874,41.1322,2008,11,10.25,NA
"Batman",37.8874,41.1322,2008,12,NA,58.59
"Batman",37.8874,41.1322,2008,12,3,NA
"Batman",37.8874,41.1322,2009,1,NA,26.04
"Batman",37.8874,41.1322,2009,1,0.88,NA
"Batman",37.8874,41.1322,2009,2,NA,102.2
"Batman",37.8874,41.1322,2009,2,5.01,NA
"Batman",37.8874,41.1322,2009,3,NA,94.24
"Batman",37.8874,41.1322,2009,3,6.81,NA
"Batman",37.8874,41.1322,2009,4,NA,59.4
"Batman",37.8874,41.1322,2009,4,12.34,NA
"Batman",37.8874,41.1322,2009,5,NA,12.4
"Batman",37.8874,41.1322,2009,5,19.05,NA
"Batman",37.8874,41.1322,2009,6,NA,12.9
"Batman",37.8874,41.1322,2009,6,26.27,NA
"Batman",37.8874,41.1322,2009,7,NA,1.55
"Batman",37.8874,41.1322,2009,7,30.28,NA
"Batman",37.8874,41.1322,2009,8,NA,0.93
"Batman",37.8874,41.1322,2009,8,28.86,NA
"Batman",37.8874,41.1322,2009,9,NA,19.2
"Batman",37.8874,41.1322,2009,9,23.09,NA
"Batman",37.8874,41.1322,2009,10,NA,76.57
"Batman",37.8874,41.1322,2009,10,19.66,NA
"Batman",37.8874,41.1322,2009,11,NA,102.6
"Batman",37.8874,41.1322,2009,11,9.6,NA
"Batman",37.8874,41.1322,2009,12,NA,110.05
"Batman",37.8874,41.1322,2009,12,6.08,NA
"Batman",37.8874,41.1322,2010,1,NA,142.91
"Batman",37.8874,41.1322,2010,1,3.81,NA
"Batman",37.8874,41.1322,2010,2,NA,38.08
"Batman",37.8874,41.1322,2010,2,5.71,NA
"Batman",37.8874,41.1322,2010,3,NA,55.8
"Batman",37.8874,41.1322,2010,3,10.29,NA
"Batman",37.8874,41.1322,2010,4,NA,51.3
"Batman",37.8874,41.1322,2010,4,13.79,NA
"Batman",37.8874,41.1322,2010,5,NA,36.89
"Batman",37.8874,41.1322,2010,5,19.68,NA
"Batman",37.8874,41.1322,2010,6,NA,24
"Batman",37.8874,41.1322,2010,6,27.04,NA
"Batman",37.8874,41.1322,2010,7,NA,1.55
"Batman",37.8874,41.1322,2010,7,32.09,NA
"Batman",37.8874,41.1322,2010,8,NA,2.17
"Batman",37.8874,41.1322,2010,8,31.92,NA
"Batman",37.8874,41.1322,2010,9,NA,1.2
"Batman",37.8874,41.1322,2010,9,27.52,NA
"Batman",37.8874,41.1322,2010,10,NA,44.64
"Batman",37.8874,41.1322,2010,10,18.5,NA
"Batman",37.8874,41.1322,2010,11,NA,0
"Batman",37.8874,41.1322,2010,11,12.74,NA
"Batman",37.8874,41.1322,2010,12,NA,46.81
"Batman",37.8874,41.1322,2010,12,7.69,NA
"Batman",37.8874,41.1322,2011,1,NA,52.08
"Batman",37.8874,41.1322,2011,1,3.34,NA
"Batman",37.8874,41.1322,2011,2,NA,70.28
"Batman",37.8874,41.1322,2011,2,2.96,NA
"Batman",37.8874,41.1322,2011,3,NA,41.54
"Batman",37.8874,41.1322,2011,3,7.87,NA
"Batman",37.8874,41.1322,2011,4,NA,197.4
"Batman",37.8874,41.1322,2011,4,12.51,NA
"Batman",37.8874,41.1322,2011,5,NA,61.69
"Batman",37.8874,41.1322,2011,5,17.83,NA
"Batman",37.8874,41.1322,2011,6,NA,19.2
"Batman",37.8874,41.1322,2011,6,24.9,NA
"Batman",37.8874,41.1322,2011,7,NA,1.86
"Batman",37.8874,41.1322,2011,7,31.6,NA
"Batman",37.8874,41.1322,2011,8,NA,0
"Batman",37.8874,41.1322,2011,8,30.66,NA
"Batman",37.8874,41.1322,2011,9,NA,9.3
"Batman",37.8874,41.1322,2011,9,25.24,NA
"Batman",37.8874,41.1322,2011,10,NA,25.42
"Batman",37.8874,41.1322,2011,10,16.41,NA
"Batman",37.8874,41.1322,2011,11,NA,52.2
"Batman",37.8874,41.1322,2011,11,5.41,NA
"Batman",37.8874,41.1322,2011,12,NA,38.44
"Batman",37.8874,41.1322,2011,12,3.36,NA
"Batman",37.8874,41.1322,2012,1,NA,90.83
"Batman",37.8874,41.1322,2012,1,1.03,NA
"Batman",37.8874,41.1322,2012,2,NA,125.28
"Batman",37.8874,41.1322,2012,2,-0.18,NA
"Batman",37.8874,41.1322,2012,3,NA,56.42
"Batman",37.8874,41.1322,2012,3,2.98,NA
"Batman",37.8874,41.1322,2012,4,NA,41.4
"Batman",37.8874,41.1322,2012,4,14.74,NA
"Batman",37.8874,41.1322,2012,5,NA,41.23
"Batman",37.8874,41.1322,2012,5,20,NA
"Batman",37.8874,41.1322,2012,6,NA,5.4
"Batman",37.8874,41.1322,2012,6,27.32,NA
"Batman",37.8874,41.1322,2012,7,NA,3.72
"Batman",37.8874,41.1322,2012,7,31.48,NA
"Batman",37.8874,41.1322,2012,8,NA,0.31
"Batman",37.8874,41.1322,2012,8,31.05,NA
"Batman",37.8874,41.1322,2012,9,NA,1.2
"Batman",37.8874,41.1322,2012,9,26.36,NA
"Batman",37.8874,41.1322,2012,10,NA,62.62
"Batman",37.8874,41.1322,2012,10,19.05,NA
"Batman",37.8874,41.1322,2012,11,NA,50.4
"Batman",37.8874,41.1322,2012,11,11.79,NA
"Batman",37.8874,41.1322,2012,12,NA,135.78
"Batman",37.8874,41.1322,2012,12,3.23,NA
"Batman",37.8874,41.1322,2013,1,NA,126.79
"Batman",37.8874,41.1322,2013,1,-0.2,NA
"Batman",37.8874,41.1322,2013,2,NA,76.72
"Batman",37.8874,41.1322,2013,2,5.23,NA
"Batman",37.8874,41.1322,2013,3,NA,57.66
"Batman",37.8874,41.1322,2013,3,8.46,NA
"Batman",37.8874,41.1322,2013,4,NA,46.8
"Batman",37.8874,41.1322,2013,4,14.56,NA
"Batman",37.8874,41.1322,2013,5,NA,79.67
"Batman",37.8874,41.1322,2013,5,19.68,NA
"Batman",37.8874,41.1322,2013,6,NA,7.8
"Batman",37.8874,41.1322,2013,6,25.83,NA
"Batman",37.8874,41.1322,2013,7,NA,0
"Batman",37.8874,41.1322,2013,7,30.9,NA
"Batman",37.8874,41.1322,2013,8,NA,0
"Batman",37.8874,41.1322,2013,8,30.38,NA
"Batman",37.8874,41.1322,2013,9,NA,3.6
"Batman",37.8874,41.1322,2013,9,24.31,NA
"Batman",37.8874,41.1322,2013,10,NA,10.23
"Batman",37.8874,41.1322,2013,10,16.33,NA
"Batman",37.8874,41.1322,2013,11,NA,51.3
"Batman",37.8874,41.1322,2013,11,11.7,NA
"Batman",37.8874,41.1322,2013,12,NA,50.84
"Batman",37.8874,41.1322,2013,12,-0.58,NA
"Batman",37.8874,41.1322,2014,1,NA,43.4
"Batman",37.8874,41.1322,2014,1,2.66,NA
"Batman",37.8874,41.1322,2014,2,NA,37.8
"Batman",37.8874,41.1322,2014,2,5.33,NA
"Batman",37.8874,41.1322,2014,3,NA,50.53
"Batman",37.8874,41.1322,2014,3,10.19,NA
"Batman",37.8874,41.1322,2014,4,NA,50.7
"Batman",37.8874,41.1322,2014,4,14.8,NA
"Batman",37.8874,41.1322,2014,5,NA,30.38
"Batman",37.8874,41.1322,2014,5,20.85,NA
"Batman",37.8874,41.1322,2014,6,NA,14.4
"Batman",37.8874,41.1322,2014,6,26.2,NA
"Batman",37.8874,41.1322,2014,7,NA,3.72
"Batman",37.8874,41.1322,2014,7,31.57,NA
"Batman",37.8874,41.1322,2014,8,NA,2.48
"Batman",37.8874,41.1322,2014,8,31.56,NA
"Batman",37.8874,41.1322,2014,9,NA,35.4
"Batman",37.8874,41.1322,2014,9,25.03,NA
"Batman",37.8874,41.1322,2014,10,NA,46.19
"Batman",37.8874,41.1322,2014,10,17,NA
"Batman",37.8874,41.1322,2014,11,NA,60.9
"Batman",37.8874,41.1322,2014,11,8.59,NA
"Batman",37.8874,41.1322,2014,12,NA,70.37
"Batman",37.8874,41.1322,2014,12,5.87,NA
"Batman",37.8874,41.1322,2015,1,NA,57.04
"Batman",37.8874,41.1322,2015,1,1.84,NA
"Batman",37.8874,41.1322,2015,2,NA,70.56
"Batman",37.8874,41.1322,2015,2,4.44,NA
"Batman",37.8874,41.1322,2015,3,NA,92.07
"Batman",37.8874,41.1322,2015,3,8.05,NA
"Batman",37.8874,41.1322,2015,4,NA,54
"Batman",37.8874,41.1322,2015,4,12.43,NA
"Batman",37.8874,41.1322,2015,5,NA,26.04
"Batman",37.8874,41.1322,2015,5,19.57,NA
"Batman",37.8874,41.1322,2015,6,NA,7.8
"Batman",37.8874,41.1322,2015,6,26.76,NA
"Batman",37.8874,41.1322,2015,7,NA,0.31
"Batman",37.8874,41.1322,2015,7,32.2,NA
"Batman",37.8874,41.1322,2015,8,NA,1.24
"Batman",37.8874,41.1322,2015,8,31.77,NA
"Batman",37.8874,41.1322,2015,9,NA,2.4
"Batman",37.8874,41.1322,2015,9,27.9,NA
"Batman",37.8874,41.1322,2015,10,NA,98.58
"Batman",37.8874,41.1322,2015,10,18.6,NA
"Batman",37.8874,41.1322,2015,11,NA,24.9
"Batman",37.8874,41.1322,2015,11,9.72,NA
"Batman",37.8874,41.1322,2015,12,NA,42.16
"Batman",37.8874,41.1322,2015,12,3.78,NA
"Batman",37.8874,41.1322,2016,1,NA,115.01
"Batman",37.8874,41.1322,2016,1,-0.34,NA
"Batman",37.8874,41.1322,2016,2,NA,47.85
"Batman",37.8874,41.1322,2016,2,6.03,NA
"Batman",37.8874,41.1322,2016,3,NA,88.04
"Batman",37.8874,41.1322,2016,3,8.89,NA
"Batman",37.8874,41.1322,2016,4,NA,45.3
"Batman",37.8874,41.1322,2016,4,15.27,NA
"Batman",37.8874,41.1322,2016,5,NA,37.82
"Batman",37.8874,41.1322,2016,5,19.35,NA
"Batman",37.8874,41.1322,2016,6,NA,15.6
"Batman",37.8874,41.1322,2016,6,25.93,NA
"Batman",37.8874,41.1322,2016,7,NA,3.1
"Batman",37.8874,41.1322,2016,7,31.66,NA
"Batman",37.8874,41.1322,2016,8,NA,0
"Batman",37.8874,41.1322,2016,8,32.41,NA
"Batman",37.8874,41.1322,2016,9,NA,7.8
"Batman",37.8874,41.1322,2016,9,24.33,NA
"Batman",37.8874,41.1322,2016,10,NA,19.53
"Batman",37.8874,41.1322,2016,10,19.1,NA
"Batman",37.8874,41.1322,2016,11,NA,45.3
"Batman",37.8874,41.1322,2016,11,8.73,NA
"Batman",37.8874,41.1322,2016,12,NA,102.92
"Batman",37.8874,41.1322,2016,12,-0.03,NA
"Batman",37.8874,41.1322,2017,1,NA,47.43
"Batman",37.8874,41.1322,2017,1,0.32,NA
"Batman",37.8874,41.1322,2017,2,NA,12.6
"Batman",37.8874,41.1322,2017,2,1.03,NA
"Batman",37.8874,41.1322,2017,3,NA,97.65
"Batman",37.8874,41.1322,2017,3,8.49,NA
"Batman",37.8874,41.1322,2017,4,NA,83.7
"Batman",37.8874,41.1322,2017,4,12.94,NA
"Batman",37.8874,41.1322,2017,5,NA,41.85
"Batman",37.8874,41.1322,2017,5,19.07,NA
"Batman",37.8874,41.1322,2017,6,NA,1.5
"Batman",37.8874,41.1322,2017,6,26.55,NA
"Batman",37.8874,41.1322,2017,7,NA,0
"Batman",37.8874,41.1322,2017,7,32.62,NA
"Batman",37.8874,41.1322,2017,8,NA,1.24
"Batman",37.8874,41.1322,2017,8,31.69,NA
"Batman",37.8874,41.1322,2017,9,NA,0
"Batman",37.8874,41.1322,2017,9,27.79,NA
"Batman",37.8874,41.1322,2017,10,NA,22.63
"Batman",37.8874,41.1322,2017,10,17.46,NA
"Batman",37.8874,41.1322,2017,11,NA,35.4
"Batman",37.8874,41.1322,2017,11,10.07,NA
"Batman",37.8874,41.1322,2017,12,NA,36.89
"Batman",37.8874,41.1322,2017,12,6.54,NA
"Batman",37.8874,41.1322,2018,1,NA,60.45
"Batman",37.8874,41.1322,2018,1,3.71,NA
"Batman",37.8874,41.1322,2018,2,NA,59.64
"Batman",37.8874,41.1322,2018,2,7.05,NA
"Batman",37.8874,41.1322,2018,3,NA,32.86
"Batman",37.8874,41.1322,2018,3,11.74,NA
"Batman",37.8874,41.1322,2018,4,NA,37.2
"Batman",37.8874,41.1322,2018,4,16.11,NA
"Batman",37.8874,41.1322,2018,5,NA,99.82
"Batman",37.8874,41.1322,2018,5,20.19,NA
"Batman",37.8874,41.1322,2018,6,NA,13.5
"Batman",37.8874,41.1322,2018,6,26.7,NA
"Batman",37.8874,41.1322,2018,7,NA,1.55
"Batman",37.8874,41.1322,2018,7,31.83,NA
"Batman",37.8874,41.1322,2018,8,NA,0.62
"Batman",37.8874,41.1322,2018,8,31.56,NA
"Batman",37.8874,41.1322,2018,9,NA,2.1
"Batman",37.8874,41.1322,2018,9,27.06,NA
"Batman",37.8874,41.1322,2018,10,NA,91.45
"Batman",37.8874,41.1322,2018,10,19.37,NA
"Batman",37.8874,41.1322,2018,11,NA,90.3
"Batman",37.8874,41.1322,2018,11,10.23,NA
"Batman",37.8874,41.1322,2018,12,NA,145.7
"Batman",37.8874,41.1322,2018,12,4.91,NA
"Batman",37.8874,41.1322,2019,1,NA,81.22
"Batman",37.8874,41.1322,2019,1,1.39,NA
"Batman",37.8874,41.1322,2019,2,NA,80.36
"Batman",37.8874,41.1322,2019,2,3.95,NA
"Batman",37.8874,41.1322,2019,3,NA,129.89
"Batman",37.8874,41.1322,2019,3,7.01,NA
"Batman",37.8874,41.1322,2019,4,NA,126.3
"Batman",37.8874,41.1322,2019,4,11.32,NA
"Batman",37.8874,41.1322,2019,5,NA,44.02
"Batman",37.8874,41.1322,2019,5,19.94,NA
"Batman",37.8874,41.1322,2019,6,NA,2.1
"Batman",37.8874,41.1322,2019,6,27.88,NA
"Batman",37.8874,41.1322,2019,7,NA,0.31
"Batman",37.8874,41.1322,2019,7,30.51,NA
"Batman",37.8874,41.1322,2019,8,NA,1.55
"Batman",37.8874,41.1322,2019,8,31.59,NA
"Batman",37.8874,41.1322,2019,9,NA,0.3
"Batman",37.8874,41.1322,2019,9,25.64,NA
"Batman",37.8874,41.1322,2019,10,NA,31.62
"Batman",37.8874,41.1322,2019,10,20.51,NA
"Batman",37.8874,41.1322,2019,11,NA,26.1
"Batman",37.8874,41.1322,2019,11,10.63,NA
"Batman",37.8874,41.1322,2019,12,NA,90.83
"Batman",37.8874,41.1322,2019,12,5.76,NA
"Batman",37.8874,41.1322,2020,1,NA,77.81
"Batman",37.8874,41.1322,2020,1,1.97,NA
"Batman",37.8874,41.1322,2020,2,NA,80.33
"Batman",37.8874,41.1322,2020,2,1.94,NA
"Batman",37.8874,41.1322,2020,3,NA,151.59
"Batman",37.8874,41.1322,2020,3,9.87,NA
"Batman",37.8874,41.1322,2020,4,NA,102.3
"Batman",37.8874,41.1322,2020,4,12.89,NA
"Batman",37.8874,41.1322,2020,5,NA,69.44
"Batman",37.8874,41.1322,2020,5,18.65,NA
"Batman",37.8874,41.1322,2020,6,NA,4.8
"Batman",37.8874,41.1322,2020,6,25.55,NA
"Batman",37.8874,41.1322,2020,7,NA,3.72
"Batman",37.8874,41.1322,2020,7,31.87,NA
"Batman",37.8874,41.1322,2020,8,NA,1.24
"Batman",37.8874,41.1322,2020,8,30.46,NA
"Batman",37.8874,41.1322,2020,9,NA,0.3
"Batman",37.8874,41.1322,2020,9,28.48,NA
"Batman",37.8874,41.1322,2020,10,NA,0
"Batman",37.8874,41.1322,2020,10,21.45,NA
"Batman",37.8874,41.1322,2020,11,NA,39.3
"Batman",37.8874,41.1322,2020,11,10.58,NA
"Batman",37.8874,41.1322,2020,12,NA,33.79
"Batman",37.8874,41.1322,2020,12,4.76,NA
"Batman",37.8874,41.1322,2021,1,NA,76.57
"Batman",37.8874,41.1322,2021,1,3,NA
"Batman",37.8874,41.1322,2021,2,NA,29.4
"Batman",37.8874,41.1322,2021,2,5.9,NA
"Batman",37.8874,41.1322,2021,3,NA,85.87
"Batman",37.8874,41.1322,2021,3,7.9,NA
"Batman",37.8874,41.1322,2021,4,NA,8.7
"Batman",37.8874,41.1322,2021,4,16.44,NA
"Batman",37.8874,41.1322,2021,5,NA,4.96
"Batman",37.8874,41.1322,2021,5,23.47,NA
"Batman",37.8874,41.1322,2021,6,NA,0.3
"Batman",37.8874,41.1322,2021,6,27.87,NA
"Batman",37.8874,41.1322,2021,7,NA,0.31
"Batman",37.8874,41.1322,2021,7,32.58,NA
"Batman",37.8874,41.1322,2021,8,NA,3.72
"Batman",37.8874,41.1322,2021,8,31.65,NA
"Batman",37.8874,41.1322,2021,9,NA,3.3
"Batman",37.8874,41.1322,2021,9,25.17,NA
"Batman",37.8874,41.1322,2021,10,NA,21.08
"Batman",37.8874,41.1322,2021,10,18.78,NA
"Batman",37.8874,41.1322,2021,11,NA,22.8
"Batman",37.8874,41.1322,2021,11,11.81,NA
"Batman",37.8874,41.1322,2021,12,NA,35.65
"Batman",37.8874,41.1322,2021,12,4.7,NA
"Batman",37.8874,41.1322,2022,1,NA,67.58
"Batman",37.8874,41.1322,2022,1,0.44,NA
"Batman",37.8874,41.1322,2022,2,NA,39.76
"Batman",37.8874,41.1322,2022,2,5.61,NA
"Batman",37.8874,41.1322,2022,3,NA,130.2
"Batman",37.8874,41.1322,2022,3,4.86,NA
"Batman",37.8874,41.1322,2022,4,NA,18.3
"Batman",37.8874,41.1322,2022,4,15.49,NA
"Batman",37.8874,41.1322,2022,5,NA,59.83
"Batman",37.8874,41.1322,2022,5,18.09,NA
"Batman",37.8874,41.1322,2022,6,NA,5.4
"Batman",37.8874,41.1322,2022,6,27.72,NA
"Batman",37.8874,41.1322,2022,7,NA,0.31
"Batman",37.8874,41.1322,2022,7,31.75,NA
"Batman",37.8874,41.1322,2022,8,NA,0
"Batman",37.8874,41.1322,2022,8,32.2,NA
"Batman",37.8874,41.1322,2022,9,NA,3
"Batman",37.8874,41.1322,2022,9,27.11,NA
"Batman",37.8874,41.1322,2022,10,NA,27.59
"Batman",37.8874,41.1322,2022,10,20.03,NA
"Batman",37.8874,41.1322,2022,11,NA,73.8
"Batman",37.8874,41.1322,2022,11,11.08,NA
"Batman",37.8874,41.1322,2022,12,NA,3.1
"Batman",37.8874,41.1322,2022,12,6.69,NA
"Batman",37.8874,41.1322,2023,1,NA,55.18
"Batman",37.8874,41.1322,2023,1,4.07,NA
"Batman",37.8874,41.1322,2023,2,NA,68.32
"Batman",37.8874,41.1322,2023,2,1.33,NA
"Batman",37.8874,41.1322,2023,3,NA,83.39
"Batman",37.8874,41.1322,2023,3,10.45,NA
"Batman",37.8874,41.1322,2023,4,NA,63.6
"Batman",37.8874,41.1322,2023,4,13.62,NA
"Batman",37.8874,41.1322,2023,5,NA,33.48
"Batman",37.8874,41.1322,2023,5,19.29,NA
"Batman",37.8874,41.1322,2023,6,NA,3
"Batman",37.8874,41.1322,2023,6,26.7,NA
"Batman",37.8874,41.1322,2023,7,NA,1.24
"Batman",37.8874,41.1322,2023,7,32.16,NA
"Batman",37.8874,41.1322,2023,8,NA,3.41
"Batman",37.8874,41.1322,2023,8,32.98,NA
"Batman",37.8874,41.1322,2023,9,NA,11.1
"Batman",37.8874,41.1322,2023,9,27.31,NA
"Batman",37.8874,41.1322,2023,10,NA,32.86
"Batman",37.8874,41.1322,2023,10,18.98,NA
"Batman",37.8874,41.1322,2023,11,NA,120.3
"Batman",37.8874,41.1322,2023,11,11.77,NA
"Batman",37.8874,41.1322,2023,12,NA,74.4
"Batman",37.8874,41.1322,2023,12,6.97,NA
"Batman",37.8874,41.1322,2024,1,NA,114.08
"Batman",37.8874,41.1322,2024,1,4,NA
"Batman",37.8874,41.1322,2024,2,NA,47.27
"Batman",37.8874,41.1322,2024,2,5.55,NA
"Batman",37.8874,41.1322,2024,3,NA,138.88
"Batman",37.8874,41.1322,2024,3,8.14,NA
"Batman",37.8874,41.1322,2024,4,NA,40.8
"Batman",37.8874,41.1322,2024,4,18.17,NA
"Batman",37.8874,41.1322,2024,5,NA,57.66
"Batman",37.8874,41.1322,2024,5,19.36,NA
"Batman",37.8874,41.1322,2024,6,NA,3
"Batman",37.8874,41.1322,2024,6,29.27,NA
"Batman",37.8874,41.1322,2024,7,NA,3.1
"Batman",37.8874,41.1322,2024,7,32.76,NA
"Batman",37.8874,41.1322,2024,8,NA,0.31
"Batman",37.8874,41.1322,2024,8,32.6,NA
"Batman",37.8874,41.1322,2024,9,NA,15
"Batman",37.8874,41.1322,2024,9,26.75,NA
"Batman",37.8874,41.1322,2024,10,NA,11.78
"Batman",37.8874,41.1322,2024,10,18.21,NA
"Batman",37.8874,41.1322,2024,11,NA,52.8
"Batman",37.8874,41.1322,2024,11,9.92,NA
"Batman",37.8874,41.1322,2024,12,NA,41.85
"Batman",37.8874,41.1322,2024,12,4.74,NA
"Batman",37.8874,41.1322,2025,1,NA,7.44
"Batman",37.8874,41.1322,2025,1,3.96,NA
"Batman",37.8874,41.1322,2025,2,NA,45.92
"Batman",37.8874,41.1322,2025,2,2.51,NA
"Batman",37.8874,41.1322,2025,3,NA,55.49
"Batman",37.8874,41.1322,2025,3,11.16,NA
"Batman",37.8874,41.1322,2025,4,NA,75
"Batman",37.8874,41.1322,2025,4,14.56,NA
"Batman",37.8874,41.1322,2025,5,NA,35.03
"Batman",37.8874,41.1322,2025,5,21.78,NA
"Batman",37.8874,41.1322,2025,6,NA,5.1
"Batman",37.8874,41.1322,2025,6,27.96,NA
"Batman",37.8874,41.1322,2025,7,NA,1.24
"Batman",37.8874,41.1322,2025,7,33.05,NA
"Batman",37.8874,41.1322,2025,8,NA,0
"Batman",37.8874,41.1322,2025,8,32.33,NA
"Batman",37.8874,41.1322,2025,9,NA,0.6
"Batman",37.8874,41.1322,2025,9,25.99,NA
"Batman",37.8874,41.1322,2025,10,NA,22.32
"Batman",37.8874,41.1322,2025,10,18.84,NA
"Batman",37.8874,41.1322,2025,11,NA,53.4
"Batman",37.8874,41.1322,2025,11,12.96,NA
"Batman",37.8874,41.1322,2025,12,NA,95.48
"Batman",37.8874,41.1322,2025,12,5.11,NA
"Diyarbakir",37.9144,40.2306,1981,1,NA,82.77
"Diyarbakir",37.9144,40.2306,1981,1,2.04,NA
"Diyarbakir",37.9144,40.2306,1981,2,NA,64.68
"Diyarbakir",37.9144,40.2306,1981,2,3.79,NA
"Diyarbakir",37.9144,40.2306,1981,3,NA,106.33
"Diyarbakir",37.9144,40.2306,1981,3,8.3,NA
"Diyarbakir",37.9144,40.2306,1981,4,NA,42.6
"Diyarbakir",37.9144,40.2306,1981,4,11.07,NA
"Diyarbakir",37.9144,40.2306,1981,5,NA,55.49
"Diyarbakir",37.9144,40.2306,1981,5,15.21,NA
"Diyarbakir",37.9144,40.2306,1981,6,NA,22.2
"Diyarbakir",37.9144,40.2306,1981,6,24.31,NA
"Diyarbakir",37.9144,40.2306,1981,7,NA,3.1
"Diyarbakir",37.9144,40.2306,1981,7,30.54,NA
"Diyarbakir",37.9144,40.2306,1981,8,NA,0.31
"Diyarbakir",37.9144,40.2306,1981,8,29.46,NA
"Diyarbakir",37.9144,40.2306,1981,9,NA,0.6
"Diyarbakir",37.9144,40.2306,1981,9,25.07,NA
"Diyarbakir",37.9144,40.2306,1981,10,NA,30.69
"Diyarbakir",37.9144,40.2306,1981,10,18.01,NA
"Diyarbakir",37.9144,40.2306,1981,11,NA,58.8
"Diyarbakir",37.9144,40.2306,1981,11,6.89,NA
"Diyarbakir",37.9144,40.2306,1981,12,NA,50.84
"Diyarbakir",37.9144,40.2306,1981,12,4.99,NA
"Diyarbakir",37.9144,40.2306,1982,1,NA,56.11
"Diyarbakir",37.9144,40.2306,1982,1,1.59,NA
"Diyarbakir",37.9144,40.2306,1982,2,NA,43.68
"Diyarbakir",37.9144,40.2306,1982,2,0.82,NA
"Diyarbakir",37.9144,40.2306,1982,3,NA,106.33
"Diyarbakir",37.9144,40.2306,1982,3,5.23,NA
"Diyarbakir",37.9144,40.2306,1982,4,NA,126.3
"Diyarbakir",37.9144,40.2306,1982,4,12.85,NA
"Diyarbakir",37.9144,40.2306,1982,5,NA,113.46
"Diyarbakir",37.9144,40.2306,1982,5,17.16,NA
"Diyarbakir",37.9144,40.2306,1982,6,NA,42.6
"Diyarbakir",37.9144,40.2306,1982,6,22.31,NA
"Diyarbakir",37.9144,40.2306,1982,7,NA,1.86
"Diyarbakir",37.9144,40.2306,1982,7,27.46,NA
"Diyarbakir",37.9144,40.2306,1982,8,NA,0
"Diyarbakir",37.9144,40.2306,1982,8,28.08,NA
"Diyarbakir",37.9144,40.2306,1982,9,NA,4.5
"Diyarbakir",37.9144,40.2306,1982,9,24.73,NA
"Diyarbakir",37.9144,40.2306,1982,10,NA,12.71
"Diyarbakir",37.9144,40.2306,1982,10,16.34,NA
"Diyarbakir",37.9144,40.2306,1982,11,NA,35.4
"Diyarbakir",37.9144,40.2306,1982,11,6.74,NA
"Diyarbakir",37.9144,40.2306,1982,12,NA,45.26
"Diyarbakir",37.9144,40.2306,1982,12,1.42,NA
"Diyarbakir",37.9144,40.2306,1983,1,NA,77.19
"Diyarbakir",37.9144,40.2306,1983,1,-3.36,NA
"Diyarbakir",37.9144,40.2306,1983,2,NA,71.96
"Diyarbakir",37.9144,40.2306,1983,2,0.91,NA
"Diyarbakir",37.9144,40.2306,1983,3,NA,44.95
"Diyarbakir",37.9144,40.2306,1983,3,6.45,NA
"Diyarbakir",37.9144,40.2306,1983,4,NA,32.1
"Diyarbakir",37.9144,40.2306,1983,4,12.03,NA
"Diyarbakir",37.9144,40.2306,1983,5,NA,75.33
"Diyarbakir",37.9144,40.2306,1983,5,18.7,NA
"Diyarbakir",37.9144,40.2306,1983,6,NA,12.3
"Diyarbakir",37.9144,40.2306,1983,6,24.07,NA
"Diyarbakir",37.9144,40.2306,1983,7,NA,2.17
"Diyarbakir",37.9144,40.2306,1983,7,28.89,NA
"Diyarbakir",37.9144,40.2306,1983,8,NA,0.31
"Diyarbakir",37.9144,40.2306,1983,8,27.77,NA
"Diyarbakir",37.9144,40.2306,1983,9,NA,3.9
"Diyarbakir",37.9144,40.2306,1983,9,24.01,NA
"Diyarbakir",37.9144,40.2306,1983,10,NA,23.56
"Diyarbakir",37.9144,40.2306,1983,10,16.09,NA
"Diyarbakir",37.9144,40.2306,1983,11,NA,80.1
"Diyarbakir",37.9144,40.2306,1983,11,10.24,NA
"Diyarbakir",37.9144,40.2306,1983,12,NA,35.34
"Diyarbakir",37.9144,40.2306,1983,12,4.37,NA
"Diyarbakir",37.9144,40.2306,1984,1,NA,41.23
"Diyarbakir",37.9144,40.2306,1984,1,3.37,NA
"Diyarbakir",37.9144,40.2306,1984,2,NA,21.75
"Diyarbakir",37.9144,40.2306,1984,2,4.31,NA
"Diyarbakir",37.9144,40.2306,1984,3,NA,79.05
"Diyarbakir",37.9144,40.2306,1984,3,8.17,NA
"Diyarbakir",37.9144,40.2306,1984,4,NA,35.7
"Diyarbakir",37.9144,40.2306,1984,4,11.83,NA
"Diyarbakir",37.9144,40.2306,1984,5,NA,23.56
"Diyarbakir",37.9144,40.2306,1984,5,18.47,NA
"Diyarbakir",37.9144,40.2306,1984,6,NA,2.7
"Diyarbakir",37.9144,40.2306,1984,6,26.1,NA
"Diyarbakir",37.9144,40.2306,1984,7,NA,0.31
"Diyarbakir",37.9144,40.2306,1984,7,30.24,NA
"Diyarbakir",37.9144,40.2306,1984,8,NA,0.31
"Diyarbakir",37.9144,40.2306,1984,8,27.03,NA
"Diyarbakir",37.9144,40.2306,1984,9,NA,0
"Diyarbakir",37.9144,40.2306,1984,9,25.73,NA
"Diyarbakir",37.9144,40.2306,1984,10,NA,28.52
"Diyarbakir",37.9144,40.2306,1984,10,17.05,NA
"Diyarbakir",37.9144,40.2306,1984,11,NA,75
"Diyarbakir",37.9144,40.2306,1984,11,8.47,NA
"Diyarbakir",37.9144,40.2306,1984,12,NA,35.03
"Diyarbakir",37.9144,40.2306,1984,12,1.73,NA
"Diyarbakir",37.9144,40.2306,1985,1,NA,43.71
"Diyarbakir",37.9144,40.2306,1985,1,3.36,NA
"Diyarbakir",37.9144,40.2306,1985,2,NA,93.52
"Diyarbakir",37.9144,40.2306,1985,2,-0.15,NA
"Diyarbakir",37.9144,40.2306,1985,3,NA,45.57
"Diyarbakir",37.9144,40.2306,1985,3,5.02,NA
"Diyarbakir",37.9144,40.2306,1985,4,NA,95.7
"Diyarbakir",37.9144,40.2306,1985,4,13.16,NA
"Diyarbakir",37.9144,40.2306,1985,5,NA,29.14
"Diyarbakir",37.9144,40.2306,1985,5,19.96,NA
"Diyarbakir",37.9144,40.2306,1985,6,NA,0.9
"Diyarbakir",37.9144,40.2306,1985,6,25.61,NA
"Diyarbakir",37.9144,40.2306,1985,7,NA,0.31
"Diyarbakir",37.9144,40.2306,1985,7,28.38,NA
"Diyarbakir",37.9144,40.2306,1985,8,NA,0
"Diyarbakir",37.9144,40.2306,1985,8,30.3,NA
"Diyarbakir",37.9144,40.2306,1985,9,NA,0.3
"Diyarbakir",37.9144,40.2306,1985,9,24.02,NA
"Diyarbakir",37.9144,40.2306,1985,10,NA,34.1
"Diyarbakir",37.9144,40.2306,1985,10,15.17,NA
"Diyarbakir",37.9144,40.2306,1985,11,NA,79.2
"Diyarbakir",37.9144,40.2306,1985,11,11.5,NA
"Diyarbakir",37.9144,40.2306,1985,12,NA,45.88
"Diyarbakir",37.9144,40.2306,1985,12,3.16,NA
"Diyarbakir",37.9144,40.2306,1986,1,NA,29.14
"Diyarbakir",37.9144,40.2306,1986,1,2.58,NA
"Diyarbakir",37.9144,40.2306,1986,2,NA,106.4
"Diyarbakir",37.9144,40.2306,1986,2,3.62,NA
"Diyarbakir",37.9144,40.2306,1986,3,NA,37.2
"Diyarbakir",37.9144,40.2306,1986,3,8.33,NA
"Diyarbakir",37.9144,40.2306,1986,4,NA,34.2
"Diyarbakir",37.9144,40.2306,1986,4,14.35,NA
"Diyarbakir",37.9144,40.2306,1986,5,NA,60.76
"Diyarbakir",37.9144,40.2306,1986,5,16.1,NA
"Diyarbakir",37.9144,40.2306,1986,6,NA,9.3
"Diyarbakir",37.9144,40.2306,1986,6,23.99,NA
"Diyarbakir",37.9144,40.2306,1986,7,NA,0
"Diyarbakir",37.9144,40.2306,1986,7,30.98,NA
"Diyarbakir",37.9144,40.2306,1986,8,NA,2.79
"Diyarbakir",37.9144,40.2306,1986,8,30.43,NA
"Diyarbakir",37.9144,40.2306,1986,9,NA,3.6
"Diyarbakir",37.9144,40.2306,1986,9,26.52,NA
"Diyarbakir",37.9144,40.2306,1986,10,NA,39.06
"Diyarbakir",37.9144,40.2306,1986,10,16.98,NA
"Diyarbakir",37.9144,40.2306,1986,11,NA,50.7
"Diyarbakir",37.9144,40.2306,1986,11,7.42,NA
"Diyarbakir",37.9144,40.2306,1986,12,NA,15.5
"Diyarbakir",37.9144,40.2306,1986,12,2.62,NA
"Diyarbakir",37.9144,40.2306,1987,1,NA,71.61
"Diyarbakir",37.9144,40.2306,1987,1,2.56,NA
"Diyarbakir",37.9144,40.2306,1987,2,NA,29.68
"Diyarbakir",37.9144,40.2306,1987,2,5.52,NA
"Diyarbakir",37.9144,40.2306,1987,3,NA,84.94
"Diyarbakir",37.9144,40.2306,1987,3,4.38,NA
"Diyarbakir",37.9144,40.2306,1987,4,NA,23.7
"Diyarbakir",37.9144,40.2306,1987,4,11.22,NA
"Diyarbakir",37.9144,40.2306,1987,5,NA,4.65
"Diyarbakir",37.9144,40.2306,1987,5,19.63,NA
"Diyarbakir",37.9144,40.2306,1987,6,NA,5.7
"Diyarbakir",37.9144,40.2306,1987,6,25.71,NA
"Diyarbakir",37.9144,40.2306,1987,7,NA,0.31
"Diyarbakir",37.9144,40.2306,1987,7,30.56,NA
"Diyarbakir",37.9144,40.2306,1987,8,NA,0.31
"Diyarbakir",37.9144,40.2306,1987,8,28.53,NA
"Diyarbakir",37.9144,40.2306,1987,9,NA,0.6
"Diyarbakir",37.9144,40.2306,1987,9,24.18,NA
"Diyarbakir",37.9144,40.2306,1987,10,NA,99.82
"Diyarbakir",37.9144,40.2306,1987,10,15.31,NA
"Diyarbakir",37.9144,40.2306,1987,11,NA,47.1
"Diyarbakir",37.9144,40.2306,1987,11,7.11,NA
"Diyarbakir",37.9144,40.2306,1987,12,NA,128.65
"Diyarbakir",37.9144,40.2306,1987,12,2.44,NA
"Diyarbakir",37.9144,40.2306,1988,1,NA,83.39
"Diyarbakir",37.9144,40.2306,1988,1,-0.48,NA
"Diyarbakir",37.9144,40.2306,1988,2,NA,40.6
"Diyarbakir",37.9144,40.2306,1988,2,2.41,NA
"Diyarbakir",37.9144,40.2306,1988,3,NA,63.24
"Diyarbakir",37.9144,40.2306,1988,3,5.68,NA
"Diyarbakir",37.9144,40.2306,1988,4,NA,126.3
"Diyarbakir",37.9144,40.2306,1988,4,11.61,NA
"Diyarbakir",37.9144,40.2306,1988,5,NA,17.98
"Diyarbakir",37.9144,40.2306,1988,5,17.77,NA
"Diyarbakir",37.9144,40.2306,1988,6,NA,9
"Diyarbakir",37.9144,40.2306,1988,6,23.62,NA
"Diyarbakir",37.9144,40.2306,1988,7,NA,0.93
"Diyarbakir",37.9144,40.2306,1988,7,29.72,NA
"Diyarbakir",37.9144,40.2306,1988,8,NA,0.31
"Diyarbakir",37.9144,40.2306,1988,8,29.39,NA
"Diyarbakir",37.9144,40.2306,1988,9,NA,2.1
"Diyarbakir",37.9144,40.2306,1988,9,23.71,NA
"Diyarbakir",37.9144,40.2306,1988,10,NA,91.45
"Diyarbakir",37.9144,40.2306,1988,10,15.92,NA
"Diyarbakir",37.9144,40.2306,1988,11,NA,43.5
"Diyarbakir",37.9144,40.2306,1988,11,4.51,NA
"Diyarbakir",37.9144,40.2306,1988,12,NA,65.1
"Diyarbakir",37.9144,40.2306,1988,12,1.81,NA
"Diyarbakir",37.9144,40.2306,1989,1,NA,0.93
"Diyarbakir",37.9144,40.2306,1989,1,-1.89,NA
"Diyarbakir",37.9144,40.2306,1989,2,NA,26.32
"Diyarbakir",37.9144,40.2306,1989,2,1.88,NA
"Diyarbakir",37.9144,40.2306,1989,3,NA,57.04
"Diyarbakir",37.9144,40.2306,1989,3,8.72,NA
"Diyarbakir",37.9144,40.2306,1989,4,NA,5.1
"Diyarbakir",37.9144,40.2306,1989,4,17.4,NA
"Diyarbakir",37.9144,40.2306,1989,5,NA,2.79
"Diyarbakir",37.9144,40.2306,1989,5,20.87,NA
"Diyarbakir",37.9144,40.2306,1989,6,NA,2.4
"Diyarbakir",37.9144,40.2306,1989,6,26.19,NA
"Diyarbakir",37.9144,40.2306,1989,7,NA,0
"Diyarbakir",37.9144,40.2306,1989,7,30.63,NA
"Diyarbakir",37.9144,40.2306,1989,8,NA,2.17
"Diyarbakir",37.9144,40.2306,1989,8,29.43,NA
"Diyarbakir",37.9144,40.2306,1989,9,NA,2.1
"Diyarbakir",37.9144,40.2306,1989,9,23.37,NA
"Diyarbakir",37.9144,40.2306,1989,10,NA,49.91
"Diyarbakir",37.9144,40.2306,1989,10,15.27,NA
"Diyarbakir",37.9144,40.2306,1989,11,NA,79.2
"Diyarbakir",37.9144,40.2306,1989,11,7.83,NA
"Diyarbakir",37.9144,40.2306,1989,12,NA,25.42
"Diyarbakir",37.9144,40.2306,1989,12,2.37,NA
"Diyarbakir",37.9144,40.2306,1990,1,NA,53.32
"Diyarbakir",37.9144,40.2306,1990,1,-0.68,NA
"Diyarbakir",37.9144,40.2306,1990,2,NA,79.24
"Diyarbakir",37.9144,40.2306,1990,2,2.36,NA
"Diyarbakir",37.9144,40.2306,1990,3,NA,16.74
"Diyarbakir",37.9144,40.2306,1990,3,7.89,NA
"Diyarbakir",37.9144,40.2306,1990,4,NA,58.2
"Diyarbakir",37.9144,40.2306,1990,4,11.95,NA
"Diyarbakir",37.9144,40.2306,1990,5,NA,4.96
"Diyarbakir",37.9144,40.2306,1990,5,19.18,NA
"Diyarbakir",37.9144,40.2306,1990,6,NA,20.7
"Diyarbakir",37.9144,40.2306,1990,6,25.39,NA
"Diyarbakir",37.9144,40.2306,1990,7,NA,0
"Diyarbakir",37.9144,40.2306,1990,7,31.26,NA
"Diyarbakir",37.9144,40.2306,1990,8,NA,0
"Diyarbakir",37.9144,40.2306,1990,8,28.76,NA
"Diyarbakir",37.9144,40.2306,1990,9,NA,0
"Diyarbakir",37.9144,40.2306,1990,9,23.7,NA
"Diyarbakir",37.9144,40.2306,1990,10,NA,10.85
"Diyarbakir",37.9144,40.2306,1990,10,17.37,NA
"Diyarbakir",37.9144,40.2306,1990,11,NA,29.4
"Diyarbakir",37.9144,40.2306,1990,11,10.85,NA
"Diyarbakir",37.9144,40.2306,1990,12,NA,35.03
"Diyarbakir",37.9144,40.2306,1990,12,4.38,NA
"Diyarbakir",37.9144,40.2306,1991,1,NA,62.31
"Diyarbakir",37.9144,40.2306,1991,1,1.44,NA
"Diyarbakir",37.9144,40.2306,1991,2,NA,56
"Diyarbakir",37.9144,40.2306,1991,2,0.61,NA
"Diyarbakir",37.9144,40.2306,1991,3,NA,102.92
"Diyarbakir",37.9144,40.2306,1991,3,7.73,NA
"Diyarbakir",37.9144,40.2306,1991,4,NA,35.7
"Diyarbakir",37.9144,40.2306,1991,4,12.85,NA
"Diyarbakir",37.9144,40.2306,1991,5,NA,44.95
"Diyarbakir",37.9144,40.2306,1991,5,16.96,NA
"Diyarbakir",37.9144,40.2306,1991,6,NA,5.1
"Diyarbakir",37.9144,40.2306,1991,6,25.88,NA
"Diyarbakir",37.9144,40.2306,1991,7,NA,0.31
"Diyarbakir",37.9144,40.2306,1991,7,30.53,NA
"Diyarbakir",37.9144,40.2306,1991,8,NA,0
"Diyarbakir",37.9144,40.2306,1991,8,30.39,NA
"Diyarbakir",37.9144,40.2306,1991,9,NA,3.3
"Diyarbakir",37.9144,40.2306,1991,9,23.96,NA
"Diyarbakir",37.9144,40.2306,1991,10,NA,31
"Diyarbakir",37.9144,40.2306,1991,10,17.54,NA
"Diyarbakir",37.9144,40.2306,1991,11,NA,62.7
"Diyarbakir",37.9144,40.2306,1991,11,9.09,NA
"Diyarbakir",37.9144,40.2306,1991,12,NA,128.03
"Diyarbakir",37.9144,40.2306,1991,12,0.95,NA
"Diyarbakir",37.9144,40.2306,1992,1,NA,47.12
"Diyarbakir",37.9144,40.2306,1992,1,-3.11,NA
"Diyarbakir",37.9144,40.2306,1992,2,NA,92.51
"Diyarbakir",37.9144,40.2306,1992,2,-3.69,NA
"Diyarbakir",37.9144,40.2306,1992,3,NA,16.43
"Diyarbakir",37.9144,40.2306,1992,3,3.25,NA
"Diyarbakir",37.9144,40.2306,1992,4,NA,18.9
"Diyarbakir",37.9144,40.2306,1992,4,11.01,NA
"Diyarbakir",37.9144,40.2306,1992,5,NA,75.33
"Diyarbakir",37.9144,40.2306,1992,5,16.25,NA
"Diyarbakir",37.9144,40.2306,1992,6,NA,30.9
"Diyarbakir",37.9144,40.2306,1992,6,22.49,NA
"Diyarbakir",37.9144,40.2306,1992,7,NA,0
"Diyarbakir",37.9144,40.2306,1992,7,27.34,NA
"Diyarbakir",37.9144,40.2306,1992,8,NA,0
"Diyarbakir",37.9144,40.2306,1992,8,28.91,NA
"Diyarbakir",37.9144,40.2306,1992,9,NA,2.4
"Diyarbakir",37.9144,40.2306,1992,9,22.99,NA
"Diyarbakir",37.9144,40.2306,1992,10,NA,4.96
"Diyarbakir",37.9144,40.2306,1992,10,17.99,NA
"Diyarbakir",37.9144,40.2306,1992,11,NA,73.8
"Diyarbakir",37.9144,40.2306,1992,11,6.41,NA
"Diyarbakir",37.9144,40.2306,1992,12,NA,45.88
"Diyarbakir",37.9144,40.2306,1992,12,-0.6,NA
"Diyarbakir",37.9144,40.2306,1993,1,NA,69.44
"Diyarbakir",37.9144,40.2306,1993,1,-2.21,NA
"Diyarbakir",37.9144,40.2306,1993,2,NA,76.72
"Diyarbakir",37.9144,40.2306,1993,2,-0.18,NA
"Diyarbakir",37.9144,40.2306,1993,3,NA,47.74
"Diyarbakir",37.9144,40.2306,1993,3,5.39,NA
"Diyarbakir",37.9144,40.2306,1993,4,NA,62.1
"Diyarbakir",37.9144,40.2306,1993,4,11.39,NA
"Diyarbakir",37.9144,40.2306,1993,5,NA,124.93
"Diyarbakir",37.9144,40.2306,1993,5,15.39,NA
"Diyarbakir",37.9144,40.2306,1993,6,NA,5.4
"Diyarbakir",37.9144,40.2306,1993,6,22.37,NA
"Diyarbakir",37.9144,40.2306,1993,7,NA,0.93
"Diyarbakir",37.9144,40.2306,1993,7,29.63,NA
"Diyarbakir",37.9144,40.2306,1993,8,NA,1.55
"Diyarbakir",37.9144,40.2306,1993,8,29.54,NA
"Diyarbakir",37.9144,40.2306,1993,9,NA,0
"Diyarbakir",37.9144,40.2306,1993,9,24.88,NA
"Diyarbakir",37.9144,40.2306,1993,10,NA,16.74
"Diyarbakir",37.9144,40.2306,1993,10,18.73,NA
"Diyarbakir",37.9144,40.2306,1993,11,NA,86.4
"Diyarbakir",37.9144,40.2306,1993,11,5.87,NA
"Diyarbakir",37.9144,40.2306,1993,12,NA,13.64
"Diyarbakir",37.9144,40.2306,1993,12,4.54,NA
"Diyarbakir",37.9144,40.2306,1994,1,NA,110.98
"Diyarbakir",37.9144,40.2306,1994,1,3.83,NA
"Diyarbakir",37.9144,40.2306,1994,2,NA,47.6
"Diyarbakir",37.9144,40.2306,1994,2,3.15,NA
"Diyarbakir",37.9144,40.2306,1994,3,NA,50.84
"Diyarbakir",37.9144,40.2306,1994,3,7.93,NA
"Diyarbakir",37.9144,40.2306,1994,4,NA,37.5
"Diyarbakir",37.9144,40.2306,1994,4,15.49,NA
"Diyarbakir",37.9144,40.2306,1994,5,NA,27.9
"Diyarbakir",37.9144,40.2306,1994,5,19.93,NA
"Diyarbakir",37.9144,40.2306,1994,6,NA,3
"Diyarbakir",37.9144,40.2306,1994,6,26.07,NA
"Diyarbakir",37.9144,40.2306,1994,7,NA,5.58
"Diyarbakir",37.9144,40.2306,1994,7,30.84,NA
"Diyarbakir",37.9144,40.2306,1994,8,NA,0.31
"Diyarbakir",37.9144,40.2306,1994,8,29.11,NA
"Diyarbakir",37.9144,40.2306,1994,9,NA,1.2
"Diyarbakir",37.9144,40.2306,1994,9,26.76,NA
"Diyarbakir",37.9144,40.2306,1994,10,NA,49.29
"Diyarbakir",37.9144,40.2306,1994,10,18.81,NA
"Diyarbakir",37.9144,40.2306,1994,11,NA,105.3
"Diyarbakir",37.9144,40.2306,1994,11,8.03,NA
"Diyarbakir",37.9144,40.2306,1994,12,NA,82.46
"Diyarbakir",37.9144,40.2306,1994,12,-1.28,NA
"Diyarbakir",37.9144,40.2306,1995,1,NA,67.89
"Diyarbakir",37.9144,40.2306,1995,1,2.68,NA
"Diyarbakir",37.9144,40.2306,1995,2,NA,52.64
"Diyarbakir",37.9144,40.2306,1995,2,4.55,NA
"Diyarbakir",37.9144,40.2306,1995,3,NA,45.26
"Diyarbakir",37.9144,40.2306,1995,3,7.98,NA
"Diyarbakir",37.9144,40.2306,1995,4,NA,92.4
"Diyarbakir",37.9144,40.2306,1995,4,11.68,NA
"Diyarbakir",37.9144,40.2306,1995,5,NA,21.7
"Diyarbakir",37.9144,40.2306,1995,5,19.35,NA
"Diyarbakir",37.9144,40.2306,1995,6,NA,22.8
"Diyarbakir",37.9144,40.2306,1995,6,24.73,NA
"Diyarbakir",37.9144,40.2306,1995,7,NA,0.31
"Diyarbakir",37.9144,40.2306,1995,7,29.17,NA
"Diyarbakir",37.9144,40.2306,1995,8,NA,0.93
"Diyarbakir",37.9144,40.2306,1995,8,29.96,NA
"Diyarbakir",37.9144,40.2306,1995,9,NA,2.4
"Diyarbakir",37.9144,40.2306,1995,9,24.27,NA
"Diyarbakir",37.9144,40.2306,1995,10,NA,14.88
"Diyarbakir",37.9144,40.2306,1995,10,16.14,NA
"Diyarbakir",37.9144,40.2306,1995,11,NA,57.6
"Diyarbakir",37.9144,40.2306,1995,11,7.22,NA
"Diyarbakir",37.9144,40.2306,1995,12,NA,0.62
"Diyarbakir",37.9144,40.2306,1995,12,2.48,NA
"Diyarbakir",37.9144,40.2306,1996,1,NA,110.98
"Diyarbakir",37.9144,40.2306,1996,1,1.54,NA
"Diyarbakir",37.9144,40.2306,1996,2,NA,59.74
"Diyarbakir",37.9144,40.2306,1996,2,3.71,NA
"Diyarbakir",37.9144,40.2306,1996,3,NA,174.53
"Diyarbakir",37.9144,40.2306,1996,3,6.23,NA
"Diyarbakir",37.9144,40.2306,1996,4,NA,64.5
"Diyarbakir",37.9144,40.2306,1996,4,10.38,NA
"Diyarbakir",37.9144,40.2306,1996,5,NA,18.29
"Diyarbakir",37.9144,40.2306,1996,5,19.54,NA
"Diyarbakir",37.9144,40.2306,1996,6,NA,4.2
"Diyarbakir",37.9144,40.2306,1996,6,23.84,NA
"Diyarbakir",37.9144,40.2306,1996,7,NA,1.86
"Diyarbakir",37.9144,40.2306,1996,7,31.7,NA
"Diyarbakir",37.9144,40.2306,1996,8,NA,4.03
"Diyarbakir",37.9144,40.2306,1996,8,29.75,NA
"Diyarbakir",37.9144,40.2306,1996,9,NA,10.8
"Diyarbakir",37.9144,40.2306,1996,9,23.07,NA
"Diyarbakir",37.9144,40.2306,1996,10,NA,45.88
"Diyarbakir",37.9144,40.2306,1996,10,15.3,NA
"Diyarbakir",37.9144,40.2306,1996,11,NA,12.9
"Diyarbakir",37.9144,40.2306,1996,11,9.74,NA
"Diyarbakir",37.9144,40.2306,1996,12,NA,117.8
"Diyarbakir",37.9144,40.2306,1996,12,5.84,NA
"Diyarbakir",37.9144,40.2306,1997,1,NA,22.63
"Diyarbakir",37.9144,40.2306,1997,1,2.49,NA
"Diyarbakir",37.9144,40.2306,1997,2,NA,51.8
"Diyarbakir",37.9144,40.2306,1997,2,0.97,NA
"Diyarbakir",37.9144,40.2306,1997,3,NA,49.6
"Diyarbakir",37.9144,40.2306,1997,3,3.89,NA
"Diyarbakir",37.9144,40.2306,1997,4,NA,43.2
"Diyarbakir",37.9144,40.2306,1997,4,10.06,NA
"Diyarbakir",37.9144,40.2306,1997,5,NA,21.7
"Diyarbakir",37.9144,40.2306,1997,5,19.72,NA
"Diyarbakir",37.9144,40.2306,1997,6,NA,8.7
"Diyarbakir",37.9144,40.2306,1997,6,25.26,NA
"Diyarbakir",37.9144,40.2306,1997,7,NA,0
"Diyarbakir",37.9144,40.2306,1997,7,28.62,NA
"Diyarbakir",37.9144,40.2306,1997,8,NA,0
"Diyarbakir",37.9144,40.2306,1997,8,28.04,NA
"Diyarbakir",37.9144,40.2306,1997,9,NA,20.4
"Diyarbakir",37.9144,40.2306,1997,9,21.95,NA
"Diyarbakir",37.9144,40.2306,1997,10,NA,84.32
"Diyarbakir",37.9144,40.2306,1997,10,16.39,NA
"Diyarbakir",37.9144,40.2306,1997,11,NA,47.7
"Diyarbakir",37.9144,40.2306,1997,11,9.08,NA
"Diyarbakir",37.9144,40.2306,1997,12,NA,72.23
"Diyarbakir",37.9144,40.2306,1997,12,3.2,NA
"Diyarbakir",37.9144,40.2306,1998,1,NA,73.16
"Diyarbakir",37.9144,40.2306,1998,1,-1.15,NA
"Diyarbakir",37.9144,40.2306,1998,2,NA,40.6
"Diyarbakir",37.9144,40.2306,1998,2,0.5,NA
"Diyarbakir",37.9144,40.2306,1998,3,NA,82.46
"Diyarbakir",37.9144,40.2306,1998,3,6.02,NA
"Diyarbakir",37.9144,40.2306,1998,4,NA,83.1
"Diyarbakir",37.9144,40.2306,1998,4,13.33,NA
"Diyarbakir",37.9144,40.2306,1998,5,NA,90.83
"Diyarbakir",37.9144,40.2306,1998,5,17.84,NA
"Diyarbakir",37.9144,40.2306,1998,6,NA,6
"Diyarbakir",37.9144,40.2306,1998,6,25.6,NA
"Diyarbakir",37.9144,40.2306,1998,7,NA,1.24
"Diyarbakir",37.9144,40.2306,1998,7,31.11,NA
"Diyarbakir",37.9144,40.2306,1998,8,NA,0.31
"Diyarbakir",37.9144,40.2306,1998,8,30.9,NA
"Diyarbakir",37.9144,40.2306,1998,9,NA,2.4
"Diyarbakir",37.9144,40.2306,1998,9,24.75,NA
"Diyarbakir",37.9144,40.2306,1998,10,NA,0.62
"Diyarbakir",37.9144,40.2306,1998,10,18.3,NA
"Diyarbakir",37.9144,40.2306,1998,11,NA,33.3
"Diyarbakir",37.9144,40.2306,1998,11,12.72,NA
"Diyarbakir",37.9144,40.2306,1998,12,NA,76.88
"Diyarbakir",37.9144,40.2306,1998,12,5.32,NA
"Diyarbakir",37.9144,40.2306,1999,1,NA,19.84
"Diyarbakir",37.9144,40.2306,1999,1,3.45,NA
"Diyarbakir",37.9144,40.2306,1999,2,NA,57.12
"Diyarbakir",37.9144,40.2306,1999,2,3.94,NA
"Diyarbakir",37.9144,40.2306,1999,3,NA,68.51
"Diyarbakir",37.9144,40.2306,1999,3,7.67,NA
"Diyarbakir",37.9144,40.2306,1999,4,NA,71.4
"Diyarbakir",37.9144,40.2306,1999,4,13.23,NA
"Diyarbakir",37.9144,40.2306,1999,5,NA,16.12
"Diyarbakir",37.9144,40.2306,1999,5,20.43,NA
"Diyarbakir",37.9144,40.2306,1999,6,NA,5.1
"Diyarbakir",37.9144,40.2306,1999,6,26.64,NA
"Diyarbakir",37.9144,40.2306,1999,7,NA,4.03
"Diyarbakir",37.9144,40.2306,1999,7,30.89,NA
"Diyarbakir",37.9144,40.2306,1999,8,NA,3.72
"Diyarbakir",37.9144,40.2306,1999,8,30.3,NA
"Diyarbakir",37.9144,40.2306,1999,9,NA,8.1
"Diyarbakir",37.9144,40.2306,1999,9,24.03,NA
"Diyarbakir",37.9144,40.2306,1999,10,NA,13.95
"Diyarbakir",37.9144,40.2306,1999,10,17.54,NA
"Diyarbakir",37.9144,40.2306,1999,11,NA,2.7
"Diyarbakir",37.9144,40.2306,1999,11,9.06,NA
"Diyarbakir",37.9144,40.2306,1999,12,NA,37.2
"Diyarbakir",37.9144,40.2306,1999,12,4.94,NA
"Diyarbakir",37.9144,40.2306,2000,1,NA,87.11
"Diyarbakir",37.9144,40.2306,2000,1,-0.92,NA
"Diyarbakir",37.9144,40.2306,2000,2,NA,63.22
"Diyarbakir",37.9144,40.2306,2000,2,1.04,NA
"Diyarbakir",37.9144,40.2306,2000,3,NA,42.47
"Diyarbakir",37.9144,40.2306,2000,3,4.91,NA
"Diyarbakir",37.9144,40.2306,2000,4,NA,40.8
"Diyarbakir",37.9144,40.2306,2000,4,14.33,NA
"Diyarbakir",37.9144,40.2306,2000,5,NA,8.99
"Diyarbakir",37.9144,40.2306,2000,5,19.22,NA
"Diyarbakir",37.9144,40.2306,2000,6,NA,0
"Diyarbakir",37.9144,40.2306,2000,6,25.98,NA
"Diyarbakir",37.9144,40.2306,2000,7,NA,0
"Diyarbakir",37.9144,40.2306,2000,7,32.36,NA
"Diyarbakir",37.9144,40.2306,2000,8,NA,5.27
"Diyarbakir",37.9144,40.2306,2000,8,29.3,NA
"Diyarbakir",37.9144,40.2306,2000,9,NA,4.5
"Diyarbakir",37.9144,40.2306,2000,9,23.95,NA
"Diyarbakir",37.9144,40.2306,2000,10,NA,47.12
"Diyarbakir",37.9144,40.2306,2000,10,15.83,NA
"Diyarbakir",37.9144,40.2306,2000,11,NA,22.5
"Diyarbakir",37.9144,40.2306,2000,11,9.22,NA
"Diyarbakir",37.9144,40.2306,2000,12,NA,92.07
"Diyarbakir",37.9144,40.2306,2000,12,2.46,NA
"Diyarbakir",37.9144,40.2306,2001,1,NA,12.4
"Diyarbakir",37.9144,40.2306,2001,1,2.73,NA
"Diyarbakir",37.9144,40.2306,2001,2,NA,74.2
"Diyarbakir",37.9144,40.2306,2001,2,3.59,NA
"Diyarbakir",37.9144,40.2306,2001,3,NA,108.81
"Diyarbakir",37.9144,40.2306,2001,3,10.79,NA
"Diyarbakir",37.9144,40.2306,2001,4,NA,70.5
"Diyarbakir",37.9144,40.2306,2001,4,13.32,NA
"Diyarbakir",37.9144,40.2306,2001,5,NA,108.81
"Diyarbakir",37.9144,40.2306,2001,5,16.3,NA
"Diyarbakir",37.9144,40.2306,2001,6,NA,3
"Diyarbakir",37.9144,40.2306,2001,6,25.02,NA
"Diyarbakir",37.9144,40.2306,2001,7,NA,1.86
"Diyarbakir",37.9144,40.2306,2001,7,30.82,NA
"Diyarbakir",37.9144,40.2306,2001,8,NA,0.93
"Diyarbakir",37.9144,40.2306,2001,8,29.94,NA
"Diyarbakir",37.9144,40.2306,2001,9,NA,18
"Diyarbakir",37.9144,40.2306,2001,9,24.93,NA
"Diyarbakir",37.9144,40.2306,2001,10,NA,33.79
"Diyarbakir",37.9144,40.2306,2001,10,16.57,NA
"Diyarbakir",37.9144,40.2306,2001,11,NA,50.1
"Diyarbakir",37.9144,40.2306,2001,11,6.7,NA
"Diyarbakir",37.9144,40.2306,2001,12,NA,161.2
"Diyarbakir",37.9144,40.2306,2001,12,2.77,NA
"Diyarbakir",37.9144,40.2306,2002,1,NA,46.5
"Diyarbakir",37.9144,40.2306,2002,1,-1.28,NA
"Diyarbakir",37.9144,40.2306,2002,2,NA,52.92
"Diyarbakir",37.9144,40.2306,2002,2,4.22,NA
"Diyarbakir",37.9144,40.2306,2002,3,NA,87.42
"Diyarbakir",37.9144,40.2306,2002,3,8.14,NA
"Diyarbakir",37.9144,40.2306,2002,4,NA,82.2
"Diyarbakir",37.9144,40.2306,2002,4,10.89,NA
"Diyarbakir",37.9144,40.2306,2002,5,NA,36.58
"Diyarbakir",37.9144,40.2306,2002,5,17.33,NA
"Diyarbakir",37.9144,40.2306,2002,6,NA,7.5
"Diyarbakir",37.9144,40.2306,2002,6,24.37,NA
"Diyarbakir",37.9144,40.2306,2002,7,NA,4.34
"Diyarbakir",37.9144,40.2306,2002,7,30.05,NA
"Diyarbakir",37.9144,40.2306,2002,8,NA,0
"Diyarbakir",37.9144,40.2306,2002,8,28.75,NA
"Diyarbakir",37.9144,40.2306,2002,9,NA,7.2
"Diyarbakir",37.9144,40.2306,2002,9,24.45,NA
"Diyarbakir",37.9144,40.2306,2002,10,NA,18.6
"Diyarbakir",37.9144,40.2306,2002,10,18.34,NA
"Diyarbakir",37.9144,40.2306,2002,11,NA,39
"Diyarbakir",37.9144,40.2306,2002,11,10.55,NA
"Diyarbakir",37.9144,40.2306,2002,12,NA,83.7
"Diyarbakir",37.9144,40.2306,2002,12,-1.84,NA
"Diyarbakir",37.9144,40.2306,2003,1,NA,70.99
"Diyarbakir",37.9144,40.2306,2003,1,1.02,NA
"Diyarbakir",37.9144,40.2306,2003,2,NA,187.32
"Diyarbakir",37.9144,40.2306,2003,2,-0.38,NA
"Diyarbakir",37.9144,40.2306,2003,3,NA,104.78
"Diyarbakir",37.9144,40.2306,2003,3,3.6,NA
"Diyarbakir",37.9144,40.2306,2003,4,NA,80.7
"Diyarbakir",37.9144,40.2306,2003,4,11.5,NA
"Diyarbakir",37.9144,40.2306,2003,5,NA,16.74
"Diyarbakir",37.9144,40.2306,2003,5,19.04,NA
"Diyarbakir",37.9144,40.2306,2003,6,NA,16.5
"Diyarbakir",37.9144,40.2306,2003,6,24.27,NA
"Diyarbakir",37.9144,40.2306,2003,7,NA,1.86
"Diyarbakir",37.9144,40.2306,2003,7,29.85,NA
"Diyarbakir",37.9144,40.2306,2003,8,NA,0.31
"Diyarbakir",37.9144,40.2306,2003,8,30.48,NA
"Diyarbakir",37.9144,40.2306,2003,9,NA,7.2
"Diyarbakir",37.9144,40.2306,2003,9,23.89,NA
"Diyarbakir",37.9144,40.2306,2003,10,NA,46.19
"Diyarbakir",37.9144,40.2306,2003,10,18.45,NA
"Diyarbakir",37.9144,40.2306,2003,11,NA,60
"Diyarbakir",37.9144,40.2306,2003,11,8.22,NA
"Diyarbakir",37.9144,40.2306,2003,12,NA,90.83
"Diyarbakir",37.9144,40.2306,2003,12,2.35,NA
"Diyarbakir",37.9144,40.2306,2004,1,NA,106.95
"Diyarbakir",37.9144,40.2306,2004,1,1.01,NA
"Diyarbakir",37.9144,40.2306,2004,2,NA,100.63
"Diyarbakir",37.9144,40.2306,2004,2,1.32,NA
"Diyarbakir",37.9144,40.2306,2004,3,NA,8.06
"Diyarbakir",37.9144,40.2306,2004,3,8.26,NA
"Diyarbakir",37.9144,40.2306,2004,4,NA,75
"Diyarbakir",37.9144,40.2306,2004,4,11.65,NA
"Diyarbakir",37.9144,40.2306,2004,5,NA,83.08
"Diyarbakir",37.9144,40.2306,2004,5,17.18,NA
"Diyarbakir",37.9144,40.2306,2004,6,NA,9.9
"Diyarbakir",37.9144,40.2306,2004,6,24.47,NA
"Diyarbakir",37.9144,40.2306,2004,7,NA,0.31
"Diyarbakir",37.9144,40.2306,2004,7,29.67,NA
"Diyarbakir",37.9144,40.2306,2004,8,NA,0
"Diyarbakir",37.9144,40.2306,2004,8,29.62,NA
"Diyarbakir",37.9144,40.2306,2004,9,NA,0
"Diyarbakir",37.9144,40.2306,2004,9,25.24,NA
"Diyarbakir",37.9144,40.2306,2004,10,NA,13.02
"Diyarbakir",37.9144,40.2306,2004,10,18.94,NA
"Diyarbakir",37.9144,40.2306,2004,11,NA,121.8
"Diyarbakir",37.9144,40.2306,2004,11,7.53,NA
"Diyarbakir",37.9144,40.2306,2004,12,NA,12.4
"Diyarbakir",37.9144,40.2306,2004,12,-0.05,NA
"Diyarbakir",37.9144,40.2306,2005,1,NA,64.48
"Diyarbakir",37.9144,40.2306,2005,1,0.49,NA
"Diyarbakir",37.9144,40.2306,2005,2,NA,47.32
"Diyarbakir",37.9144,40.2306,2005,2,2.1,NA
"Diyarbakir",37.9144,40.2306,2005,3,NA,58.59
"Diyarbakir",37.9144,40.2306,2005,3,6.76,NA
"Diyarbakir",37.9144,40.2306,2005,4,NA,42.3
"Diyarbakir",37.9144,40.2306,2005,4,13.51,NA
"Diyarbakir",37.9144,40.2306,2005,5,NA,23.25
"Diyarbakir",37.9144,40.2306,2005,5,19.51,NA
"Diyarbakir",37.9144,40.2306,2005,6,NA,25.2
"Diyarbakir",37.9144,40.2306,2005,6,24.28,NA
"Diyarbakir",37.9144,40.2306,2005,7,NA,0
"Diyarbakir",37.9144,40.2306,2005,7,31.41,NA
"Diyarbakir",37.9144,40.2306,2005,8,NA,0.93
"Diyarbakir",37.9144,40.2306,2005,8,30.99,NA
"Diyarbakir",37.9144,40.2306,2005,9,NA,3.3
"Diyarbakir",37.9144,40.2306,2005,9,23.98,NA
"Diyarbakir",37.9144,40.2306,2005,10,NA,37.51
"Diyarbakir",37.9144,40.2306,2005,10,16.04,NA
"Diyarbakir",37.9144,40.2306,2005,11,NA,39
"Diyarbakir",37.9144,40.2306,2005,11,7.84,NA
"Diyarbakir",37.9144,40.2306,2005,12,NA,76.88
"Diyarbakir",37.9144,40.2306,2005,12,4.8,NA
"Diyarbakir",37.9144,40.2306,2006,1,NA,87.11
"Diyarbakir",37.9144,40.2306,2006,1,-1.57,NA
"Diyarbakir",37.9144,40.2306,2006,2,NA,96.04
"Diyarbakir",37.9144,40.2306,2006,2,2.24,NA
"Diyarbakir",37.9144,40.2306,2006,3,NA,37.2
"Diyarbakir",37.9144,40.2306,2006,3,8.01,NA
"Diyarbakir",37.9144,40.2306,2006,4,NA,78.9
"Diyarbakir",37.9144,40.2306,2006,4,13.75,NA
"Diyarbakir",37.9144,40.2306,2006,5,NA,34.41
"Diyarbakir",37.9144,40.2306,2006,5,19.25,NA
"Diyarbakir",37.9144,40.2306,2006,6,NA,0.9
"Diyarbakir",37.9144,40.2306,2006,6,27.82,NA
"Diyarbakir",37.9144,40.2306,2006,7,NA,7.44
"Diyarbakir",37.9144,40.2306,2006,7,29.84,NA
"Diyarbakir",37.9144,40.2306,2006,8,NA,0
"Diyarbakir",37.9144,40.2306,2006,8,31.91,NA
"Diyarbakir",37.9144,40.2306,2006,9,NA,3.6
"Diyarbakir",37.9144,40.2306,2006,9,24.15,NA
"Diyarbakir",37.9144,40.2306,2006,10,NA,93.31
"Diyarbakir",37.9144,40.2306,2006,10,17.79,NA
"Diyarbakir",37.9144,40.2306,2006,11,NA,62.7
"Diyarbakir",37.9144,40.2306,2006,11,6.87,NA
"Diyarbakir",37.9144,40.2306,2006,12,NA,23.25
"Diyarbakir",37.9144,40.2306,2006,12,2,NA
"Diyarbakir",37.9144,40.2306,2007,1,NA,40.92
"Diyarbakir",37.9144,40.2306,2007,1,0.08,NA
"Diyarbakir",37.9144,40.2306,2007,2,NA,59.64
"Diyarbakir",37.9144,40.2306,2007,2,2.79,NA
"Diyarbakir",37.9144,40.2306,2007,3,NA,65.1
"Diyarbakir",37.9144,40.2306,2007,3,7.44,NA
"Diyarbakir",37.9144,40.2306,2007,4,NA,78
"Diyarbakir",37.9144,40.2306,2007,4,9.68,NA
"Diyarbakir",37.9144,40.2306,2007,5,NA,34.41
"Diyarbakir",37.9144,40.2306,2007,5,20.74,NA
"Diyarbakir",37.9144,40.2306,2007,6,NA,13.5
"Diyarbakir",37.9144,40.2306,2007,6,26.2,NA
"Diyarbakir",37.9144,40.2306,2007,7,NA,2.17
"Diyarbakir",37.9144,40.2306,2007,7,30.66,NA
"Diyarbakir",37.9144,40.2306,2007,8,NA,1.86
"Diyarbakir",37.9144,40.2306,2007,8,30.81,NA
"Diyarbakir",37.9144,40.2306,2007,9,NA,0
"Diyarbakir",37.9144,40.2306,2007,9,25.85,NA
"Diyarbakir",37.9144,40.2306,2007,10,NA,14.57
"Diyarbakir",37.9144,40.2306,2007,10,19.25,NA
"Diyarbakir",37.9144,40.2306,2007,11,NA,36.6
"Diyarbakir",37.9144,40.2306,2007,11,8.82,NA
"Diyarbakir",37.9144,40.2306,2007,12,NA,45.88
"Diyarbakir",37.9144,40.2306,2007,12,2.5,NA
"Diyarbakir",37.9144,40.2306,2008,1,NA,42.16
"Diyarbakir",37.9144,40.2306,2008,1,-1.14,NA
"Diyarbakir",37.9144,40.2306,2008,2,NA,38.57
"Diyarbakir",37.9144,40.2306,2008,2,0.86,NA
"Diyarbakir",37.9144,40.2306,2008,3,NA,24.49
"Diyarbakir",37.9144,40.2306,2008,3,10.88,NA
"Diyarbakir",37.9144,40.2306,2008,4,NA,18.3
"Diyarbakir",37.9144,40.2306,2008,4,16.29,NA
"Diyarbakir",37.9144,40.2306,2008,5,NA,44.95
"Diyarbakir",37.9144,40.2306,2008,5,18.47,NA
"Diyarbakir",37.9144,40.2306,2008,6,NA,6.6
"Diyarbakir",37.9144,40.2306,2008,6,25.94,NA
"Diyarbakir",37.9144,40.2306,2008,7,NA,0
"Diyarbakir",37.9144,40.2306,2008,7,30.18,NA
"Diyarbakir",37.9144,40.2306,2008,8,NA,1.55
"Diyarbakir",37.9144,40.2306,2008,8,31.5,NA
"Diyarbakir",37.9144,40.2306,2008,9,NA,54.6
"Diyarbakir",37.9144,40.2306,2008,9,24.09,NA
"Diyarbakir",37.9144,40.2306,2008,10,NA,38.75
"Diyarbakir",37.9144,40.2306,2008,10,16.59,NA
"Diyarbakir",37.9144,40.2306,2008,11,NA,58.2
"Diyarbakir",37.9144,40.2306,2008,11,9.58,NA
"Diyarbakir",37.9144,40.2306,2008,12,NA,44.95
"Diyarbakir",37.9144,40.2306,2008,12,1.97,NA
"Diyarbakir",37.9144,40.2306,2009,1,NA,26.66
"Diyarbakir",37.9144,40.2306,2009,1,0.38,NA
"Diyarbakir",37.9144,40.2306,2009,2,NA,85.96
"Diyarbakir",37.9144,40.2306,2009,2,4.36,NA
"Diyarbakir",37.9144,40.2306,2009,3,NA,70.68
"Diyarbakir",37.9144,40.2306,2009,3,6.12,NA
"Diyarbakir",37.9144,40.2306,2009,4,NA,42.6
"Diyarbakir",37.9144,40.2306,2009,4,11.69,NA
"Diyarbakir",37.9144,40.2306,2009,5,NA,11.78
"Diyarbakir",37.9144,40.2306,2009,5,18.42,NA
"Diyarbakir",37.9144,40.2306,2009,6,NA,15.6
"Diyarbakir",37.9144,40.2306,2009,6,25.85,NA
"Diyarbakir",37.9144,40.2306,2009,7,NA,3.72
"Diyarbakir",37.9144,40.2306,2009,7,29.73,NA
"Diyarbakir",37.9144,40.2306,2009,8,NA,0.93
"Diyarbakir",37.9144,40.2306,2009,8,28.22,NA
"Diyarbakir",37.9144,40.2306,2009,9,NA,29.1
"Diyarbakir",37.9144,40.2306,2009,9,22.47,NA
"Diyarbakir",37.9144,40.2306,2009,10,NA,78.12
"Diyarbakir",37.9144,40.2306,2009,10,19.04,NA
"Diyarbakir",37.9144,40.2306,2009,11,NA,56.7
"Diyarbakir",37.9144,40.2306,2009,11,8.88,NA
"Diyarbakir",37.9144,40.2306,2009,12,NA,93.31
"Diyarbakir",37.9144,40.2306,2009,12,5.39,NA
"Diyarbakir",37.9144,40.2306,2010,1,NA,137.95
"Diyarbakir",37.9144,40.2306,2010,1,3.33,NA
"Diyarbakir",37.9144,40.2306,2010,2,NA,31.92
"Diyarbakir",37.9144,40.2306,2010,2,4.91,NA
"Diyarbakir",37.9144,40.2306,2010,3,NA,57.35
"Diyarbakir",37.9144,40.2306,2010,3,9.65,NA
"Diyarbakir",37.9144,40.2306,2010,4,NA,36
"Diyarbakir",37.9144,40.2306,2010,4,13.1,NA
"Diyarbakir",37.9144,40.2306,2010,5,NA,32.55
"Diyarbakir",37.9144,40.2306,2010,5,19.34,NA
"Diyarbakir",37.9144,40.2306,2010,6,NA,21.3
"Diyarbakir",37.9144,40.2306,2010,6,26.46,NA
"Diyarbakir",37.9144,40.2306,2010,7,NA,2.17
"Diyarbakir",37.9144,40.2306,2010,7,31.79,NA
"Diyarbakir",37.9144,40.2306,2010,8,NA,1.55
"Diyarbakir",37.9144,40.2306,2010,8,31.36,NA
"Diyarbakir",37.9144,40.2306,2010,9,NA,1.5
"Diyarbakir",37.9144,40.2306,2010,9,26.99,NA
"Diyarbakir",37.9144,40.2306,2010,10,NA,41.85
"Diyarbakir",37.9144,40.2306,2010,10,17.54,NA
"Diyarbakir",37.9144,40.2306,2010,11,NA,0
"Diyarbakir",37.9144,40.2306,2010,11,12.27,NA
"Diyarbakir",37.9144,40.2306,2010,12,NA,50.53
"Diyarbakir",37.9144,40.2306,2010,12,6.73,NA
"Diyarbakir",37.9144,40.2306,2011,1,NA,34.1
"Diyarbakir",37.9144,40.2306,2011,1,2.49,NA
"Diyarbakir",37.9144,40.2306,2011,2,NA,59.92
"Diyarbakir",37.9144,40.2306,2011,2,2.99,NA
"Diyarbakir",37.9144,40.2306,2011,3,NA,35.03
"Diyarbakir",37.9144,40.2306,2011,3,7.39,NA
"Diyarbakir",37.9144,40.2306,2011,4,NA,172.2
"Diyarbakir",37.9144,40.2306,2011,4,12,NA
"Diyarbakir",37.9144,40.2306,2011,5,NA,59.21
"Diyarbakir",37.9144,40.2306,2011,5,16.73,NA
"Diyarbakir",37.9144,40.2306,2011,6,NA,23.1
"Diyarbakir",37.9144,40.2306,2011,6,24.24,NA
"Diyarbakir",37.9144,40.2306,2011,7,NA,1.55
"Diyarbakir",37.9144,40.2306,2011,7,31.15,NA
"Diyarbakir",37.9144,40.2306,2011,8,NA,0.62
"Diyarbakir",37.9144,40.2306,2011,8,30.3,NA
"Diyarbakir",37.9144,40.2306,2011,9,NA,8.4
"Diyarbakir",37.9144,40.2306,2011,9,24.82,NA
"Diyarbakir",37.9144,40.2306,2011,10,NA,12.09
"Diyarbakir",37.9144,40.2306,2011,10,15.94,NA
"Diyarbakir",37.9144,40.2306,2011,11,NA,62.4
"Diyarbakir",37.9144,40.2306,2011,11,4.85,NA
"Diyarbakir",37.9144,40.2306,2011,12,NA,41.85
"Diyarbakir",37.9144,40.2306,2011,12,2.11,NA
"Diyarbakir",37.9144,40.2306,2012,1,NA,87.73
"Diyarbakir",37.9144,40.2306,2012,1,0.04,NA
"Diyarbakir",37.9144,40.2306,2012,2,NA,83.81
"Diyarbakir",37.9144,40.2306,2012,2,-0.39,NA
"Diyarbakir",37.9144,40.2306,2012,3,NA,39.68
"Diyarbakir",37.9144,40.2306,2012,3,2.88,NA
"Diyarbakir",37.9144,40.2306,2012,4,NA,31.2
"Diyarbakir",37.9144,40.2306,2012,4,14.12,NA
"Diyarbakir",37.9144,40.2306,2012,5,NA,43.09
"Diyarbakir",37.9144,40.2306,2012,5,19.12,NA
"Diyarbakir",37.9144,40.2306,2012,6,NA,6.6
"Diyarbakir",37.9144,40.2306,2012,6,27.02,NA
"Diyarbakir",37.9144,40.2306,2012,7,NA,1.86
"Diyarbakir",37.9144,40.2306,2012,7,30.97,NA
"Diyarbakir",37.9144,40.2306,2012,8,NA,0.31
"Diyarbakir",37.9144,40.2306,2012,8,30.72,NA
"Diyarbakir",37.9144,40.2306,2012,9,NA,1.5
"Diyarbakir",37.9144,40.2306,2012,9,25.97,NA
"Diyarbakir",37.9144,40.2306,2012,10,NA,72.23
"Diyarbakir",37.9144,40.2306,2012,10,18.38,NA
"Diyarbakir",37.9144,40.2306,2012,11,NA,72
"Diyarbakir",37.9144,40.2306,2012,11,11.17,NA
"Diyarbakir",37.9144,40.2306,2012,12,NA,141.67
"Diyarbakir",37.9144,40.2306,2012,12,2.77,NA
"Diyarbakir",37.9144,40.2306,2013,1,NA,93.31
"Diyarbakir",37.9144,40.2306,2013,1,-0.1,NA
"Diyarbakir",37.9144,40.2306,2013,2,NA,74.48
"Diyarbakir",37.9144,40.2306,2013,2,4.29,NA
"Diyarbakir",37.9144,40.2306,2013,3,NA,24.18
"Diyarbakir",37.9144,40.2306,2013,3,7.62,NA
"Diyarbakir",37.9144,40.2306,2013,4,NA,39
"Diyarbakir",37.9144,40.2306,2013,4,13.69,NA
"Diyarbakir",37.9144,40.2306,2013,5,NA,85.87
"Diyarbakir",37.9144,40.2306,2013,5,18.98,NA
"Diyarbakir",37.9144,40.2306,2013,6,NA,6.9
"Diyarbakir",37.9144,40.2306,2013,6,25.1,NA
"Diyarbakir",37.9144,40.2306,2013,7,NA,0
"Diyarbakir",37.9144,40.2306,2013,7,30.15,NA
"Diyarbakir",37.9144,40.2306,2013,8,NA,0
"Diyarbakir",37.9144,40.2306,2013,8,29.68,NA
"Diyarbakir",37.9144,40.2306,2013,9,NA,1.5
"Diyarbakir",37.9144,40.2306,2013,9,23.51,NA
"Diyarbakir",37.9144,40.2306,2013,10,NA,4.96
"Diyarbakir",37.9144,40.2306,2013,10,16.01,NA
"Diyarbakir",37.9144,40.2306,2013,11,NA,37.5
"Diyarbakir",37.9144,40.2306,2013,11,11.33,NA
"Diyarbakir",37.9144,40.2306,2013,12,NA,31.93
"Diyarbakir",37.9144,40.2306,2013,12,0.23,NA
"Diyarbakir",37.9144,40.2306,2014,1,NA,38.13
"Diyarbakir",37.9144,40.2306,2014,1,3,NA
"Diyarbakir",37.9144,40.2306,2014,2,NA,36.68
"Diyarbakir",37.9144,40.2306,2014,2,4.9,NA
"Diyarbakir",37.9144,40.2306,2014,3,NA,41.23
"Diyarbakir",37.9144,40.2306,2014,3,9.65,NA
"Diyarbakir",37.9144,40.2306,2014,4,NA,39
"Diyarbakir",37.9144,40.2306,2014,4,14.33,NA
"Diyarbakir",37.9144,40.2306,2014,5,NA,34.72
"Diyarbakir",37.9144,40.2306,2014,5,20.33,NA
"Diyarbakir",37.9144,40.2306,2014,6,NA,19.5
"Diyarbakir",37.9144,40.2306,2014,6,25.53,NA
"Diyarbakir",37.9144,40.2306,2014,7,NA,1.24
"Diyarbakir",37.9144,40.2306,2014,7,31.13,NA
"Diyarbakir",37.9144,40.2306,2014,8,NA,0.62
"Diyarbakir",37.9144,40.2306,2014,8,31.24,NA
"Diyarbakir",37.9144,40.2306,2014,9,NA,26.4
"Diyarbakir",37.9144,40.2306,2014,9,24.56,NA
"Diyarbakir",37.9144,40.2306,2014,10,NA,47.43
"Diyarbakir",37.9144,40.2306,2014,10,16.52,NA
"Diyarbakir",37.9144,40.2306,2014,11,NA,69.3
"Diyarbakir",37.9144,40.2306,2014,11,7.64,NA
"Diyarbakir",37.9144,40.2306,2014,12,NA,57.66
"Diyarbakir",37.9144,40.2306,2014,12,5.42,NA
"Diyarbakir",37.9144,40.2306,2015,1,NA,60.76
"Diyarbakir",37.9144,40.2306,2015,1,1.07,NA
"Diyarbakir",37.9144,40.2306,2015,2,NA,68.04
"Diyarbakir",37.9144,40.2306,2015,2,3.96,NA
"Diyarbakir",37.9144,40.2306,2015,3,NA,109.43
"Diyarbakir",37.9144,40.2306,2015,3,7.16,NA
"Diyarbakir",37.9144,40.2306,2015,4,NA,43.2
"Diyarbakir",37.9144,40.2306,2015,4,11.46,NA
"Diyarbakir",37.9144,40.2306,2015,5,NA,31.62
"Diyarbakir",37.9144,40.2306,2015,5,18.55,NA
"Diyarbakir",37.9144,40.2306,2015,6,NA,6.9
"Diyarbakir",37.9144,40.2306,2015,6,25.85,NA
"Diyarbakir",37.9144,40.2306,2015,7,NA,0
"Diyarbakir",37.9144,40.2306,2015,7,31.61,NA
"Diyarbakir",37.9144,40.2306,2015,8,NA,1.24
"Diyarbakir",37.9144,40.2306,2015,8,31.24,NA
"Diyarbakir",37.9144,40.2306,2015,9,NA,0.9
"Diyarbakir",37.9144,40.2306,2015,9,27.56,NA
"Diyarbakir",37.9144,40.2306,2015,10,NA,77.81
"Diyarbakir",37.9144,40.2306,2015,10,17.82,NA
"Diyarbakir",37.9144,40.2306,2015,11,NA,26.1
"Diyarbakir",37.9144,40.2306,2015,11,9.21,NA
"Diyarbakir",37.9144,40.2306,2015,12,NA,22.01
"Diyarbakir",37.9144,40.2306,2015,12,3.34,NA
"Diyarbakir",37.9144,40.2306,2016,1,NA,84.32
"Diyarbakir",37.9144,40.2306,2016,1,-0.71,NA
"Diyarbakir",37.9144,40.2306,2016,2,NA,68.44
"Diyarbakir",37.9144,40.2306,2016,2,5.81,NA
"Diyarbakir",37.9144,40.2306,2016,3,NA,57.04
"Diyarbakir",37.9144,40.2306,2016,3,8.39,NA
"Diyarbakir",37.9144,40.2306,2016,4,NA,30
"Diyarbakir",37.9144,40.2306,2016,4,15.18,NA
"Diyarbakir",37.9144,40.2306,2016,5,NA,39.06
"Diyarbakir",37.9144,40.2306,2016,5,18.94,NA
"Diyarbakir",37.9144,40.2306,2016,6,NA,12.3
"Diyarbakir",37.9144,40.2306,2016,6,25.96,NA
"Diyarbakir",37.9144,40.2306,2016,7,NA,1.86
"Diyarbakir",37.9144,40.2306,2016,7,31.13,NA
"Diyarbakir",37.9144,40.2306,2016,8,NA,0.31
"Diyarbakir",37.9144,40.2306,2016,8,32.15,NA
"Diyarbakir",37.9144,40.2306,2016,9,NA,7.2
"Diyarbakir",37.9144,40.2306,2016,9,23.5,NA
"Diyarbakir",37.9144,40.2306,2016,10,NA,13.64
"Diyarbakir",37.9144,40.2306,2016,10,18.52,NA
"Diyarbakir",37.9144,40.2306,2016,11,NA,49.2
"Diyarbakir",37.9144,40.2306,2016,11,8.07,NA
"Diyarbakir",37.9144,40.2306,2016,12,NA,102.61
"Diyarbakir",37.9144,40.2306,2016,12,-1.05,NA
"Diyarbakir",37.9144,40.2306,2017,1,NA,28.21
"Diyarbakir",37.9144,40.2306,2017,1,-0.27,NA
"Diyarbakir",37.9144,40.2306,2017,2,NA,5.6
"Diyarbakir",37.9144,40.2306,2017,2,1.2,NA
"Diyarbakir",37.9144,40.2306,2017,3,NA,84.94
"Diyarbakir",37.9144,40.2306,2017,3,8.05,NA
"Diyarbakir",37.9144,40.2306,2017,4,NA,79.5
"Diyarbakir",37.9144,40.2306,2017,4,12.03,NA
"Diyarbakir",37.9144,40.2306,2017,5,NA,34.41
"Diyarbakir",37.9144,40.2306,2017,5,18.47,NA
"Diyarbakir",37.9144,40.2306,2017,6,NA,2.4
"Diyarbakir",37.9144,40.2306,2017,6,26.17,NA
"Diyarbakir",37.9144,40.2306,2017,7,NA,0
"Diyarbakir",37.9144,40.2306,2017,7,32.06,NA
"Diyarbakir",37.9144,40.2306,2017,8,NA,0.31
"Diyarbakir",37.9144,40.2306,2017,8,31.2,NA
"Diyarbakir",37.9144,40.2306,2017,9,NA,0.3
"Diyarbakir",37.9144,40.2306,2017,9,27.17,NA
"Diyarbakir",37.9144,40.2306,2017,10,NA,24.8
"Diyarbakir",37.9144,40.2306,2017,10,16.69,NA
"Diyarbakir",37.9144,40.2306,2017,11,NA,25.5
"Diyarbakir",37.9144,40.2306,2017,11,9.11,NA
"Diyarbakir",37.9144,40.2306,2017,12,NA,24.49
"Diyarbakir",37.9144,40.2306,2017,12,5.63,NA
"Diyarbakir",37.9144,40.2306,2018,1,NA,90.52
"Diyarbakir",37.9144,40.2306,2018,1,2.8,NA
"Diyarbakir",37.9144,40.2306,2018,2,NA,79.24
"Diyarbakir",37.9144,40.2306,2018,2,6.33,NA
"Diyarbakir",37.9144,40.2306,2018,3,NA,22.94
"Diyarbakir",37.9144,40.2306,2018,3,10.72,NA
"Diyarbakir",37.9144,40.2306,2018,4,NA,38.1
"Diyarbakir",37.9144,40.2306,2018,4,15.49,NA
"Diyarbakir",37.9144,40.2306,2018,5,NA,105.09
"Diyarbakir",37.9144,40.2306,2018,5,19.48,NA
"Diyarbakir",37.9144,40.2306,2018,6,NA,16.2
"Diyarbakir",37.9144,40.2306,2018,6,25.86,NA
"Diyarbakir",37.9144,40.2306,2018,7,NA,0.93
"Diyarbakir",37.9144,40.2306,2018,7,31.21,NA
"Diyarbakir",37.9144,40.2306,2018,8,NA,0.31
"Diyarbakir",37.9144,40.2306,2018,8,31.18,NA
"Diyarbakir",37.9144,40.2306,2018,9,NA,5.4
"Diyarbakir",37.9144,40.2306,2018,9,26.48,NA
"Diyarbakir",37.9144,40.2306,2018,10,NA,70.68
"Diyarbakir",37.9144,40.2306,2018,10,18.61,NA
"Diyarbakir",37.9144,40.2306,2018,11,NA,92.4
"Diyarbakir",37.9144,40.2306,2018,11,9.36,NA
"Diyarbakir",37.9144,40.2306,2018,12,NA,181.35
"Diyarbakir",37.9144,40.2306,2018,12,4.23,NA
"Diyarbakir",37.9144,40.2306,2019,1,NA,86.18
"Diyarbakir",37.9144,40.2306,2019,1,-0.1,NA
"Diyarbakir",37.9144,40.2306,2019,2,NA,74.76
"Diyarbakir",37.9144,40.2306,2019,2,2.88,NA
"Diyarbakir",37.9144,40.2306,2019,3,NA,121.83
"Diyarbakir",37.9144,40.2306,2019,3,6.4,NA
"Diyarbakir",37.9144,40.2306,2019,4,NA,136.8
"Diyarbakir",37.9144,40.2306,2019,4,10.75,NA
"Diyarbakir",37.9144,40.2306,2019,5,NA,36.89
"Diyarbakir",37.9144,40.2306,2019,5,18.78,NA
"Diyarbakir",37.9144,40.2306,2019,6,NA,3.6
"Diyarbakir",37.9144,40.2306,2019,6,26.73,NA
"Diyarbakir",37.9144,40.2306,2019,7,NA,0
"Diyarbakir",37.9144,40.2306,2019,7,29.81,NA
"Diyarbakir",37.9144,40.2306,2019,8,NA,2.48
"Diyarbakir",37.9144,40.2306,2019,8,30.97,NA
"Diyarbakir",37.9144,40.2306,2019,9,NA,0.3
"Diyarbakir",37.9144,40.2306,2019,9,25.05,NA
"Diyarbakir",37.9144,40.2306,2019,10,NA,38.13
"Diyarbakir",37.9144,40.2306,2019,10,19.61,NA
"Diyarbakir",37.9144,40.2306,2019,11,NA,17.7
"Diyarbakir",37.9144,40.2306,2019,11,9.86,NA
"Diyarbakir",37.9144,40.2306,2019,12,NA,151.28
"Diyarbakir",37.9144,40.2306,2019,12,4.36,NA
"Diyarbakir",37.9144,40.2306,2020,1,NA,85.87
"Diyarbakir",37.9144,40.2306,2020,1,1.19,NA
"Diyarbakir",37.9144,40.2306,2020,2,NA,66.7
"Diyarbakir",37.9144,40.2306,2020,2,1.32,NA
"Diyarbakir",37.9144,40.2306,2020,3,NA,146.94
"Diyarbakir",37.9144,40.2306,2020,3,9.14,NA
"Diyarbakir",37.9144,40.2306,2020,4,NA,91.5
"Diyarbakir",37.9144,40.2306,2020,4,11.94,NA
"Diyarbakir",37.9144,40.2306,2020,5,NA,63.55
"Diyarbakir",37.9144,40.2306,2020,5,17.5,NA
"Diyarbakir",37.9144,40.2306,2020,6,NA,1.8
"Diyarbakir",37.9144,40.2306,2020,6,24.7,NA
"Diyarbakir",37.9144,40.2306,2020,7,NA,1.86
"Diyarbakir",37.9144,40.2306,2020,7,31.66,NA
"Diyarbakir",37.9144,40.2306,2020,8,NA,0
"Diyarbakir",37.9144,40.2306,2020,8,29.95,NA
"Diyarbakir",37.9144,40.2306,2020,9,NA,0.3
"Diyarbakir",37.9144,40.2306,2020,9,28.13,NA
"Diyarbakir",37.9144,40.2306,2020,10,NA,0.62
"Diyarbakir",37.9144,40.2306,2020,10,20.82,NA
"Diyarbakir",37.9144,40.2306,2020,11,NA,52.5
"Diyarbakir",37.9144,40.2306,2020,11,9.73,NA
"Diyarbakir",37.9144,40.2306,2020,12,NA,36.27
"Diyarbakir",37.9144,40.2306,2020,12,4.01,NA
"Diyarbakir",37.9144,40.2306,2021,1,NA,70.37
"Diyarbakir",37.9144,40.2306,2021,1,2.36,NA
"Diyarbakir",37.9144,40.2306,2021,2,NA,21.56
"Diyarbakir",37.9144,40.2306,2021,2,4.83,NA
"Diyarbakir",37.9144,40.2306,2021,3,NA,56.11
"Diyarbakir",37.9144,40.2306,2021,3,7.2,NA
"Diyarbakir",37.9144,40.2306,2021,4,NA,7.2
"Diyarbakir",37.9144,40.2306,2021,4,15.45,NA
"Diyarbakir",37.9144,40.2306,2021,5,NA,2.79
"Diyarbakir",37.9144,40.2306,2021,5,23.18,NA
"Diyarbakir",37.9144,40.2306,2021,6,NA,0.3
"Diyarbakir",37.9144,40.2306,2021,6,27.12,NA
"Diyarbakir",37.9144,40.2306,2021,7,NA,0.31
"Diyarbakir",37.9144,40.2306,2021,7,32.12,NA
"Diyarbakir",37.9144,40.2306,2021,8,NA,3.72
"Diyarbakir",37.9144,40.2306,2021,8,31.37,NA
"Diyarbakir",37.9144,40.2306,2021,9,NA,2.4
"Diyarbakir",37.9144,40.2306,2021,9,24.56,NA
"Diyarbakir",37.9144,40.2306,2021,10,NA,27.59
"Diyarbakir",37.9144,40.2306,2021,10,17.95,NA
"Diyarbakir",37.9144,40.2306,2021,11,NA,24
"Diyarbakir",37.9144,40.2306,2021,11,11.13,NA
"Diyarbakir",37.9144,40.2306,2021,12,NA,30.38
"Diyarbakir",37.9144,40.2306,2021,12,3.52,NA
"Diyarbakir",37.9144,40.2306,2022,1,NA,66.03
"Diyarbakir",37.9144,40.2306,2022,1,-0.86,NA
"Diyarbakir",37.9144,40.2306,2022,2,NA,34.72
"Diyarbakir",37.9144,40.2306,2022,2,4.72,NA
"Diyarbakir",37.9144,40.2306,2022,3,NA,102.3
"Diyarbakir",37.9144,40.2306,2022,3,4.09,NA
"Diyarbakir",37.9144,40.2306,2022,4,NA,22.2
"Diyarbakir",37.9144,40.2306,2022,4,14.89,NA
"Diyarbakir",37.9144,40.2306,2022,5,NA,75.33
"Diyarbakir",37.9144,40.2306,2022,5,17.69,NA
"Diyarbakir",37.9144,40.2306,2022,6,NA,9
"Diyarbakir",37.9144,40.2306,2022,6,26.73,NA
"Diyarbakir",37.9144,40.2306,2022,7,NA,0
"Diyarbakir",37.9144,40.2306,2022,7,30.95,NA
"Diyarbakir",37.9144,40.2306,2022,8,NA,0
"Diyarbakir",37.9144,40.2306,2022,8,31.99,NA
"Diyarbakir",37.9144,40.2306,2022,9,NA,1.2
"Diyarbakir",37.9144,40.2306,2022,9,26.66,NA
"Diyarbakir",37.9144,40.2306,2022,10,NA,16.12
"Diyarbakir",37.9144,40.2306,2022,10,19.46,NA
"Diyarbakir",37.9144,40.2306,2022,11,NA,81.3
"Diyarbakir",37.9144,40.2306,2022,11,10.42,NA
"Diyarbakir",37.9144,40.2306,2022,12,NA,8.99
"Diyarbakir",37.9144,40.2306,2022,12,5.88,NA
"Diyarbakir",37.9144,40.2306,2023,1,NA,35.65
"Diyarbakir",37.9144,40.2306,2023,1,2.83,NA
"Diyarbakir",37.9144,40.2306,2023,2,NA,60.76
"Diyarbakir",37.9144,40.2306,2023,2,0.6,NA
"Diyarbakir",37.9144,40.2306,2023,3,NA,140.43
"Diyarbakir",37.9144,40.2306,2023,3,9.94,NA
"Diyarbakir",37.9144,40.2306,2023,4,NA,71.7
"Diyarbakir",37.9144,40.2306,2023,4,12.48,NA
"Diyarbakir",37.9144,40.2306,2023,5,NA,37.2
"Diyarbakir",37.9144,40.2306,2023,5,18.12,NA
"Diyarbakir",37.9144,40.2306,2023,6,NA,5.1
"Diyarbakir",37.9144,40.2306,2023,6,25.6,NA
"Diyarbakir",37.9144,40.2306,2023,7,NA,2.79
"Diyarbakir",37.9144,40.2306,2023,7,31.22,NA
"Diyarbakir",37.9144,40.2306,2023,8,NA,2.48
"Diyarbakir",37.9144,40.2306,2023,8,32.58,NA
"Diyarbakir",37.9144,40.2306,2023,9,NA,9.9
"Diyarbakir",37.9144,40.2306,2023,9,26.81,NA
"Diyarbakir",37.9144,40.2306,2023,10,NA,20.77
"Diyarbakir",37.9144,40.2306,2023,10,18.91,NA
"Diyarbakir",37.9144,40.2306,2023,11,NA,116.7
"Diyarbakir",37.9144,40.2306,2023,11,11.31,NA
"Diyarbakir",37.9144,40.2306,2023,12,NA,78.43
"Diyarbakir",37.9144,40.2306,2023,12,6.06,NA
"Diyarbakir",37.9144,40.2306,2024,1,NA,88.35
"Diyarbakir",37.9144,40.2306,2024,1,3.55,NA
"Diyarbakir",37.9144,40.2306,2024,2,NA,53.94
"Diyarbakir",37.9144,40.2306,2024,2,5.29,NA
"Diyarbakir",37.9144,40.2306,2024,3,NA,108.81
"Diyarbakir",37.9144,40.2306,2024,3,7.7,NA
"Diyarbakir",37.9144,40.2306,2024,4,NA,41.4
"Diyarbakir",37.9144,40.2306,2024,4,17.27,NA
"Diyarbakir",37.9144,40.2306,2024,5,NA,44.02
"Diyarbakir",37.9144,40.2306,2024,5,18.62,NA
"Diyarbakir",37.9144,40.2306,2024,6,NA,1.2
"Diyarbakir",37.9144,40.2306,2024,6,29.19,NA
"Diyarbakir",37.9144,40.2306,2024,7,NA,7.75
"Diyarbakir",37.9144,40.2306,2024,7,32.15,NA
"Diyarbakir",37.9144,40.2306,2024,8,NA,0.62
"Diyarbakir",37.9144,40.2306,2024,8,32.28,NA
"Diyarbakir",37.9144,40.2306,2024,9,NA,19.8
"Diyarbakir",37.9144,40.2306,2024,9,26.18,NA
"Diyarbakir",37.9144,40.2306,2024,10,NA,6.82
"Diyarbakir",37.9144,40.2306,2024,10,17.87,NA
"Diyarbakir",37.9144,40.2306,2024,11,NA,47.4
"Diyarbakir",37.9144,40.2306,2024,11,8.99,NA
"Diyarbakir",37.9144,40.2306,2024,12,NA,45.57
"Diyarbakir",37.9144,40.2306,2024,12,3.67,NA
"Diyarbakir",37.9144,40.2306,2025,1,NA,4.03
"Diyarbakir",37.9144,40.2306,2025,1,3.24,NA
"Diyarbakir",37.9144,40.2306,2025,2,NA,52.64
"Diyarbakir",37.9144,40.2306,2025,2,2,NA
"Diyarbakir",37.9144,40.2306,2025,3,NA,53.32
"Diyarbakir",37.9144,40.2306,2025,3,10.92,NA
"Diyarbakir",37.9144,40.2306,2025,4,NA,53.4
"Diyarbakir",37.9144,40.2306,2025,4,13.68,NA
"Diyarbakir",37.9144,40.2306,2025,5,NA,44.64
"Diyarbakir",37.9144,40.2306,2025,5,21.1,NA
"Diyarbakir",37.9144,40.2306,2025,6,NA,1.2
"Diyarbakir",37.9144,40.2306,2025,6,27.34,NA
"Diyarbakir",37.9144,40.2306,2025,7,NA,0.62
"Diyarbakir",37.9144,40.2306,2025,7,32.67,NA
"Diyarbakir",37.9144,40.2306,2025,8,NA,0
"Diyarbakir",37.9144,40.2306,2025,8,32.02,NA
"Diyarbakir",37.9144,40.2306,2025,9,NA,0.9
"Diyarbakir",37.9144,40.2306,2025,9,25.53,NA
"Diyarbakir",37.9144,40.2306,2025,10,NA,30.38
"Diyarbakir",37.9144,40.2306,2025,10,18.01,NA
"Diyarbakir",37.9144,40.2306,2025,11,NA,35.4
"Diyarbakir",37.9144,40.2306,2025,11,11.78,NA
"Diyarbakir",37.9144,40.2306,2025,12,NA,90.83
"Diyarbakir",37.9144,40.2306,2025,12,4.68,NA
"Gaziantep",37.0662,37.3833,1981,1,NA,173.91
"Gaziantep",37.0662,37.3833,1981,1,3.25,NA
"Gaziantep",37.0662,37.3833,1981,2,NA,45.36
"Gaziantep",37.0662,37.3833,1981,2,4.66,NA
"Gaziantep",37.0662,37.3833,1981,3,NA,43.71
"Gaziantep",37.0662,37.3833,1981,3,9.14,NA
"Gaziantep",37.0662,37.3833,1981,4,NA,35.1
"Gaziantep",37.0662,37.3833,1981,4,12.23,NA
"Gaziantep",37.0662,37.3833,1981,5,NA,26.35
"Gaziantep",37.0662,37.3833,1981,5,16.12,NA
"Gaziantep",37.0662,37.3833,1981,6,NA,19.8
"Gaziantep",37.0662,37.3833,1981,6,23.84,NA
"Gaziantep",37.0662,37.3833,1981,7,NA,0.93
"Gaziantep",37.0662,37.3833,1981,7,28.84,NA
"Gaziantep",37.0662,37.3833,1981,8,NA,0
"Gaziantep",37.0662,37.3833,1981,8,27.99,NA
"Gaziantep",37.0662,37.3833,1981,9,NA,0.6
"Gaziantep",37.0662,37.3833,1981,9,24.65,NA
"Gaziantep",37.0662,37.3833,1981,10,NA,13.64
"Gaziantep",37.0662,37.3833,1981,10,18.91,NA
"Gaziantep",37.0662,37.3833,1981,11,NA,55.2
"Gaziantep",37.0662,37.3833,1981,11,7.23,NA
"Gaziantep",37.0662,37.3833,1981,12,NA,48.05
"Gaziantep",37.0662,37.3833,1981,12,6.55,NA
"Gaziantep",37.0662,37.3833,1982,1,NA,52.39
"Gaziantep",37.0662,37.3833,1982,1,3.03,NA
"Gaziantep",37.0662,37.3833,1982,2,NA,44.8
"Gaziantep",37.0662,37.3833,1982,2,2.03,NA
"Gaziantep",37.0662,37.3833,1982,3,NA,27.59
"Gaziantep",37.0662,37.3833,1982,3,6.15,NA
"Gaziantep",37.0662,37.3833,1982,4,NA,24.9
"Gaziantep",37.0662,37.3833,1982,4,13.73,NA
"Gaziantep",37.0662,37.3833,1982,5,NA,74.4
"Gaziantep",37.0662,37.3833,1982,5,17.89,NA
"Gaziantep",37.0662,37.3833,1982,6,NA,5.7
"Gaziantep",37.0662,37.3833,1982,6,23.33,NA
"Gaziantep",37.0662,37.3833,1982,7,NA,2.17
"Gaziantep",37.0662,37.3833,1982,7,26.24,NA
"Gaziantep",37.0662,37.3833,1982,8,NA,0.62
"Gaziantep",37.0662,37.3833,1982,8,26.92,NA
"Gaziantep",37.0662,37.3833,1982,9,NA,4.8
"Gaziantep",37.0662,37.3833,1982,9,24.27,NA
"Gaziantep",37.0662,37.3833,1982,10,NA,27.28
"Gaziantep",37.0662,37.3833,1982,10,16.39,NA
"Gaziantep",37.0662,37.3833,1982,11,NA,27
"Gaziantep",37.0662,37.3833,1982,11,7.5,NA
"Gaziantep",37.0662,37.3833,1982,12,NA,43.09
"Gaziantep",37.0662,37.3833,1982,12,3.57,NA
"Gaziantep",37.0662,37.3833,1983,1,NA,58.9
"Gaziantep",37.0662,37.3833,1983,1,0.48,NA
"Gaziantep",37.0662,37.3833,1983,2,NA,79.24
"Gaziantep",37.0662,37.3833,1983,2,2.71,NA
"Gaziantep",37.0662,37.3833,1983,3,NA,57.04
"Gaziantep",37.0662,37.3833,1983,3,7.3,NA
"Gaziantep",37.0662,37.3833,1983,4,NA,64.2
"Gaziantep",37.0662,37.3833,1983,4,12.3,NA
"Gaziantep",37.0662,37.3833,1983,5,NA,46.81
"Gaziantep",37.0662,37.3833,1983,5,18.38,NA
"Gaziantep",37.0662,37.3833,1983,6,NA,8.4
"Gaziantep",37.0662,37.3833,1983,6,22.44,NA
"Gaziantep",37.0662,37.3833,1983,7,NA,0
"Gaziantep",37.0662,37.3833,1983,7,26.98,NA
"Gaziantep",37.0662,37.3833,1983,8,NA,0
"Gaziantep",37.0662,37.3833,1983,8,26.09,NA
"Gaziantep",37.0662,37.3833,1983,9,NA,0.9
"Gaziantep",37.0662,37.3833,1983,9,23.56,NA
"Gaziantep",37.0662,37.3833,1983,10,NA,13.95
"Gaziantep",37.0662,37.3833,1983,10,16.45,NA
"Gaziantep",37.0662,37.3833,1983,11,NA,82.8
"Gaziantep",37.0662,37.3833,1983,11,11.21,NA
"Gaziantep",37.0662,37.3833,1983,12,NA,40.92
"Gaziantep",37.0662,37.3833,1983,12,5.19,NA
"Gaziantep",37.0662,37.3833,1984,1,NA,79.36
"Gaziantep",37.0662,37.3833,1984,1,4.71,NA
"Gaziantep",37.0662,37.3833,1984,2,NA,41.76
"Gaziantep",37.0662,37.3833,1984,2,5.57,NA
"Gaziantep",37.0662,37.3833,1984,3,NA,79.98
"Gaziantep",37.0662,37.3833,1984,3,8.59,NA
"Gaziantep",37.0662,37.3833,1984,4,NA,60.6
"Gaziantep",37.0662,37.3833,1984,4,11.79,NA
"Gaziantep",37.0662,37.3833,1984,5,NA,5.27
"Gaziantep",37.0662,37.3833,1984,5,18.85,NA
"Gaziantep",37.0662,37.3833,1984,6,NA,7.2
"Gaziantep",37.0662,37.3833,1984,6,24.13,NA
"Gaziantep",37.0662,37.3833,1984,7,NA,0.31
"Gaziantep",37.0662,37.3833,1984,7,28.04,NA
"Gaziantep",37.0662,37.3833,1984,8,NA,0.93
"Gaziantep",37.0662,37.3833,1984,8,25.3,NA
"Gaziantep",37.0662,37.3833,1984,9,NA,0
"Gaziantep",37.0662,37.3833,1984,9,24.36,NA
"Gaziantep",37.0662,37.3833,1984,10,NA,9.92
"Gaziantep",37.0662,37.3833,1984,10,17.95,NA
"Gaziantep",37.0662,37.3833,1984,11,NA,113.4
"Gaziantep",37.0662,37.3833,1984,11,9.22,NA
"Gaziantep",37.0662,37.3833,1984,12,NA,39.06
"Gaziantep",37.0662,37.3833,1984,12,2.13,NA
"Gaziantep",37.0662,37.3833,1985,1,NA,77.5
"Gaziantep",37.0662,37.3833,1985,1,4.04,NA
"Gaziantep",37.0662,37.3833,1985,2,NA,57.68
"Gaziantep",37.0662,37.3833,1985,2,1.75,NA
"Gaziantep",37.0662,37.3833,1985,3,NA,53.63
"Gaziantep",37.0662,37.3833,1985,3,6.49,NA
"Gaziantep",37.0662,37.3833,1985,4,NA,36.9
"Gaziantep",37.0662,37.3833,1985,4,13.51,NA
"Gaziantep",37.0662,37.3833,1985,5,NA,15.19
"Gaziantep",37.0662,37.3833,1985,5,19.98,NA
"Gaziantep",37.0662,37.3833,1985,6,NA,1.5
"Gaziantep",37.0662,37.3833,1985,6,24.44,NA
"Gaziantep",37.0662,37.3833,1985,7,NA,0.62
"Gaziantep",37.0662,37.3833,1985,7,26.79,NA
"Gaziantep",37.0662,37.3833,1985,8,NA,0
"Gaziantep",37.0662,37.3833,1985,8,29.24,NA
"Gaziantep",37.0662,37.3833,1985,9,NA,1.5
"Gaziantep",37.0662,37.3833,1985,9,23.71,NA
"Gaziantep",37.0662,37.3833,1985,10,NA,46.5
"Gaziantep",37.0662,37.3833,1985,10,15.38,NA
"Gaziantep",37.0662,37.3833,1985,11,NA,43.8
"Gaziantep",37.0662,37.3833,1985,11,12.01,NA
"Gaziantep",37.0662,37.3833,1985,12,NA,54.25
"Gaziantep",37.0662,37.3833,1985,12,4.34,NA
"Gaziantep",37.0662,37.3833,1986,1,NA,74.71
"Gaziantep",37.0662,37.3833,1986,1,3.33,NA
"Gaziantep",37.0662,37.3833,1986,2,NA,89.6
"Gaziantep",37.0662,37.3833,1986,2,5.27,NA
"Gaziantep",37.0662,37.3833,1986,3,NA,13.95
"Gaziantep",37.0662,37.3833,1986,3,8.93,NA
"Gaziantep",37.0662,37.3833,1986,4,NA,30.9
"Gaziantep",37.0662,37.3833,1986,4,15,NA
"Gaziantep",37.0662,37.3833,1986,5,NA,39.06
"Gaziantep",37.0662,37.3833,1986,5,15.8,NA
"Gaziantep",37.0662,37.3833,1986,6,NA,15.6
"Gaziantep",37.0662,37.3833,1986,6,23.11,NA
"Gaziantep",37.0662,37.3833,1986,7,NA,0
"Gaziantep",37.0662,37.3833,1986,7,28.72,NA
"Gaziantep",37.0662,37.3833,1986,8,NA,0.62
"Gaziantep",37.0662,37.3833,1986,8,29.3,NA
"Gaziantep",37.0662,37.3833,1986,9,NA,5.1
"Gaziantep",37.0662,37.3833,1986,9,25.64,NA
"Gaziantep",37.0662,37.3833,1986,10,NA,36.89
"Gaziantep",37.0662,37.3833,1986,10,17.42,NA
"Gaziantep",37.0662,37.3833,1986,11,NA,45.9
"Gaziantep",37.0662,37.3833,1986,11,7.99,NA
"Gaziantep",37.0662,37.3833,1986,12,NA,72.23
"Gaziantep",37.0662,37.3833,1986,12,3.5,NA
"Gaziantep",37.0662,37.3833,1987,1,NA,126.17
"Gaziantep",37.0662,37.3833,1987,1,4.01,NA
"Gaziantep",37.0662,37.3833,1987,2,NA,43.12
"Gaziantep",37.0662,37.3833,1987,2,5.91,NA
"Gaziantep",37.0662,37.3833,1987,3,NA,90.21
"Gaziantep",37.0662,37.3833,1987,3,4.89,NA
"Gaziantep",37.0662,37.3833,1987,4,NA,12
"Gaziantep",37.0662,37.3833,1987,4,11.43,NA
"Gaziantep",37.0662,37.3833,1987,5,NA,2.17
"Gaziantep",37.0662,37.3833,1987,5,18.15,NA
"Gaziantep",37.0662,37.3833,1987,6,NA,1.2
"Gaziantep",37.0662,37.3833,1987,6,23.8,NA
"Gaziantep",37.0662,37.3833,1987,7,NA,0.62
"Gaziantep",37.0662,37.3833,1987,7,29.15,NA
"Gaziantep",37.0662,37.3833,1987,8,NA,0.62
"Gaziantep",37.0662,37.3833,1987,8,27.65,NA
"Gaziantep",37.0662,37.3833,1987,9,NA,1.2
"Gaziantep",37.0662,37.3833,1987,9,24.22,NA
"Gaziantep",37.0662,37.3833,1987,10,NA,57.97
"Gaziantep",37.0662,37.3833,1987,10,15.76,NA
"Gaziantep",37.0662,37.3833,1987,11,NA,59.7
"Gaziantep",37.0662,37.3833,1987,11,8.26,NA
"Gaziantep",37.0662,37.3833,1987,12,NA,62.31
"Gaziantep",37.0662,37.3833,1987,12,3.84,NA
"Gaziantep",37.0662,37.3833,1988,1,NA,60.45
"Gaziantep",37.0662,37.3833,1988,1,1.84,NA
"Gaziantep",37.0662,37.3833,1988,2,NA,47.27
"Gaziantep",37.0662,37.3833,1988,2,3.96,NA
"Gaziantep",37.0662,37.3833,1988,3,NA,91.14
"Gaziantep",37.0662,37.3833,1988,3,6.43,NA
"Gaziantep",37.0662,37.3833,1988,4,NA,50.1
"Gaziantep",37.0662,37.3833,1988,4,12.65,NA
"Gaziantep",37.0662,37.3833,1988,5,NA,8.37
"Gaziantep",37.0662,37.3833,1988,5,18.48,NA
"Gaziantep",37.0662,37.3833,1988,6,NA,12.6
"Gaziantep",37.0662,37.3833,1988,6,23.29,NA
"Gaziantep",37.0662,37.3833,1988,7,NA,1.55
"Gaziantep",37.0662,37.3833,1988,7,29.1,NA
"Gaziantep",37.0662,37.3833,1988,8,NA,0.62
"Gaziantep",37.0662,37.3833,1988,8,28.5,NA
"Gaziantep",37.0662,37.3833,1988,9,NA,4.5
"Gaziantep",37.0662,37.3833,1988,9,23.93,NA
"Gaziantep",37.0662,37.3833,1988,10,NA,62.93
"Gaziantep",37.0662,37.3833,1988,10,15.87,NA
"Gaziantep",37.0662,37.3833,1988,11,NA,61.5
"Gaziantep",37.0662,37.3833,1988,11,5.72,NA
"Gaziantep",37.0662,37.3833,1988,12,NA,39.37
"Gaziantep",37.0662,37.3833,1988,12,3.69,NA
"Gaziantep",37.0662,37.3833,1989,1,NA,9.92
"Gaziantep",37.0662,37.3833,1989,1,0.22,NA
"Gaziantep",37.0662,37.3833,1989,2,NA,4.2
"Gaziantep",37.0662,37.3833,1989,2,3.25,NA
"Gaziantep",37.0662,37.3833,1989,3,NA,52.7
"Gaziantep",37.0662,37.3833,1989,3,9.54,NA
"Gaziantep",37.0662,37.3833,1989,4,NA,1.2
"Gaziantep",37.0662,37.3833,1989,4,18.36,NA
"Gaziantep",37.0662,37.3833,1989,5,NA,0.62
"Gaziantep",37.0662,37.3833,1989,5,21.06,NA
"Gaziantep",37.0662,37.3833,1989,6,NA,0.3
"Gaziantep",37.0662,37.3833,1989,6,24.45,NA
"Gaziantep",37.0662,37.3833,1989,7,NA,0
"Gaziantep",37.0662,37.3833,1989,7,28.87,NA
"Gaziantep",37.0662,37.3833,1989,8,NA,0
"Gaziantep",37.0662,37.3833,1989,8,27.5,NA
"Gaziantep",37.0662,37.3833,1989,9,NA,2.4
"Gaziantep",37.0662,37.3833,1989,9,22.99,NA
"Gaziantep",37.0662,37.3833,1989,10,NA,40.61
"Gaziantep",37.0662,37.3833,1989,10,15.25,NA
"Gaziantep",37.0662,37.3833,1989,11,NA,74.7
"Gaziantep",37.0662,37.3833,1989,11,9.18,NA
"Gaziantep",37.0662,37.3833,1989,12,NA,50.53
"Gaziantep",37.0662,37.3833,1989,12,4.37,NA
"Gaziantep",37.0662,37.3833,1990,1,NA,39.68
"Gaziantep",37.0662,37.3833,1990,1,0.56,NA
"Gaziantep",37.0662,37.3833,1990,2,NA,65.24
"Gaziantep",37.0662,37.3833,1990,2,3.68,NA
"Gaziantep",37.0662,37.3833,1990,3,NA,11.47
"Gaziantep",37.0662,37.3833,1990,3,8.63,NA
"Gaziantep",37.0662,37.3833,1990,4,NA,20.7
"Gaziantep",37.0662,37.3833,1990,4,13.33,NA
"Gaziantep",37.0662,37.3833,1990,5,NA,2.17
"Gaziantep",37.0662,37.3833,1990,5,19.16,NA
"Gaziantep",37.0662,37.3833,1990,6,NA,1.8
"Gaziantep",37.0662,37.3833,1990,6,24.87,NA
"Gaziantep",37.0662,37.3833,1990,7,NA,0.62
"Gaziantep",37.0662,37.3833,1990,7,28.7,NA
"Gaziantep",37.0662,37.3833,1990,8,NA,0.93
"Gaziantep",37.0662,37.3833,1990,8,26.99,NA
"Gaziantep",37.0662,37.3833,1990,9,NA,0.6
"Gaziantep",37.0662,37.3833,1990,9,23.14,NA
"Gaziantep",37.0662,37.3833,1990,10,NA,5.89
"Gaziantep",37.0662,37.3833,1990,10,17.92,NA
"Gaziantep",37.0662,37.3833,1990,11,NA,48
"Gaziantep",37.0662,37.3833,1990,11,11.34,NA
"Gaziantep",37.0662,37.3833,1990,12,NA,12.4
"Gaziantep",37.0662,37.3833,1990,12,5.36,NA
"Gaziantep",37.0662,37.3833,1991,1,NA,54.25
"Gaziantep",37.0662,37.3833,1991,1,2.53,NA
"Gaziantep",37.0662,37.3833,1991,2,NA,41.72
"Gaziantep",37.0662,37.3833,1991,2,2.89,NA
"Gaziantep",37.0662,37.3833,1991,3,NA,64.17
"Gaziantep",37.0662,37.3833,1991,3,8.74,NA
"Gaziantep",37.0662,37.3833,1991,4,NA,39
"Gaziantep",37.0662,37.3833,1991,4,13.51,NA
"Gaziantep",37.0662,37.3833,1991,5,NA,27.9
"Gaziantep",37.0662,37.3833,1991,5,17.44,NA
"Gaziantep",37.0662,37.3833,1991,6,NA,0.6
"Gaziantep",37.0662,37.3833,1991,6,25.35,NA
"Gaziantep",37.0662,37.3833,1991,7,NA,2.79
"Gaziantep",37.0662,37.3833,1991,7,27.18,NA
"Gaziantep",37.0662,37.3833,1991,8,NA,0.31
"Gaziantep",37.0662,37.3833,1991,8,27.4,NA
"Gaziantep",37.0662,37.3833,1991,9,NA,6.9
"Gaziantep",37.0662,37.3833,1991,9,23.23,NA
"Gaziantep",37.0662,37.3833,1991,10,NA,32.55
"Gaziantep",37.0662,37.3833,1991,10,17.57,NA
"Gaziantep",37.0662,37.3833,1991,11,NA,40.5
"Gaziantep",37.0662,37.3833,1991,11,10.06,NA
"Gaziantep",37.0662,37.3833,1991,12,NA,110.05
"Gaziantep",37.0662,37.3833,1991,12,2.39,NA
"Gaziantep",37.0662,37.3833,1992,1,NA,36.27
"Gaziantep",37.0662,37.3833,1992,1,-0.96,NA
"Gaziantep",37.0662,37.3833,1992,2,NA,63.8
"Gaziantep",37.0662,37.3833,1992,2,-0.72,NA
"Gaziantep",37.0662,37.3833,1992,3,NA,17.05
"Gaziantep",37.0662,37.3833,1992,3,4.67,NA
"Gaziantep",37.0662,37.3833,1992,4,NA,4.8
"Gaziantep",37.0662,37.3833,1992,4,12.09,NA
"Gaziantep",37.0662,37.3833,1992,5,NA,25.73
"Gaziantep",37.0662,37.3833,1992,5,17.18,NA
"Gaziantep",37.0662,37.3833,1992,6,NA,22.2
"Gaziantep",37.0662,37.3833,1992,6,22.41,NA
"Gaziantep",37.0662,37.3833,1992,7,NA,3.41
"Gaziantep",37.0662,37.3833,1992,7,25.61,NA
"Gaziantep",37.0662,37.3833,1992,8,NA,0.62
"Gaziantep",37.0662,37.3833,1992,8,27.57,NA
"Gaziantep",37.0662,37.3833,1992,9,NA,6.6
"Gaziantep",37.0662,37.3833,1992,9,22.86,NA
"Gaziantep",37.0662,37.3833,1992,10,NA,2.48
"Gaziantep",37.0662,37.3833,1992,10,19.06,NA
"Gaziantep",37.0662,37.3833,1992,11,NA,57.6
"Gaziantep",37.0662,37.3833,1992,11,8.27,NA
"Gaziantep",37.0662,37.3833,1992,12,NA,40.3
"Gaziantep",37.0662,37.3833,1992,12,1.38,NA
"Gaziantep",37.0662,37.3833,1993,1,NA,57.66
"Gaziantep",37.0662,37.3833,1993,1,0.89,NA
"Gaziantep",37.0662,37.3833,1993,2,NA,82.32
"Gaziantep",37.0662,37.3833,1993,2,0.83,NA
"Gaziantep",37.0662,37.3833,1993,3,NA,52.08
"Gaziantep",37.0662,37.3833,1993,3,6.59,NA
"Gaziantep",37.0662,37.3833,1993,4,NA,25.8
"Gaziantep",37.0662,37.3833,1993,4,12.79,NA
"Gaziantep",37.0662,37.3833,1993,5,NA,65.1
"Gaziantep",37.0662,37.3833,1993,5,16.63,NA
"Gaziantep",37.0662,37.3833,1993,6,NA,3.9
"Gaziantep",37.0662,37.3833,1993,6,23.1,NA
"Gaziantep",37.0662,37.3833,1993,7,NA,0
"Gaziantep",37.0662,37.3833,1993,7,28.25,NA
"Gaziantep",37.0662,37.3833,1993,8,NA,0
"Gaziantep",37.0662,37.3833,1993,8,28.65,NA
"Gaziantep",37.0662,37.3833,1993,9,NA,0.6
"Gaziantep",37.0662,37.3833,1993,9,24.11,NA
"Gaziantep",37.0662,37.3833,1993,10,NA,4.03
"Gaziantep",37.0662,37.3833,1993,10,19.7,NA
"Gaziantep",37.0662,37.3833,1993,11,NA,48.6
"Gaziantep",37.0662,37.3833,1993,11,6.9,NA
"Gaziantep",37.0662,37.3833,1993,12,NA,31
"Gaziantep",37.0662,37.3833,1993,12,6.03,NA
"Gaziantep",37.0662,37.3833,1994,1,NA,119.35
"Gaziantep",37.0662,37.3833,1994,1,5.49,NA
"Gaziantep",37.0662,37.3833,1994,2,NA,107.24
"Gaziantep",37.0662,37.3833,1994,2,4.52,NA
"Gaziantep",37.0662,37.3833,1994,3,NA,18.29
"Gaziantep",37.0662,37.3833,1994,3,8.88,NA
"Gaziantep",37.0662,37.3833,1994,4,NA,7.2
"Gaziantep",37.0662,37.3833,1994,4,16.01,NA
"Gaziantep",37.0662,37.3833,1994,5,NA,21.39
"Gaziantep",37.0662,37.3833,1994,5,20.32,NA
"Gaziantep",37.0662,37.3833,1994,6,NA,1.8
"Gaziantep",37.0662,37.3833,1994,6,24.7,NA
"Gaziantep",37.0662,37.3833,1994,7,NA,0.62
"Gaziantep",37.0662,37.3833,1994,7,28,NA
"Gaziantep",37.0662,37.3833,1994,8,NA,1.86
"Gaziantep",37.0662,37.3833,1994,8,27.71,NA
"Gaziantep",37.0662,37.3833,1994,9,NA,4.2
"Gaziantep",37.0662,37.3833,1994,9,27.09,NA
"Gaziantep",37.0662,37.3833,1994,10,NA,33.17
"Gaziantep",37.0662,37.3833,1994,10,20,NA
"Gaziantep",37.0662,37.3833,1994,11,NA,100.8
"Gaziantep",37.0662,37.3833,1994,11,8.43,NA
"Gaziantep",37.0662,37.3833,1994,12,NA,84.63
"Gaziantep",37.0662,37.3833,1994,12,1.34,NA
"Gaziantep",37.0662,37.3833,1995,1,NA,58.59
"Gaziantep",37.0662,37.3833,1995,1,4.63,NA
"Gaziantep",37.0662,37.3833,1995,2,NA,59.92
"Gaziantep",37.0662,37.3833,1995,2,6.27,NA
"Gaziantep",37.0662,37.3833,1995,3,NA,35.65
"Gaziantep",37.0662,37.3833,1995,3,8.62,NA
"Gaziantep",37.0662,37.3833,1995,4,NA,49.2
"Gaziantep",37.0662,37.3833,1995,4,12.4,NA
"Gaziantep",37.0662,37.3833,1995,5,NA,13.95
"Gaziantep",37.0662,37.3833,1995,5,19.71,NA
"Gaziantep",37.0662,37.3833,1995,6,NA,21
"Gaziantep",37.0662,37.3833,1995,6,24.99,NA
"Gaziantep",37.0662,37.3833,1995,7,NA,1.55
"Gaziantep",37.0662,37.3833,1995,7,26.94,NA
"Gaziantep",37.0662,37.3833,1995,8,NA,0.93
"Gaziantep",37.0662,37.3833,1995,8,28.2,NA
"Gaziantep",37.0662,37.3833,1995,9,NA,2.1
"Gaziantep",37.0662,37.3833,1995,9,23.62,NA
"Gaziantep",37.0662,37.3833,1995,10,NA,32.55
"Gaziantep",37.0662,37.3833,1995,10,16.6,NA
"Gaziantep",37.0662,37.3833,1995,11,NA,94.8
"Gaziantep",37.0662,37.3833,1995,11,7.5,NA
"Gaziantep",37.0662,37.3833,1995,12,NA,17.05
"Gaziantep",37.0662,37.3833,1995,12,3.85,NA
"Gaziantep",37.0662,37.3833,1996,1,NA,134.23
"Gaziantep",37.0662,37.3833,1996,1,2.78,NA
"Gaziantep",37.0662,37.3833,1996,2,NA,70.18
"Gaziantep",37.0662,37.3833,1996,2,5.05,NA
"Gaziantep",37.0662,37.3833,1996,3,NA,169.26
"Gaziantep",37.0662,37.3833,1996,3,7.25,NA
"Gaziantep",37.0662,37.3833,1996,4,NA,69.9
"Gaziantep",37.0662,37.3833,1996,4,11.01,NA
"Gaziantep",37.0662,37.3833,1996,5,NA,5.89
"Gaziantep",37.0662,37.3833,1996,5,19.9,NA
"Gaziantep",37.0662,37.3833,1996,6,NA,1.2
"Gaziantep",37.0662,37.3833,1996,6,23.54,NA
"Gaziantep",37.0662,37.3833,1996,7,NA,1.86
"Gaziantep",37.0662,37.3833,1996,7,30.54,NA
"Gaziantep",37.0662,37.3833,1996,8,NA,1.86
"Gaziantep",37.0662,37.3833,1996,8,28.53,NA
"Gaziantep",37.0662,37.3833,1996,9,NA,8.1
"Gaziantep",37.0662,37.3833,1996,9,22.9,NA
"Gaziantep",37.0662,37.3833,1996,10,NA,55.18
"Gaziantep",37.0662,37.3833,1996,10,16.14,NA
"Gaziantep",37.0662,37.3833,1996,11,NA,49.2
"Gaziantep",37.0662,37.3833,1996,11,10.59,NA
"Gaziantep",37.0662,37.3833,1996,12,NA,139.19
"Gaziantep",37.0662,37.3833,1996,12,7.19,NA
"Gaziantep",37.0662,37.3833,1997,1,NA,34.1
"Gaziantep",37.0662,37.3833,1997,1,3.87,NA
"Gaziantep",37.0662,37.3833,1997,2,NA,42.28
"Gaziantep",37.0662,37.3833,1997,2,2.36,NA
"Gaziantep",37.0662,37.3833,1997,3,NA,45.26
"Gaziantep",37.0662,37.3833,1997,3,4.91,NA
"Gaziantep",37.0662,37.3833,1997,4,NA,114.6
"Gaziantep",37.0662,37.3833,1997,4,9.93,NA
"Gaziantep",37.0662,37.3833,1997,5,NA,18.6
"Gaziantep",37.0662,37.3833,1997,5,19.55,NA
"Gaziantep",37.0662,37.3833,1997,6,NA,7.5
"Gaziantep",37.0662,37.3833,1997,6,23.29,NA
"Gaziantep",37.0662,37.3833,1997,7,NA,0
"Gaziantep",37.0662,37.3833,1997,7,27.37,NA
"Gaziantep",37.0662,37.3833,1997,8,NA,2.48
"Gaziantep",37.0662,37.3833,1997,8,25.46,NA
"Gaziantep",37.0662,37.3833,1997,9,NA,26.4
"Gaziantep",37.0662,37.3833,1997,9,21.56,NA
"Gaziantep",37.0662,37.3833,1997,10,NA,62.93
"Gaziantep",37.0662,37.3833,1997,10,16.5,NA
"Gaziantep",37.0662,37.3833,1997,11,NA,62.1
"Gaziantep",37.0662,37.3833,1997,11,9.88,NA
"Gaziantep",37.0662,37.3833,1997,12,NA,82.77
"Gaziantep",37.0662,37.3833,1997,12,4.06,NA
"Gaziantep",37.0662,37.3833,1998,1,NA,62
"Gaziantep",37.0662,37.3833,1998,1,1.29,NA
"Gaziantep",37.0662,37.3833,1998,2,NA,37.24
"Gaziantep",37.0662,37.3833,1998,2,2.97,NA
"Gaziantep",37.0662,37.3833,1998,3,NA,107.57
"Gaziantep",37.0662,37.3833,1998,3,6.86,NA
"Gaziantep",37.0662,37.3833,1998,4,NA,83.4
"Gaziantep",37.0662,37.3833,1998,4,13.82,NA
"Gaziantep",37.0662,37.3833,1998,5,NA,42.47
"Gaziantep",37.0662,37.3833,1998,5,17.89,NA
"Gaziantep",37.0662,37.3833,1998,6,NA,6.3
"Gaziantep",37.0662,37.3833,1998,6,24.12,NA
"Gaziantep",37.0662,37.3833,1998,7,NA,5.89
"Gaziantep",37.0662,37.3833,1998,7,29.68,NA
"Gaziantep",37.0662,37.3833,1998,8,NA,1.55
"Gaziantep",37.0662,37.3833,1998,8,30.24,NA
"Gaziantep",37.0662,37.3833,1998,9,NA,3
"Gaziantep",37.0662,37.3833,1998,9,24.35,NA
"Gaziantep",37.0662,37.3833,1998,10,NA,13.33
"Gaziantep",37.0662,37.3833,1998,10,18.43,NA
"Gaziantep",37.0662,37.3833,1998,11,NA,45.3
"Gaziantep",37.0662,37.3833,1998,11,13.15,NA
"Gaziantep",37.0662,37.3833,1998,12,NA,93.93
"Gaziantep",37.0662,37.3833,1998,12,6.08,NA
"Gaziantep",37.0662,37.3833,1999,1,NA,34.1
"Gaziantep",37.0662,37.3833,1999,1,4.64,NA
"Gaziantep",37.0662,37.3833,1999,2,NA,76.16
"Gaziantep",37.0662,37.3833,1999,2,5.1,NA
"Gaziantep",37.0662,37.3833,1999,3,NA,61.38
"Gaziantep",37.0662,37.3833,1999,3,8.63,NA
"Gaziantep",37.0662,37.3833,1999,4,NA,32.1
"Gaziantep",37.0662,37.3833,1999,4,13.72,NA
"Gaziantep",37.0662,37.3833,1999,5,NA,4.34
"Gaziantep",37.0662,37.3833,1999,5,20.39,NA
"Gaziantep",37.0662,37.3833,1999,6,NA,6
"Gaziantep",37.0662,37.3833,1999,6,24.64,NA
"Gaziantep",37.0662,37.3833,1999,7,NA,0.62
"Gaziantep",37.0662,37.3833,1999,7,28.94,NA
"Gaziantep",37.0662,37.3833,1999,8,NA,6.2
"Gaziantep",37.0662,37.3833,1999,8,28.9,NA
"Gaziantep",37.0662,37.3833,1999,9,NA,3.9
"Gaziantep",37.0662,37.3833,1999,9,23.42,NA
"Gaziantep",37.0662,37.3833,1999,10,NA,16.74
"Gaziantep",37.0662,37.3833,1999,10,17.95,NA
"Gaziantep",37.0662,37.3833,1999,11,NA,11.1
"Gaziantep",37.0662,37.3833,1999,11,9.98,NA
"Gaziantep",37.0662,37.3833,1999,12,NA,58.28
"Gaziantep",37.0662,37.3833,1999,12,5.84,NA
"Gaziantep",37.0662,37.3833,2000,1,NA,135.47
"Gaziantep",37.0662,37.3833,2000,1,1.2,NA
"Gaziantep",37.0662,37.3833,2000,2,NA,63.22
"Gaziantep",37.0662,37.3833,2000,2,2.43,NA
"Gaziantep",37.0662,37.3833,2000,3,NA,43.71
"Gaziantep",37.0662,37.3833,2000,3,6.42,NA
"Gaziantep",37.0662,37.3833,2000,4,NA,41.7
"Gaziantep",37.0662,37.3833,2000,4,13.87,NA
"Gaziantep",37.0662,37.3833,2000,5,NA,7.44
"Gaziantep",37.0662,37.3833,2000,5,18.48,NA
"Gaziantep",37.0662,37.3833,2000,6,NA,0.3
"Gaziantep",37.0662,37.3833,2000,6,25.14,NA
"Gaziantep",37.0662,37.3833,2000,7,NA,1.86
"Gaziantep",37.0662,37.3833,2000,7,31.09,NA
"Gaziantep",37.0662,37.3833,2000,8,NA,4.03
"Gaziantep",37.0662,37.3833,2000,8,28.39,NA
"Gaziantep",37.0662,37.3833,2000,9,NA,10.2
"Gaziantep",37.0662,37.3833,2000,9,23.52,NA
"Gaziantep",37.0662,37.3833,2000,10,NA,29.14
"Gaziantep",37.0662,37.3833,2000,10,16.08,NA
"Gaziantep",37.0662,37.3833,2000,11,NA,48.6
"Gaziantep",37.0662,37.3833,2000,11,10.4,NA
"Gaziantep",37.0662,37.3833,2000,12,NA,91.45
"Gaziantep",37.0662,37.3833,2000,12,3.96,NA
"Gaziantep",37.0662,37.3833,2001,1,NA,30.07
"Gaziantep",37.0662,37.3833,2001,1,4.38,NA
"Gaziantep",37.0662,37.3833,2001,2,NA,97.16
"Gaziantep",37.0662,37.3833,2001,2,5.01,NA
"Gaziantep",37.0662,37.3833,2001,3,NA,71.3
"Gaziantep",37.0662,37.3833,2001,3,11.75,NA
"Gaziantep",37.0662,37.3833,2001,4,NA,57.9
"Gaziantep",37.0662,37.3833,2001,4,14.1,NA
"Gaziantep",37.0662,37.3833,2001,5,NA,59.83
"Gaziantep",37.0662,37.3833,2001,5,16.91,NA
"Gaziantep",37.0662,37.3833,2001,6,NA,0.6
"Gaziantep",37.0662,37.3833,2001,6,24.6,NA
"Gaziantep",37.0662,37.3833,2001,7,NA,0
"Gaziantep",37.0662,37.3833,2001,7,29.55,NA
"Gaziantep",37.0662,37.3833,2001,8,NA,1.24
"Gaziantep",37.0662,37.3833,2001,8,28.51,NA
"Gaziantep",37.0662,37.3833,2001,9,NA,6
"Gaziantep",37.0662,37.3833,2001,9,24.41,NA
"Gaziantep",37.0662,37.3833,2001,10,NA,30.69
"Gaziantep",37.0662,37.3833,2001,10,17.65,NA
"Gaziantep",37.0662,37.3833,2001,11,NA,59.1
"Gaziantep",37.0662,37.3833,2001,11,7.47,NA
"Gaziantep",37.0662,37.3833,2001,12,NA,194.99
"Gaziantep",37.0662,37.3833,2001,12,3.91,NA
"Gaziantep",37.0662,37.3833,2002,1,NA,66.34
"Gaziantep",37.0662,37.3833,2002,1,0.28,NA
"Gaziantep",37.0662,37.3833,2002,2,NA,51.52
"Gaziantep",37.0662,37.3833,2002,2,5.66,NA
"Gaziantep",37.0662,37.3833,2002,3,NA,83.08
"Gaziantep",37.0662,37.3833,2002,3,9.31,NA
"Gaziantep",37.0662,37.3833,2002,4,NA,44.4
"Gaziantep",37.0662,37.3833,2002,4,11.99,NA
"Gaziantep",37.0662,37.3833,2002,5,NA,25.73
"Gaziantep",37.0662,37.3833,2002,5,17.33,NA
"Gaziantep",37.0662,37.3833,2002,6,NA,5.7
"Gaziantep",37.0662,37.3833,2002,6,24,NA
"Gaziantep",37.0662,37.3833,2002,7,NA,2.17
"Gaziantep",37.0662,37.3833,2002,7,28.88,NA
"Gaziantep",37.0662,37.3833,2002,8,NA,19.53
"Gaziantep",37.0662,37.3833,2002,8,26.8,NA
"Gaziantep",37.0662,37.3833,2002,9,NA,4.2
"Gaziantep",37.0662,37.3833,2002,9,23.45,NA
"Gaziantep",37.0662,37.3833,2002,10,NA,17.98
"Gaziantep",37.0662,37.3833,2002,10,18.69,NA
"Gaziantep",37.0662,37.3833,2002,11,NA,30.6
"Gaziantep",37.0662,37.3833,2002,11,11,NA
"Gaziantep",37.0662,37.3833,2002,12,NA,53.32
"Gaziantep",37.0662,37.3833,2002,12,0.26,NA
"Gaziantep",37.0662,37.3833,2003,1,NA,84.01
"Gaziantep",37.0662,37.3833,2003,1,3.37,NA
"Gaziantep",37.0662,37.3833,2003,2,NA,132.72
"Gaziantep",37.0662,37.3833,2003,2,1.47,NA
"Gaziantep",37.0662,37.3833,2003,3,NA,99.82
"Gaziantep",37.0662,37.3833,2003,3,5.55,NA
"Gaziantep",37.0662,37.3833,2003,4,NA,29.1
"Gaziantep",37.0662,37.3833,2003,4,12.33,NA
"Gaziantep",37.0662,37.3833,2003,5,NA,20.77
"Gaziantep",37.0662,37.3833,2003,5,19.98,NA
"Gaziantep",37.0662,37.3833,2003,6,NA,1.5
"Gaziantep",37.0662,37.3833,2003,6,23.89,NA
"Gaziantep",37.0662,37.3833,2003,7,NA,0
"Gaziantep",37.0662,37.3833,2003,7,28.38,NA
"Gaziantep",37.0662,37.3833,2003,8,NA,0
"Gaziantep",37.0662,37.3833,2003,8,29.13,NA
"Gaziantep",37.0662,37.3833,2003,9,NA,9
"Gaziantep",37.0662,37.3833,2003,9,23.06,NA
"Gaziantep",37.0662,37.3833,2003,10,NA,39.37
"Gaziantep",37.0662,37.3833,2003,10,17.95,NA
"Gaziantep",37.0662,37.3833,2003,11,NA,51.6
"Gaziantep",37.0662,37.3833,2003,11,9.09,NA
"Gaziantep",37.0662,37.3833,2003,12,NA,96.1
"Gaziantep",37.0662,37.3833,2003,12,3.45,NA
"Gaziantep",37.0662,37.3833,2004,1,NA,173.29
"Gaziantep",37.0662,37.3833,2004,1,2.5,NA
"Gaziantep",37.0662,37.3833,2004,2,NA,110.78
"Gaziantep",37.0662,37.3833,2004,2,2.68,NA
"Gaziantep",37.0662,37.3833,2004,3,NA,3.1
"Gaziantep",37.0662,37.3833,2004,3,8.87,NA
"Gaziantep",37.0662,37.3833,2004,4,NA,38.1
"Gaziantep",37.0662,37.3833,2004,4,12.5,NA
"Gaziantep",37.0662,37.3833,2004,5,NA,23.87
"Gaziantep",37.0662,37.3833,2004,5,17.73,NA
"Gaziantep",37.0662,37.3833,2004,6,NA,0.3
"Gaziantep",37.0662,37.3833,2004,6,24.27,NA
"Gaziantep",37.0662,37.3833,2004,7,NA,0.93
"Gaziantep",37.0662,37.3833,2004,7,29,NA
"Gaziantep",37.0662,37.3833,2004,8,NA,4.65
"Gaziantep",37.0662,37.3833,2004,8,27.27,NA
"Gaziantep",37.0662,37.3833,2004,9,NA,0.3
"Gaziantep",37.0662,37.3833,2004,9,24.48,NA
"Gaziantep",37.0662,37.3833,2004,10,NA,6.2
"Gaziantep",37.0662,37.3833,2004,10,19.39,NA
"Gaziantep",37.0662,37.3833,2004,11,NA,176.7
"Gaziantep",37.0662,37.3833,2004,11,9.57,NA
"Gaziantep",37.0662,37.3833,2004,12,NA,30.07
"Gaziantep",37.0662,37.3833,2004,12,2.02,NA
"Gaziantep",37.0662,37.3833,2005,1,NA,57.35
"Gaziantep",37.0662,37.3833,2005,1,2.43,NA
"Gaziantep",37.0662,37.3833,2005,2,NA,43.68
"Gaziantep",37.0662,37.3833,2005,2,3.07,NA
"Gaziantep",37.0662,37.3833,2005,3,NA,45.26
"Gaziantep",37.0662,37.3833,2005,3,8.17,NA
"Gaziantep",37.0662,37.3833,2005,4,NA,27.9
"Gaziantep",37.0662,37.3833,2005,4,13.48,NA
"Gaziantep",37.0662,37.3833,2005,5,NA,22.32
"Gaziantep",37.0662,37.3833,2005,5,18.76,NA
"Gaziantep",37.0662,37.3833,2005,6,NA,12
"Gaziantep",37.0662,37.3833,2005,6,23.41,NA
"Gaziantep",37.0662,37.3833,2005,7,NA,0.62
"Gaziantep",37.0662,37.3833,2005,7,29.16,NA
"Gaziantep",37.0662,37.3833,2005,8,NA,7.13
"Gaziantep",37.0662,37.3833,2005,8,28.45,NA
"Gaziantep",37.0662,37.3833,2005,9,NA,4.5
"Gaziantep",37.0662,37.3833,2005,9,23.36,NA
"Gaziantep",37.0662,37.3833,2005,10,NA,53.32
"Gaziantep",37.0662,37.3833,2005,10,15.71,NA
"Gaziantep",37.0662,37.3833,2005,11,NA,35.4
"Gaziantep",37.0662,37.3833,2005,11,7.91,NA
"Gaziantep",37.0662,37.3833,2005,12,NA,29.76
"Gaziantep",37.0662,37.3833,2005,12,6.05,NA
"Gaziantep",37.0662,37.3833,2006,1,NA,66.03
"Gaziantep",37.0662,37.3833,2006,1,1.46,NA
"Gaziantep",37.0662,37.3833,2006,2,NA,91.28
"Gaziantep",37.0662,37.3833,2006,2,4.38,NA
"Gaziantep",37.0662,37.3833,2006,3,NA,41.23
"Gaziantep",37.0662,37.3833,2006,3,9.01,NA
"Gaziantep",37.0662,37.3833,2006,4,NA,51.3
"Gaziantep",37.0662,37.3833,2006,4,14.16,NA
"Gaziantep",37.0662,37.3833,2006,5,NA,3.1
"Gaziantep",37.0662,37.3833,2006,5,19.58,NA
"Gaziantep",37.0662,37.3833,2006,6,NA,3.3
"Gaziantep",37.0662,37.3833,2006,6,26.41,NA
"Gaziantep",37.0662,37.3833,2006,7,NA,13.33
"Gaziantep",37.0662,37.3833,2006,7,27.8,NA
"Gaziantep",37.0662,37.3833,2006,8,NA,0.62
"Gaziantep",37.0662,37.3833,2006,8,29.82,NA
"Gaziantep",37.0662,37.3833,2006,9,NA,6.9
"Gaziantep",37.0662,37.3833,2006,9,23.68,NA
"Gaziantep",37.0662,37.3833,2006,10,NA,82.15
"Gaziantep",37.0662,37.3833,2006,10,17.62,NA
"Gaziantep",37.0662,37.3833,2006,11,NA,62.7
"Gaziantep",37.0662,37.3833,2006,11,7.89,NA
"Gaziantep",37.0662,37.3833,2006,12,NA,15.19
"Gaziantep",37.0662,37.3833,2006,12,3.16,NA
"Gaziantep",37.0662,37.3833,2007,1,NA,48.98
"Gaziantep",37.0662,37.3833,2007,1,1.4,NA
"Gaziantep",37.0662,37.3833,2007,2,NA,44.8
"Gaziantep",37.0662,37.3833,2007,2,4.53,NA
"Gaziantep",37.0662,37.3833,2007,3,NA,39.37
"Gaziantep",37.0662,37.3833,2007,3,8.37,NA
"Gaziantep",37.0662,37.3833,2007,4,NA,34.2
"Gaziantep",37.0662,37.3833,2007,4,10.78,NA
"Gaziantep",37.0662,37.3833,2007,5,NA,24.8
"Gaziantep",37.0662,37.3833,2007,5,21.29,NA
"Gaziantep",37.0662,37.3833,2007,6,NA,11.1
"Gaziantep",37.0662,37.3833,2007,6,25.86,NA
"Gaziantep",37.0662,37.3833,2007,7,NA,0
"Gaziantep",37.0662,37.3833,2007,7,29.8,NA
"Gaziantep",37.0662,37.3833,2007,8,NA,0.62
"Gaziantep",37.0662,37.3833,2007,8,28.95,NA
"Gaziantep",37.0662,37.3833,2007,9,NA,1.2
"Gaziantep",37.0662,37.3833,2007,9,24.88,NA
"Gaziantep",37.0662,37.3833,2007,10,NA,9.3
"Gaziantep",37.0662,37.3833,2007,10,19.13,NA
"Gaziantep",37.0662,37.3833,2007,11,NA,25.2
"Gaziantep",37.0662,37.3833,2007,11,10.13,NA
"Gaziantep",37.0662,37.3833,2007,12,NA,75.33
"Gaziantep",37.0662,37.3833,2007,12,3.83,NA
"Gaziantep",37.0662,37.3833,2008,1,NA,50.53
"Gaziantep",37.0662,37.3833,2008,1,0.19,NA
"Gaziantep",37.0662,37.3833,2008,2,NA,32.48
"Gaziantep",37.0662,37.3833,2008,2,3.13,NA
"Gaziantep",37.0662,37.3833,2008,3,NA,23.87
"Gaziantep",37.0662,37.3833,2008,3,11.3,NA
"Gaziantep",37.0662,37.3833,2008,4,NA,8.1
"Gaziantep",37.0662,37.3833,2008,4,16.43,NA
"Gaziantep",37.0662,37.3833,2008,5,NA,16.74
"Gaziantep",37.0662,37.3833,2008,5,18.81,NA
"Gaziantep",37.0662,37.3833,2008,6,NA,3.9
"Gaziantep",37.0662,37.3833,2008,6,25.83,NA
"Gaziantep",37.0662,37.3833,2008,7,NA,0.93
"Gaziantep",37.0662,37.3833,2008,7,28.79,NA
"Gaziantep",37.0662,37.3833,2008,8,NA,2.17
"Gaziantep",37.0662,37.3833,2008,8,30.04,NA
"Gaziantep",37.0662,37.3833,2008,9,NA,43.5
"Gaziantep",37.0662,37.3833,2008,9,23.78,NA
"Gaziantep",37.0662,37.3833,2008,10,NA,30.07
"Gaziantep",37.0662,37.3833,2008,10,16.92,NA
"Gaziantep",37.0662,37.3833,2008,11,NA,38.7
"Gaziantep",37.0662,37.3833,2008,11,10.83,NA
"Gaziantep",37.0662,37.3833,2008,12,NA,31.31
"Gaziantep",37.0662,37.3833,2008,12,3.11,NA
"Gaziantep",37.0662,37.3833,2009,1,NA,38.75
"Gaziantep",37.0662,37.3833,2009,1,2.19,NA
"Gaziantep",37.0662,37.3833,2009,2,NA,65.52
"Gaziantep",37.0662,37.3833,2009,2,5.21,NA
"Gaziantep",37.0662,37.3833,2009,3,NA,49.91
"Gaziantep",37.0662,37.3833,2009,3,7.46,NA
"Gaziantep",37.0662,37.3833,2009,4,NA,28.8
"Gaziantep",37.0662,37.3833,2009,4,13.23,NA
"Gaziantep",37.0662,37.3833,2009,5,NA,8.06
"Gaziantep",37.0662,37.3833,2009,5,18.85,NA
"Gaziantep",37.0662,37.3833,2009,6,NA,12.3
"Gaziantep",37.0662,37.3833,2009,6,26.06,NA
"Gaziantep",37.0662,37.3833,2009,7,NA,2.79
"Gaziantep",37.0662,37.3833,2009,7,28.13,NA
"Gaziantep",37.0662,37.3833,2009,8,NA,0.93
"Gaziantep",37.0662,37.3833,2009,8,27.33,NA
"Gaziantep",37.0662,37.3833,2009,9,NA,15
"Gaziantep",37.0662,37.3833,2009,9,22.15,NA
"Gaziantep",37.0662,37.3833,2009,10,NA,31.31
"Gaziantep",37.0662,37.3833,2009,10,19.8,NA
"Gaziantep",37.0662,37.3833,2009,11,NA,46.5
"Gaziantep",37.0662,37.3833,2009,11,9.78,NA
"Gaziantep",37.0662,37.3833,2009,12,NA,89.9
"Gaziantep",37.0662,37.3833,2009,12,6.77,NA
"Gaziantep",37.0662,37.3833,2010,1,NA,85.25
"Gaziantep",37.0662,37.3833,2010,1,4.94,NA
"Gaziantep",37.0662,37.3833,2010,2,NA,55.72
"Gaziantep",37.0662,37.3833,2010,2,5.48,NA
"Gaziantep",37.0662,37.3833,2010,3,NA,24.18
"Gaziantep",37.0662,37.3833,2010,3,10.38,NA
"Gaziantep",37.0662,37.3833,2010,4,NA,45.3
"Gaziantep",37.0662,37.3833,2010,4,13.69,NA
"Gaziantep",37.0662,37.3833,2010,5,NA,9.3
"Gaziantep",37.0662,37.3833,2010,5,19.5,NA
"Gaziantep",37.0662,37.3833,2010,6,NA,8.7
"Gaziantep",37.0662,37.3833,2010,6,24.71,NA
"Gaziantep",37.0662,37.3833,2010,7,NA,0
"Gaziantep",37.0662,37.3833,2010,7,29.59,NA
"Gaziantep",37.0662,37.3833,2010,8,NA,0
"Gaziantep",37.0662,37.3833,2010,8,30.99,NA
"Gaziantep",37.0662,37.3833,2010,9,NA,3.9
"Gaziantep",37.0662,37.3833,2010,9,26.04,NA
"Gaziantep",37.0662,37.3833,2010,10,NA,14.26
"Gaziantep",37.0662,37.3833,2010,10,18.24,NA
"Gaziantep",37.0662,37.3833,2010,11,NA,0
"Gaziantep",37.0662,37.3833,2010,11,13.75,NA
"Gaziantep",37.0662,37.3833,2010,12,NA,73.78
"Gaziantep",37.0662,37.3833,2010,12,7.59,NA
"Gaziantep",37.0662,37.3833,2011,1,NA,57.04
"Gaziantep",37.0662,37.3833,2011,1,3.49,NA
"Gaziantep",37.0662,37.3833,2011,2,NA,42.56
"Gaziantep",37.0662,37.3833,2011,2,4.22,NA
"Gaziantep",37.0662,37.3833,2011,3,NA,21.39
"Gaziantep",37.0662,37.3833,2011,3,8.49,NA
"Gaziantep",37.0662,37.3833,2011,4,NA,113.7
"Gaziantep",37.0662,37.3833,2011,4,12.46,NA
"Gaziantep",37.0662,37.3833,2011,5,NA,26.66
"Gaziantep",37.0662,37.3833,2011,5,17.26,NA
"Gaziantep",37.0662,37.3833,2011,6,NA,7.2
"Gaziantep",37.0662,37.3833,2011,6,23.44,NA
"Gaziantep",37.0662,37.3833,2011,7,NA,10.54
"Gaziantep",37.0662,37.3833,2011,7,29.31,NA
"Gaziantep",37.0662,37.3833,2011,8,NA,0.62
"Gaziantep",37.0662,37.3833,2011,8,28.57,NA
"Gaziantep",37.0662,37.3833,2011,9,NA,11.4
"Gaziantep",37.0662,37.3833,2011,9,24.5,NA
"Gaziantep",37.0662,37.3833,2011,10,NA,29.76
"Gaziantep",37.0662,37.3833,2011,10,15.98,NA
"Gaziantep",37.0662,37.3833,2011,11,NA,84
"Gaziantep",37.0662,37.3833,2011,11,5.61,NA
"Gaziantep",37.0662,37.3833,2011,12,NA,53.32
"Gaziantep",37.0662,37.3833,2011,12,3.13,NA
"Gaziantep",37.0662,37.3833,2012,1,NA,146.94
"Gaziantep",37.0662,37.3833,2012,1,1.35,NA
"Gaziantep",37.0662,37.3833,2012,2,NA,100.34
"Gaziantep",37.0662,37.3833,2012,2,1.66,NA
"Gaziantep",37.0662,37.3833,2012,3,NA,33.48
"Gaziantep",37.0662,37.3833,2012,3,5.21,NA
"Gaziantep",37.0662,37.3833,2012,4,NA,24.3
"Gaziantep",37.0662,37.3833,2012,4,14.75,NA
"Gaziantep",37.0662,37.3833,2012,5,NA,31.93
"Gaziantep",37.0662,37.3833,2012,5,17.95,NA
"Gaziantep",37.0662,37.3833,2012,6,NA,14.7
"Gaziantep",37.0662,37.3833,2012,6,25.72,NA
"Gaziantep",37.0662,37.3833,2012,7,NA,3.1
"Gaziantep",37.0662,37.3833,2012,7,30.28,NA
"Gaziantep",37.0662,37.3833,2012,8,NA,10.23
"Gaziantep",37.0662,37.3833,2012,8,28.88,NA
"Gaziantep",37.0662,37.3833,2012,9,NA,0.6
"Gaziantep",37.0662,37.3833,2012,9,25.51,NA
"Gaziantep",37.0662,37.3833,2012,10,NA,44.33
"Gaziantep",37.0662,37.3833,2012,10,18.52,NA
"Gaziantep",37.0662,37.3833,2012,11,NA,77.4
"Gaziantep",37.0662,37.3833,2012,11,11.89,NA
"Gaziantep",37.0662,37.3833,2012,12,NA,185.69
"Gaziantep",37.0662,37.3833,2012,12,4.78,NA
"Gaziantep",37.0662,37.3833,2013,1,NA,66.03
"Gaziantep",37.0662,37.3833,2013,1,2.34,NA
"Gaziantep",37.0662,37.3833,2013,2,NA,93.52
"Gaziantep",37.0662,37.3833,2013,2,6.18,NA
"Gaziantep",37.0662,37.3833,2013,3,NA,16.43
"Gaziantep",37.0662,37.3833,2013,3,8.26,NA
"Gaziantep",37.0662,37.3833,2013,4,NA,93
"Gaziantep",37.0662,37.3833,2013,4,14.01,NA
"Gaziantep",37.0662,37.3833,2013,5,NA,76.88
"Gaziantep",37.0662,37.3833,2013,5,19.64,NA
"Gaziantep",37.0662,37.3833,2013,6,NA,11.4
"Gaziantep",37.0662,37.3833,2013,6,23.45,NA
"Gaziantep",37.0662,37.3833,2013,7,NA,0.62
"Gaziantep",37.0662,37.3833,2013,7,28.03,NA
"Gaziantep",37.0662,37.3833,2013,8,NA,5.27
"Gaziantep",37.0662,37.3833,2013,8,28.17,NA
"Gaziantep",37.0662,37.3833,2013,9,NA,15.3
"Gaziantep",37.0662,37.3833,2013,9,22.75,NA
"Gaziantep",37.0662,37.3833,2013,10,NA,18.29
"Gaziantep",37.0662,37.3833,2013,10,15.46,NA
"Gaziantep",37.0662,37.3833,2013,11,NA,31.8
"Gaziantep",37.0662,37.3833,2013,11,11.98,NA
"Gaziantep",37.0662,37.3833,2013,12,NA,32.24
"Gaziantep",37.0662,37.3833,2013,12,1.54,NA
"Gaziantep",37.0662,37.3833,2014,1,NA,31.31
"Gaziantep",37.0662,37.3833,2014,1,4.82,NA
"Gaziantep",37.0662,37.3833,2014,2,NA,15.12
"Gaziantep",37.0662,37.3833,2014,2,6.04,NA
"Gaziantep",37.0662,37.3833,2014,3,NA,70.68
"Gaziantep",37.0662,37.3833,2014,3,10.35,NA
"Gaziantep",37.0662,37.3833,2014,4,NA,41.1
"Gaziantep",37.0662,37.3833,2014,4,14.89,NA
"Gaziantep",37.0662,37.3833,2014,5,NA,15.5
"Gaziantep",37.0662,37.3833,2014,5,19.75,NA
"Gaziantep",37.0662,37.3833,2014,6,NA,11.1
"Gaziantep",37.0662,37.3833,2014,6,24.68,NA
"Gaziantep",37.0662,37.3833,2014,7,NA,0.31
"Gaziantep",37.0662,37.3833,2014,7,28.51,NA
"Gaziantep",37.0662,37.3833,2014,8,NA,3.72
"Gaziantep",37.0662,37.3833,2014,8,29.44,NA
"Gaziantep",37.0662,37.3833,2014,9,NA,37.8
"Gaziantep",37.0662,37.3833,2014,9,23.14,NA
"Gaziantep",37.0662,37.3833,2014,10,NA,69.44
"Gaziantep",37.0662,37.3833,2014,10,16.54,NA
"Gaziantep",37.0662,37.3833,2014,11,NA,50.4
"Gaziantep",37.0662,37.3833,2014,11,8.28,NA
"Gaziantep",37.0662,37.3833,2014,12,NA,65.72
"Gaziantep",37.0662,37.3833,2014,12,6.54,NA
"Gaziantep",37.0662,37.3833,2015,1,NA,113.15
"Gaziantep",37.0662,37.3833,2015,1,1.96,NA
"Gaziantep",37.0662,37.3833,2015,2,NA,121.24
"Gaziantep",37.0662,37.3833,2015,2,4.47,NA
"Gaziantep",37.0662,37.3833,2015,3,NA,99.82
"Gaziantep",37.0662,37.3833,2015,3,8.16,NA
"Gaziantep",37.0662,37.3833,2015,4,NA,29.1
"Gaziantep",37.0662,37.3833,2015,4,11.79,NA
"Gaziantep",37.0662,37.3833,2015,5,NA,26.97
"Gaziantep",37.0662,37.3833,2015,5,18.55,NA
"Gaziantep",37.0662,37.3833,2015,6,NA,2.1
"Gaziantep",37.0662,37.3833,2015,6,22.91,NA
"Gaziantep",37.0662,37.3833,2015,7,NA,0
"Gaziantep",37.0662,37.3833,2015,7,29.35,NA
"Gaziantep",37.0662,37.3833,2015,8,NA,5.27
"Gaziantep",37.0662,37.3833,2015,8,29.12,NA
"Gaziantep",37.0662,37.3833,2015,9,NA,2.4
"Gaziantep",37.0662,37.3833,2015,9,26.82,NA
"Gaziantep",37.0662,37.3833,2015,10,NA,48.98
"Gaziantep",37.0662,37.3833,2015,10,18.87,NA
"Gaziantep",37.0662,37.3833,2015,11,NA,23.1
"Gaziantep",37.0662,37.3833,2015,11,10,NA
"Gaziantep",37.0662,37.3833,2015,12,NA,5.89
"Gaziantep",37.0662,37.3833,2015,12,4.48,NA
"Gaziantep",37.0662,37.3833,2016,1,NA,89.59
"Gaziantep",37.0662,37.3833,2016,1,1.19,NA
"Gaziantep",37.0662,37.3833,2016,2,NA,30.16
"Gaziantep",37.0662,37.3833,2016,2,7.75,NA
"Gaziantep",37.0662,37.3833,2016,3,NA,35.34
"Gaziantep",37.0662,37.3833,2016,3,9.58,NA
"Gaziantep",37.0662,37.3833,2016,4,NA,13.8
"Gaziantep",37.0662,37.3833,2016,4,16.58,NA
"Gaziantep",37.0662,37.3833,2016,5,NA,26.35
"Gaziantep",37.0662,37.3833,2016,5,18.99,NA
"Gaziantep",37.0662,37.3833,2016,6,NA,3.9
"Gaziantep",37.0662,37.3833,2016,6,26.41,NA
"Gaziantep",37.0662,37.3833,2016,7,NA,1.24
"Gaziantep",37.0662,37.3833,2016,7,29.49,NA
"Gaziantep",37.0662,37.3833,2016,8,NA,2.17
"Gaziantep",37.0662,37.3833,2016,8,30.02,NA
"Gaziantep",37.0662,37.3833,2016,9,NA,17.7
"Gaziantep",37.0662,37.3833,2016,9,22.92,NA
"Gaziantep",37.0662,37.3833,2016,10,NA,17.05
"Gaziantep",37.0662,37.3833,2016,10,18.72,NA
"Gaziantep",37.0662,37.3833,2016,11,NA,54.6
"Gaziantep",37.0662,37.3833,2016,11,8.31,NA
"Gaziantep",37.0662,37.3833,2016,12,NA,86.49
"Gaziantep",37.0662,37.3833,2016,12,1.69,NA
"Gaziantep",37.0662,37.3833,2017,1,NA,35.65
"Gaziantep",37.0662,37.3833,2017,1,0.94,NA
"Gaziantep",37.0662,37.3833,2017,2,NA,1.4
"Gaziantep",37.0662,37.3833,2017,2,3.64,NA
"Gaziantep",37.0662,37.3833,2017,3,NA,74.09
"Gaziantep",37.0662,37.3833,2017,3,8.91,NA
"Gaziantep",37.0662,37.3833,2017,4,NA,48.6
"Gaziantep",37.0662,37.3833,2017,4,12.95,NA
"Gaziantep",37.0662,37.3833,2017,5,NA,32.86
"Gaziantep",37.0662,37.3833,2017,5,18.51,NA
"Gaziantep",37.0662,37.3833,2017,6,NA,2.7
"Gaziantep",37.0662,37.3833,2017,6,25.33,NA
"Gaziantep",37.0662,37.3833,2017,7,NA,0
"Gaziantep",37.0662,37.3833,2017,7,30.52,NA
"Gaziantep",37.0662,37.3833,2017,8,NA,0.31
"Gaziantep",37.0662,37.3833,2017,8,29.43,NA
"Gaziantep",37.0662,37.3833,2017,9,NA,0.6
"Gaziantep",37.0662,37.3833,2017,9,26.74,NA
"Gaziantep",37.0662,37.3833,2017,10,NA,22.63
"Gaziantep",37.0662,37.3833,2017,10,17.3,NA
"Gaziantep",37.0662,37.3833,2017,11,NA,37.5
"Gaziantep",37.0662,37.3833,2017,11,9.67,NA
"Gaziantep",37.0662,37.3833,2017,12,NA,19.53
"Gaziantep",37.0662,37.3833,2017,12,6.38,NA
"Gaziantep",37.0662,37.3833,2018,1,NA,118.73
"Gaziantep",37.0662,37.3833,2018,1,4.15,NA
"Gaziantep",37.0662,37.3833,2018,2,NA,105.28
"Gaziantep",37.0662,37.3833,2018,2,7.1,NA
"Gaziantep",37.0662,37.3833,2018,3,NA,18.91
"Gaziantep",37.0662,37.3833,2018,3,11.19,NA
"Gaziantep",37.0662,37.3833,2018,4,NA,48
"Gaziantep",37.0662,37.3833,2018,4,15.81,NA
"Gaziantep",37.0662,37.3833,2018,5,NA,48.98
"Gaziantep",37.0662,37.3833,2018,5,20.11,NA
"Gaziantep",37.0662,37.3833,2018,6,NA,46.5
"Gaziantep",37.0662,37.3833,2018,6,23.81,NA
"Gaziantep",37.0662,37.3833,2018,7,NA,3.1
"Gaziantep",37.0662,37.3833,2018,7,28.53,NA
"Gaziantep",37.0662,37.3833,2018,8,NA,1.24
"Gaziantep",37.0662,37.3833,2018,8,28.76,NA
"Gaziantep",37.0662,37.3833,2018,9,NA,6.3
"Gaziantep",37.0662,37.3833,2018,9,25.72,NA
"Gaziantep",37.0662,37.3833,2018,10,NA,53.94
"Gaziantep",37.0662,37.3833,2018,10,18.54,NA
"Gaziantep",37.0662,37.3833,2018,11,NA,76.5
"Gaziantep",37.0662,37.3833,2018,11,10.02,NA
"Gaziantep",37.0662,37.3833,2018,12,NA,213.9
"Gaziantep",37.0662,37.3833,2018,12,5.42,NA
"Gaziantep",37.0662,37.3833,2019,1,NA,135.47
"Gaziantep",37.0662,37.3833,2019,1,1.66,NA
"Gaziantep",37.0662,37.3833,2019,2,NA,98.56
"Gaziantep",37.0662,37.3833,2019,2,4.73,NA
"Gaziantep",37.0662,37.3833,2019,3,NA,132.37
"Gaziantep",37.0662,37.3833,2019,3,7.8,NA
"Gaziantep",37.0662,37.3833,2019,4,NA,96
"Gaziantep",37.0662,37.3833,2019,4,11.64,NA
"Gaziantep",37.0662,37.3833,2019,5,NA,2.79
"Gaziantep",37.0662,37.3833,2019,5,19.95,NA
"Gaziantep",37.0662,37.3833,2019,6,NA,11.1
"Gaziantep",37.0662,37.3833,2019,6,25.54,NA
"Gaziantep",37.0662,37.3833,2019,7,NA,5.58
"Gaziantep",37.0662,37.3833,2019,7,28.07,NA
"Gaziantep",37.0662,37.3833,2019,8,NA,1.86
"Gaziantep",37.0662,37.3833,2019,8,29.32,NA
"Gaziantep",37.0662,37.3833,2019,9,NA,2.7
"Gaziantep",37.0662,37.3833,2019,9,24.81,NA
"Gaziantep",37.0662,37.3833,2019,10,NA,27.9
"Gaziantep",37.0662,37.3833,2019,10,19.79,NA
"Gaziantep",37.0662,37.3833,2019,11,NA,18.3
"Gaziantep",37.0662,37.3833,2019,11,10.89,NA
"Gaziantep",37.0662,37.3833,2019,12,NA,160.27
"Gaziantep",37.0662,37.3833,2019,12,5.2,NA
"Gaziantep",37.0662,37.3833,2020,1,NA,70.37
"Gaziantep",37.0662,37.3833,2020,1,2.49,NA
"Gaziantep",37.0662,37.3833,2020,2,NA,46.4
"Gaziantep",37.0662,37.3833,2020,2,3.18,NA
"Gaziantep",37.0662,37.3833,2020,3,NA,101.99
"Gaziantep",37.0662,37.3833,2020,3,9.51,NA
"Gaziantep",37.0662,37.3833,2020,4,NA,45.6
"Gaziantep",37.0662,37.3833,2020,4,13.16,NA
"Gaziantep",37.0662,37.3833,2020,5,NA,18.91
"Gaziantep",37.0662,37.3833,2020,5,18.69,NA
"Gaziantep",37.0662,37.3833,2020,6,NA,1.5
"Gaziantep",37.0662,37.3833,2020,6,23.77,NA
"Gaziantep",37.0662,37.3833,2020,7,NA,0.31
"Gaziantep",37.0662,37.3833,2020,7,30.72,NA
"Gaziantep",37.0662,37.3833,2020,8,NA,0.62
"Gaziantep",37.0662,37.3833,2020,8,28.71,NA
"Gaziantep",37.0662,37.3833,2020,9,NA,0.3
"Gaziantep",37.0662,37.3833,2020,9,27.94,NA
"Gaziantep",37.0662,37.3833,2020,10,NA,0
"Gaziantep",37.0662,37.3833,2020,10,21.27,NA
"Gaziantep",37.0662,37.3833,2020,11,NA,75.3
"Gaziantep",37.0662,37.3833,2020,11,10.02,NA
"Gaziantep",37.0662,37.3833,2020,12,NA,81.22
"Gaziantep",37.0662,37.3833,2020,12,5.12,NA
"Gaziantep",37.0662,37.3833,2021,1,NA,131.13
"Gaziantep",37.0662,37.3833,2021,1,3.57,NA
"Gaziantep",37.0662,37.3833,2021,2,NA,11.48
"Gaziantep",37.0662,37.3833,2021,2,5.83,NA
"Gaziantep",37.0662,37.3833,2021,3,NA,45.88
"Gaziantep",37.0662,37.3833,2021,3,7.82,NA
"Gaziantep",37.0662,37.3833,2021,4,NA,9
"Gaziantep",37.0662,37.3833,2021,4,14.66,NA
"Gaziantep",37.0662,37.3833,2021,5,NA,1.55
"Gaziantep",37.0662,37.3833,2021,5,22.02,NA
"Gaziantep",37.0662,37.3833,2021,6,NA,0
"Gaziantep",37.0662,37.3833,2021,6,25.05,NA
"Gaziantep",37.0662,37.3833,2021,7,NA,0
"Gaziantep",37.0662,37.3833,2021,7,30.28,NA
"Gaziantep",37.0662,37.3833,2021,8,NA,4.34
"Gaziantep",37.0662,37.3833,2021,8,29.97,NA
"Gaziantep",37.0662,37.3833,2021,9,NA,4.8
"Gaziantep",37.0662,37.3833,2021,9,23.7,NA
"Gaziantep",37.0662,37.3833,2021,10,NA,4.65
"Gaziantep",37.0662,37.3833,2021,10,18.23,NA
"Gaziantep",37.0662,37.3833,2021,11,NA,15.3
"Gaziantep",37.0662,37.3833,2021,11,12.17,NA
"Gaziantep",37.0662,37.3833,2021,12,NA,51.46
"Gaziantep",37.0662,37.3833,2021,12,4.3,NA
"Gaziantep",37.0662,37.3833,2022,1,NA,69.44
"Gaziantep",37.0662,37.3833,2022,1,0.84,NA
"Gaziantep",37.0662,37.3833,2022,2,NA,25.2
"Gaziantep",37.0662,37.3833,2022,2,5.72,NA
"Gaziantep",37.0662,37.3833,2022,3,NA,95.48
"Gaziantep",37.0662,37.3833,2022,3,4.86,NA
"Gaziantep",37.0662,37.3833,2022,4,NA,18
"Gaziantep",37.0662,37.3833,2022,4,15.56,NA
"Gaziantep",37.0662,37.3833,2022,5,NA,37.51
"Gaziantep",37.0662,37.3833,2022,5,18.67,NA
"Gaziantep",37.0662,37.3833,2022,6,NA,7.5
"Gaziantep",37.0662,37.3833,2022,6,25.56,NA
"Gaziantep",37.0662,37.3833,2022,7,NA,0
"Gaziantep",37.0662,37.3833,2022,7,29.52,NA
"Gaziantep",37.0662,37.3833,2022,8,NA,1.86
"Gaziantep",37.0662,37.3833,2022,8,29.48,NA
"Gaziantep",37.0662,37.3833,2022,9,NA,1.5
"Gaziantep",37.0662,37.3833,2022,9,25.98,NA
"Gaziantep",37.0662,37.3833,2022,10,NA,10.85
"Gaziantep",37.0662,37.3833,2022,10,19.57,NA
"Gaziantep",37.0662,37.3833,2022,11,NA,83.1
"Gaziantep",37.0662,37.3833,2022,11,11.51,NA
"Gaziantep",37.0662,37.3833,2022,12,NA,31.62
"Gaziantep",37.0662,37.3833,2022,12,6.58,NA
"Gaziantep",37.0662,37.3833,2023,1,NA,34.1
"Gaziantep",37.0662,37.3833,2023,1,3.47,NA
"Gaziantep",37.0662,37.3833,2023,2,NA,52.64
"Gaziantep",37.0662,37.3833,2023,2,2.75,NA
"Gaziantep",37.0662,37.3833,2023,3,NA,114.7
"Gaziantep",37.0662,37.3833,2023,3,10.6,NA
"Gaziantep",37.0662,37.3833,2023,4,NA,33
"Gaziantep",37.0662,37.3833,2023,4,13.16,NA
"Gaziantep",37.0662,37.3833,2023,5,NA,11.47
"Gaziantep",37.0662,37.3833,2023,5,18.66,NA
"Gaziantep",37.0662,37.3833,2023,6,NA,4.2
"Gaziantep",37.0662,37.3833,2023,6,24.83,NA
"Gaziantep",37.0662,37.3833,2023,7,NA,0
"Gaziantep",37.0662,37.3833,2023,7,30.23,NA
"Gaziantep",37.0662,37.3833,2023,8,NA,2.48
"Gaziantep",37.0662,37.3833,2023,8,31.26,NA
"Gaziantep",37.0662,37.3833,2023,9,NA,5.7
"Gaziantep",37.0662,37.3833,2023,9,26.11,NA
"Gaziantep",37.0662,37.3833,2023,10,NA,15.19
"Gaziantep",37.0662,37.3833,2023,10,20.02,NA
"Gaziantep",37.0662,37.3833,2023,11,NA,74.1
"Gaziantep",37.0662,37.3833,2023,11,12.85,NA
"Gaziantep",37.0662,37.3833,2023,12,NA,63.86
"Gaziantep",37.0662,37.3833,2023,12,7.62,NA
"Gaziantep",37.0662,37.3833,2024,1,NA,87.42
"Gaziantep",37.0662,37.3833,2024,1,5.26,NA
"Gaziantep",37.0662,37.3833,2024,2,NA,46.11
"Gaziantep",37.0662,37.3833,2024,2,7.19,NA
"Gaziantep",37.0662,37.3833,2024,3,NA,59.52
"Gaziantep",37.0662,37.3833,2024,3,9.2,NA
"Gaziantep",37.0662,37.3833,2024,4,NA,39.6
"Gaziantep",37.0662,37.3833,2024,4,17.76,NA
"Gaziantep",37.0662,37.3833,2024,5,NA,29.45
"Gaziantep",37.0662,37.3833,2024,5,18.93,NA
"Gaziantep",37.0662,37.3833,2024,6,NA,5.4
"Gaziantep",37.0662,37.3833,2024,6,30.03,NA
"Gaziantep",37.0662,37.3833,2024,7,NA,0.31
"Gaziantep",37.0662,37.3833,2024,7,31.1,NA
"Gaziantep",37.0662,37.3833,2024,8,NA,4.65
"Gaziantep",37.0662,37.3833,2024,8,30.55,NA
"Gaziantep",37.0662,37.3833,2024,9,NA,20.7
"Gaziantep",37.0662,37.3833,2024,9,25.24,NA
"Gaziantep",37.0662,37.3833,2024,10,NA,1.55
"Gaziantep",37.0662,37.3833,2024,10,18.47,NA
"Gaziantep",37.0662,37.3833,2024,11,NA,60.3
"Gaziantep",37.0662,37.3833,2024,11,10.3,NA
"Gaziantep",37.0662,37.3833,2024,12,NA,58.9
"Gaziantep",37.0662,37.3833,2024,12,4.7,NA
"Gaziantep",37.0662,37.3833,2025,1,NA,5.27
"Gaziantep",37.0662,37.3833,2025,1,4.43,NA
"Gaziantep",37.0662,37.3833,2025,2,NA,36.68
"Gaziantep",37.0662,37.3833,2025,2,2.95,NA
"Gaziantep",37.0662,37.3833,2025,3,NA,27.59
"Gaziantep",37.0662,37.3833,2025,3,12.02,NA
"Gaziantep",37.0662,37.3833,2025,4,NA,31.5
"Gaziantep",37.0662,37.3833,2025,4,14.4,NA
"Gaziantep",37.0662,37.3833,2025,5,NA,16.74
"Gaziantep",37.0662,37.3833,2025,5,21.49,NA
"Gaziantep",37.0662,37.3833,2025,6,NA,0.6
"Gaziantep",37.0662,37.3833,2025,6,27.94,NA
"Gaziantep",37.0662,37.3833,2025,7,NA,0.31
"Gaziantep",37.0662,37.3833,2025,7,31.29,NA
"Gaziantep",37.0662,37.3833,2025,8,NA,0
"Gaziantep",37.0662,37.3833,2025,8,30.5,NA
"Gaziantep",37.0662,37.3833,2025,9,NA,2.1
"Gaziantep",37.0662,37.3833,2025,9,25.48,NA
"Gaziantep",37.0662,37.3833,2025,10,NA,12.4
"Gaziantep",37.0662,37.3833,2025,10,18.53,NA
"Gaziantep",37.0662,37.3833,2025,11,NA,15.6
"Gaziantep",37.0662,37.3833,2025,11,13.01,NA
"Gaziantep",37.0662,37.3833,2025,12,NA,59.21
"Gaziantep",37.0662,37.3833,2025,12,5.83,NA
"Kilis",36.7184,37.1147,1981,1,NA,220.41
"Kilis",36.7184,37.1147,1981,1,5.52,NA
"Kilis",36.7184,37.1147,1981,2,NA,60.76
"Kilis",36.7184,37.1147,1981,2,6.67,NA
"Kilis",36.7184,37.1147,1981,3,NA,48.67
"Kilis",36.7184,37.1147,1981,3,10.88,NA
"Kilis",36.7184,37.1147,1981,4,NA,37.5
"Kilis",36.7184,37.1147,1981,4,13.64,NA
"Kilis",36.7184,37.1147,1981,5,NA,24.49
"Kilis",36.7184,37.1147,1981,5,17.69,NA
"Kilis",36.7184,37.1147,1981,6,NA,26.7
"Kilis",36.7184,37.1147,1981,6,24.99,NA
"Kilis",36.7184,37.1147,1981,7,NA,0.31
"Kilis",36.7184,37.1147,1981,7,28.5,NA
"Kilis",36.7184,37.1147,1981,8,NA,0
"Kilis",36.7184,37.1147,1981,8,27.8,NA
"Kilis",36.7184,37.1147,1981,9,NA,1.8
"Kilis",36.7184,37.1147,1981,9,25.61,NA
"Kilis",36.7184,37.1147,1981,10,NA,17.36
"Kilis",36.7184,37.1147,1981,10,20.59,NA
"Kilis",36.7184,37.1147,1981,11,NA,61.5
"Kilis",36.7184,37.1147,1981,11,9.4,NA
"Kilis",36.7184,37.1147,1981,12,NA,60.45
"Kilis",36.7184,37.1147,1981,12,8.9,NA
"Kilis",36.7184,37.1147,1982,1,NA,59.83
"Kilis",36.7184,37.1147,1982,1,5.17,NA
"Kilis",36.7184,37.1147,1982,2,NA,37.24
"Kilis",36.7184,37.1147,1982,2,4.15,NA
"Kilis",36.7184,37.1147,1982,3,NA,27.28
"Kilis",36.7184,37.1147,1982,3,8.24,NA
"Kilis",36.7184,37.1147,1982,4,NA,21
"Kilis",36.7184,37.1147,1982,4,15.49,NA
"Kilis",36.7184,37.1147,1982,5,NA,61.07
"Kilis",36.7184,37.1147,1982,5,19.52,NA
"Kilis",36.7184,37.1147,1982,6,NA,5.1
"Kilis",36.7184,37.1147,1982,6,24.77,NA
"Kilis",36.7184,37.1147,1982,7,NA,4.65
"Kilis",36.7184,37.1147,1982,7,26.61,NA
"Kilis",36.7184,37.1147,1982,8,NA,0.93
"Kilis",36.7184,37.1147,1982,8,27.19,NA
"Kilis",36.7184,37.1147,1982,9,NA,6.9
"Kilis",36.7184,37.1147,1982,9,25.16,NA
"Kilis",36.7184,37.1147,1982,10,NA,61.69
"Kilis",36.7184,37.1147,1982,10,18.06,NA
"Kilis",36.7184,37.1147,1982,11,NA,28.8
"Kilis",36.7184,37.1147,1982,11,9.48,NA
"Kilis",36.7184,37.1147,1982,12,NA,47.74
"Kilis",36.7184,37.1147,1982,12,5.69,NA
"Kilis",36.7184,37.1147,1983,1,NA,33.17
"Kilis",36.7184,37.1147,1983,1,2.36,NA
"Kilis",36.7184,37.1147,1983,2,NA,88.2
"Kilis",36.7184,37.1147,1983,2,4.81,NA
"Kilis",36.7184,37.1147,1983,3,NA,84.32
"Kilis",36.7184,37.1147,1983,3,8.9,NA
"Kilis",36.7184,37.1147,1983,4,NA,85.5
"Kilis",36.7184,37.1147,1983,4,13.5,NA
"Kilis",36.7184,37.1147,1983,5,NA,31.62
"Kilis",36.7184,37.1147,1983,5,19.35,NA
"Kilis",36.7184,37.1147,1983,6,NA,27
"Kilis",36.7184,37.1147,1983,6,23.36,NA
"Kilis",36.7184,37.1147,1983,7,NA,0.31
"Kilis",36.7184,37.1147,1983,7,26.94,NA
"Kilis",36.7184,37.1147,1983,8,NA,0.31
"Kilis",36.7184,37.1147,1983,8,26.42,NA
"Kilis",36.7184,37.1147,1983,9,NA,1.8
"Kilis",36.7184,37.1147,1983,9,24.45,NA
"Kilis",36.7184,37.1147,1983,10,NA,11.47
"Kilis",36.7184,37.1147,1983,10,18.49,NA
"Kilis",36.7184,37.1147,1983,11,NA,104.1
"Kilis",36.7184,37.1147,1983,11,13.62,NA
"Kilis",36.7184,37.1147,1983,12,NA,36.27
"Kilis",36.7184,37.1147,1983,12,7.12,NA
"Kilis",36.7184,37.1147,1984,1,NA,77.81
"Kilis",36.7184,37.1147,1984,1,6.84,NA
"Kilis",36.7184,37.1147,1984,2,NA,42.05
"Kilis",36.7184,37.1147,1984,2,7.76,NA
"Kilis",36.7184,37.1147,1984,3,NA,100.44
"Kilis",36.7184,37.1147,1984,3,10.36,NA
"Kilis",36.7184,37.1147,1984,4,NA,66.6
"Kilis",36.7184,37.1147,1984,4,13.33,NA
"Kilis",36.7184,37.1147,1984,5,NA,3.41
"Kilis",36.7184,37.1147,1984,5,20.35,NA
"Kilis",36.7184,37.1147,1984,6,NA,2.4
"Kilis",36.7184,37.1147,1984,6,24.45,NA
"Kilis",36.7184,37.1147,1984,7,NA,2.17
"Kilis",36.7184,37.1147,1984,7,27.46,NA
"Kilis",36.7184,37.1147,1984,8,NA,5.27
"Kilis",36.7184,37.1147,1984,8,25.69,NA
"Kilis",36.7184,37.1147,1984,9,NA,0
"Kilis",36.7184,37.1147,1984,9,24.48,NA
"Kilis",36.7184,37.1147,1984,10,NA,50.22
"Kilis",36.7184,37.1147,1984,10,19.5,NA
"Kilis",36.7184,37.1147,1984,11,NA,81.9
"Kilis",36.7184,37.1147,1984,11,10.86,NA
"Kilis",36.7184,37.1147,1984,12,NA,35.96
"Kilis",36.7184,37.1147,1984,12,4.35,NA
"Kilis",36.7184,37.1147,1985,1,NA,85.25
"Kilis",36.7184,37.1147,1985,1,6.32,NA
"Kilis",36.7184,37.1147,1985,2,NA,74.48
"Kilis",36.7184,37.1147,1985,2,4.04,NA
"Kilis",36.7184,37.1147,1985,3,NA,42.47
"Kilis",36.7184,37.1147,1985,3,8.23,NA
"Kilis",36.7184,37.1147,1985,4,NA,33.3
"Kilis",36.7184,37.1147,1985,4,14.85,NA
"Kilis",36.7184,37.1147,1985,5,NA,14.88
"Kilis",36.7184,37.1147,1985,5,21.37,NA
"Kilis",36.7184,37.1147,1985,6,NA,7.5
"Kilis",36.7184,37.1147,1985,6,24.94,NA
"Kilis",36.7184,37.1147,1985,7,NA,2.79
"Kilis",36.7184,37.1147,1985,7,27.07,NA
"Kilis",36.7184,37.1147,1985,8,NA,0
"Kilis",36.7184,37.1147,1985,8,29.61,NA
"Kilis",36.7184,37.1147,1985,9,NA,9
"Kilis",36.7184,37.1147,1985,9,24.84,NA
"Kilis",36.7184,37.1147,1985,10,NA,53.01
"Kilis",36.7184,37.1147,1985,10,17.09,NA
"Kilis",36.7184,37.1147,1985,11,NA,47.4
"Kilis",36.7184,37.1147,1985,11,13.89,NA
"Kilis",36.7184,37.1147,1985,12,NA,48.05
"Kilis",36.7184,37.1147,1985,12,6.39,NA
"Kilis",36.7184,37.1147,1986,1,NA,83.7
"Kilis",36.7184,37.1147,1986,1,5.33,NA
"Kilis",36.7184,37.1147,1986,2,NA,85.12
"Kilis",36.7184,37.1147,1986,2,7.59,NA
"Kilis",36.7184,37.1147,1986,3,NA,18.6
"Kilis",36.7184,37.1147,1986,3,10.68,NA
"Kilis",36.7184,37.1147,1986,4,NA,22.5
"Kilis",36.7184,37.1147,1986,4,16.76,NA
"Kilis",36.7184,37.1147,1986,5,NA,46.5
"Kilis",36.7184,37.1147,1986,5,17.54,NA
"Kilis",36.7184,37.1147,1986,6,NA,29.4
"Kilis",36.7184,37.1147,1986,6,24.14,NA
"Kilis",36.7184,37.1147,1986,7,NA,0.31
"Kilis",36.7184,37.1147,1986,7,27.7,NA
"Kilis",36.7184,37.1147,1986,8,NA,0.93
"Kilis",36.7184,37.1147,1986,8,28.83,NA
"Kilis",36.7184,37.1147,1986,9,NA,7.5
"Kilis",36.7184,37.1147,1986,9,26.46,NA
"Kilis",36.7184,37.1147,1986,10,NA,45.26
"Kilis",36.7184,37.1147,1986,10,19.25,NA
"Kilis",36.7184,37.1147,1986,11,NA,74.1
"Kilis",36.7184,37.1147,1986,11,9.96,NA
"Kilis",36.7184,37.1147,1986,12,NA,70.06
"Kilis",36.7184,37.1147,1986,12,5.72,NA
"Kilis",36.7184,37.1147,1987,1,NA,125.86
"Kilis",36.7184,37.1147,1987,1,6.26,NA
"Kilis",36.7184,37.1147,1987,2,NA,71.12
"Kilis",36.7184,37.1147,1987,2,7.86,NA
"Kilis",36.7184,37.1147,1987,3,NA,106.95
"Kilis",36.7184,37.1147,1987,3,6.82,NA
"Kilis",36.7184,37.1147,1987,4,NA,24.3
"Kilis",36.7184,37.1147,1987,4,12.86,NA
"Kilis",36.7184,37.1147,1987,5,NA,5.89
"Kilis",36.7184,37.1147,1987,5,19.4,NA
"Kilis",36.7184,37.1147,1987,6,NA,3.3
"Kilis",36.7184,37.1147,1987,6,24.29,NA
"Kilis",36.7184,37.1147,1987,7,NA,2.48
"Kilis",36.7184,37.1147,1987,7,29.02,NA
"Kilis",36.7184,37.1147,1987,8,NA,1.24
"Kilis",36.7184,37.1147,1987,8,28.44,NA
"Kilis",36.7184,37.1147,1987,9,NA,4.5
"Kilis",36.7184,37.1147,1987,9,25.41,NA
"Kilis",36.7184,37.1147,1987,10,NA,58.59
"Kilis",36.7184,37.1147,1987,10,17.87,NA
"Kilis",36.7184,37.1147,1987,11,NA,46.5
"Kilis",36.7184,37.1147,1987,11,10.68,NA
"Kilis",36.7184,37.1147,1987,12,NA,64.17
"Kilis",36.7184,37.1147,1987,12,6.32,NA
"Kilis",36.7184,37.1147,1988,1,NA,60.14
"Kilis",36.7184,37.1147,1988,1,4.74,NA
"Kilis",36.7184,37.1147,1988,2,NA,56.26
"Kilis",36.7184,37.1147,1988,2,6.44,NA
"Kilis",36.7184,37.1147,1988,3,NA,100.75
"Kilis",36.7184,37.1147,1988,3,8.53,NA
"Kilis",36.7184,37.1147,1988,4,NA,55.2
"Kilis",36.7184,37.1147,1988,4,14.56,NA
"Kilis",36.7184,37.1147,1988,5,NA,18.29
"Kilis",36.7184,37.1147,1988,5,20.3,NA
"Kilis",36.7184,37.1147,1988,6,NA,38.4
"Kilis",36.7184,37.1147,1988,6,24.44,NA
"Kilis",36.7184,37.1147,1988,7,NA,2.48
"Kilis",36.7184,37.1147,1988,7,29.74,NA
"Kilis",36.7184,37.1147,1988,8,NA,3.41
"Kilis",36.7184,37.1147,1988,8,28.91,NA
"Kilis",36.7184,37.1147,1988,9,NA,14.4
"Kilis",36.7184,37.1147,1988,9,24.91,NA
"Kilis",36.7184,37.1147,1988,10,NA,56.73
"Kilis",36.7184,37.1147,1988,10,17.96,NA
"Kilis",36.7184,37.1147,1988,11,NA,79.5
"Kilis",36.7184,37.1147,1988,11,8.52,NA
"Kilis",36.7184,37.1147,1988,12,NA,63.24
"Kilis",36.7184,37.1147,1988,12,6,NA
"Kilis",36.7184,37.1147,1989,1,NA,7.13
"Kilis",36.7184,37.1147,1989,1,2.95,NA
"Kilis",36.7184,37.1147,1989,2,NA,5.32
"Kilis",36.7184,37.1147,1989,2,5.58,NA
"Kilis",36.7184,37.1147,1989,3,NA,34.41
"Kilis",36.7184,37.1147,1989,3,11.34,NA
"Kilis",36.7184,37.1147,1989,4,NA,1.2
"Kilis",36.7184,37.1147,1989,4,20.36,NA
"Kilis",36.7184,37.1147,1989,5,NA,0.62
"Kilis",36.7184,37.1147,1989,5,22.63,NA
"Kilis",36.7184,37.1147,1989,6,NA,0.3
"Kilis",36.7184,37.1147,1989,6,24.58,NA
"Kilis",36.7184,37.1147,1989,7,NA,0
"Kilis",36.7184,37.1147,1989,7,28.41,NA
"Kilis",36.7184,37.1147,1989,8,NA,0
"Kilis",36.7184,37.1147,1989,8,27.52,NA
"Kilis",36.7184,37.1147,1989,9,NA,12.6
"Kilis",36.7184,37.1147,1989,9,24.18,NA
"Kilis",36.7184,37.1147,1989,10,NA,65.41
"Kilis",36.7184,37.1147,1989,10,17.18,NA
"Kilis",36.7184,37.1147,1989,11,NA,63.3
"Kilis",36.7184,37.1147,1989,11,11.61,NA
"Kilis",36.7184,37.1147,1989,12,NA,50.53
"Kilis",36.7184,37.1147,1989,12,6.89,NA
"Kilis",36.7184,37.1147,1990,1,NA,25.42
"Kilis",36.7184,37.1147,1990,1,2.77,NA
"Kilis",36.7184,37.1147,1990,2,NA,78.68
"Kilis",36.7184,37.1147,1990,2,6.19,NA
"Kilis",36.7184,37.1147,1990,3,NA,11.16
"Kilis",36.7184,37.1147,1990,3,10.2,NA
"Kilis",36.7184,37.1147,1990,4,NA,9.9
"Kilis",36.7184,37.1147,1990,4,15.28,NA
"Kilis",36.7184,37.1147,1990,5,NA,4.65
"Kilis",36.7184,37.1147,1990,5,20.87,NA
"Kilis",36.7184,37.1147,1990,6,NA,7.2
"Kilis",36.7184,37.1147,1990,6,25.49,NA
"Kilis",36.7184,37.1147,1990,7,NA,2.48
"Kilis",36.7184,37.1147,1990,7,27.76,NA
"Kilis",36.7184,37.1147,1990,8,NA,3.41
"Kilis",36.7184,37.1147,1990,8,26.94,NA
"Kilis",36.7184,37.1147,1990,9,NA,3
"Kilis",36.7184,37.1147,1990,9,24.25,NA
"Kilis",36.7184,37.1147,1990,10,NA,12.09
"Kilis",36.7184,37.1147,1990,10,19.81,NA
"Kilis",36.7184,37.1147,1990,11,NA,40.2
"Kilis",36.7184,37.1147,1990,11,13.48,NA
"Kilis",36.7184,37.1147,1990,12,NA,21.08
"Kilis",36.7184,37.1147,1990,12,7.83,NA
"Kilis",36.7184,37.1147,1991,1,NA,63.24
"Kilis",36.7184,37.1147,1991,1,5.07,NA
"Kilis",36.7184,37.1147,1991,2,NA,38.64
"Kilis",36.7184,37.1147,1991,2,5.47,NA
"Kilis",36.7184,37.1147,1991,3,NA,66.96
"Kilis",36.7184,37.1147,1991,3,10.83,NA
"Kilis",36.7184,37.1147,1991,4,NA,46.5
"Kilis",36.7184,37.1147,1991,4,15.2,NA
"Kilis",36.7184,37.1147,1991,5,NA,30.07
"Kilis",36.7184,37.1147,1991,5,18.73,NA
"Kilis",36.7184,37.1147,1991,6,NA,0
"Kilis",36.7184,37.1147,1991,6,25.34,NA
"Kilis",36.7184,37.1147,1991,7,NA,12.71
"Kilis",36.7184,37.1147,1991,7,26.44,NA
"Kilis",36.7184,37.1147,1991,8,NA,0.93
"Kilis",36.7184,37.1147,1991,8,27.02,NA
"Kilis",36.7184,37.1147,1991,9,NA,11.4
"Kilis",36.7184,37.1147,1991,9,24.36,NA
"Kilis",36.7184,37.1147,1991,10,NA,39.99
"Kilis",36.7184,37.1147,1991,10,19.68,NA
"Kilis",36.7184,37.1147,1991,11,NA,45
"Kilis",36.7184,37.1147,1991,11,12.71,NA
"Kilis",36.7184,37.1147,1991,12,NA,127.72
"Kilis",36.7184,37.1147,1991,12,4.98,NA
"Kilis",36.7184,37.1147,1992,1,NA,44.02
"Kilis",36.7184,37.1147,1992,1,1.52,NA
"Kilis",36.7184,37.1147,1992,2,NA,75.98
"Kilis",36.7184,37.1147,1992,2,2.08,NA
"Kilis",36.7184,37.1147,1992,3,NA,22.01
"Kilis",36.7184,37.1147,1992,3,6.67,NA
"Kilis",36.7184,37.1147,1992,4,NA,13.8
"Kilis",36.7184,37.1147,1992,4,13.8,NA
"Kilis",36.7184,37.1147,1992,5,NA,38.44
"Kilis",36.7184,37.1147,1992,5,18.83,NA
"Kilis",36.7184,37.1147,1992,6,NA,47.4
"Kilis",36.7184,37.1147,1992,6,23.34,NA
"Kilis",36.7184,37.1147,1992,7,NA,14.57
"Kilis",36.7184,37.1147,1992,7,25.68,NA
"Kilis",36.7184,37.1147,1992,8,NA,3.41
"Kilis",36.7184,37.1147,1992,8,28.01,NA
"Kilis",36.7184,37.1147,1992,9,NA,18
"Kilis",36.7184,37.1147,1992,9,24.15,NA
"Kilis",36.7184,37.1147,1992,10,NA,8.37
"Kilis",36.7184,37.1147,1992,10,20.72,NA
"Kilis",36.7184,37.1147,1992,11,NA,61.8
"Kilis",36.7184,37.1147,1992,11,10.98,NA
"Kilis",36.7184,37.1147,1992,12,NA,35.34
"Kilis",36.7184,37.1147,1992,12,4.2,NA
"Kilis",36.7184,37.1147,1993,1,NA,44.02
"Kilis",36.7184,37.1147,1993,1,4.01,NA
"Kilis",36.7184,37.1147,1993,2,NA,78.4
"Kilis",36.7184,37.1147,1993,2,3.85,NA
"Kilis",36.7184,37.1147,1993,3,NA,63.24
"Kilis",36.7184,37.1147,1993,3,8.89,NA
"Kilis",36.7184,37.1147,1993,4,NA,18
"Kilis",36.7184,37.1147,1993,4,14.59,NA
"Kilis",36.7184,37.1147,1993,5,NA,69.44
"Kilis",36.7184,37.1147,1993,5,18.31,NA
"Kilis",36.7184,37.1147,1993,6,NA,5.1
"Kilis",36.7184,37.1147,1993,6,24.85,NA
"Kilis",36.7184,37.1147,1993,7,NA,0
"Kilis",36.7184,37.1147,1993,7,28.28,NA
"Kilis",36.7184,37.1147,1993,8,NA,0
"Kilis",36.7184,37.1147,1993,8,28.83,NA
"Kilis",36.7184,37.1147,1993,9,NA,2.1
"Kilis",36.7184,37.1147,1993,9,24.98,NA
"Kilis",36.7184,37.1147,1993,10,NA,15.5
"Kilis",36.7184,37.1147,1993,10,21.68,NA
"Kilis",36.7184,37.1147,1993,11,NA,48.9
"Kilis",36.7184,37.1147,1993,11,9.29,NA
"Kilis",36.7184,37.1147,1993,12,NA,29.45
"Kilis",36.7184,37.1147,1993,12,8.49,NA
"Kilis",36.7184,37.1147,1994,1,NA,112.22
"Kilis",36.7184,37.1147,1994,1,8.05,NA
"Kilis",36.7184,37.1147,1994,2,NA,129.08
"Kilis",36.7184,37.1147,1994,2,7.02,NA
"Kilis",36.7184,37.1147,1994,3,NA,27.59
"Kilis",36.7184,37.1147,1994,3,10.58,NA
"Kilis",36.7184,37.1147,1994,4,NA,6.9
"Kilis",36.7184,37.1147,1994,4,17.63,NA
"Kilis",36.7184,37.1147,1994,5,NA,29.76
"Kilis",36.7184,37.1147,1994,5,21.74,NA
"Kilis",36.7184,37.1147,1994,6,NA,4.2
"Kilis",36.7184,37.1147,1994,6,25.33,NA
"Kilis",36.7184,37.1147,1994,7,NA,2.17
"Kilis",36.7184,37.1147,1994,7,27.44,NA
"Kilis",36.7184,37.1147,1994,8,NA,8.06
"Kilis",36.7184,37.1147,1994,8,28.12,NA
"Kilis",36.7184,37.1147,1994,9,NA,6.9
"Kilis",36.7184,37.1147,1994,9,28.02,NA
"Kilis",36.7184,37.1147,1994,10,NA,38.13
"Kilis",36.7184,37.1147,1994,10,22.15,NA
"Kilis",36.7184,37.1147,1994,11,NA,95.1
"Kilis",36.7184,37.1147,1994,11,11.04,NA
"Kilis",36.7184,37.1147,1994,12,NA,78.43
"Kilis",36.7184,37.1147,1994,12,3.88,NA
"Kilis",36.7184,37.1147,1995,1,NA,65.41
"Kilis",36.7184,37.1147,1995,1,6.64,NA
"Kilis",36.7184,37.1147,1995,2,NA,33.88
"Kilis",36.7184,37.1147,1995,2,8.42,NA
"Kilis",36.7184,37.1147,1995,3,NA,39.37
"Kilis",36.7184,37.1147,1995,3,10.75,NA
"Kilis",36.7184,37.1147,1995,4,NA,52.8
"Kilis",36.7184,37.1147,1995,4,14.43,NA
"Kilis",36.7184,37.1147,1995,5,NA,30.69
"Kilis",36.7184,37.1147,1995,5,21.45,NA
"Kilis",36.7184,37.1147,1995,6,NA,15.3
"Kilis",36.7184,37.1147,1995,6,26.15,NA
"Kilis",36.7184,37.1147,1995,7,NA,5.58
"Kilis",36.7184,37.1147,1995,7,27.38,NA
"Kilis",36.7184,37.1147,1995,8,NA,5.27
"Kilis",36.7184,37.1147,1995,8,28.16,NA
"Kilis",36.7184,37.1147,1995,9,NA,9.9
"Kilis",36.7184,37.1147,1995,9,24.54,NA
"Kilis",36.7184,37.1147,1995,10,NA,22.32
"Kilis",36.7184,37.1147,1995,10,19.03,NA
"Kilis",36.7184,37.1147,1995,11,NA,101.7
"Kilis",36.7184,37.1147,1995,11,9.71,NA
"Kilis",36.7184,37.1147,1995,12,NA,34.72
"Kilis",36.7184,37.1147,1995,12,6.4,NA
"Kilis",36.7184,37.1147,1996,1,NA,92.07
"Kilis",36.7184,37.1147,1996,1,5.27,NA
"Kilis",36.7184,37.1147,1996,2,NA,46.98
"Kilis",36.7184,37.1147,1996,2,7.39,NA
"Kilis",36.7184,37.1147,1996,3,NA,147.87
"Kilis",36.7184,37.1147,1996,3,9.51,NA
"Kilis",36.7184,37.1147,1996,4,NA,62.7
"Kilis",36.7184,37.1147,1996,4,12.59,NA
"Kilis",36.7184,37.1147,1996,5,NA,6.82
"Kilis",36.7184,37.1147,1996,5,21.49,NA
"Kilis",36.7184,37.1147,1996,6,NA,2.4
"Kilis",36.7184,37.1147,1996,6,26.01,NA
"Kilis",36.7184,37.1147,1996,7,NA,1.86
"Kilis",36.7184,37.1147,1996,7,30.08,NA
"Kilis",36.7184,37.1147,1996,8,NA,7.75
"Kilis",36.7184,37.1147,1996,8,28.61,NA
"Kilis",36.7184,37.1147,1996,9,NA,15.6
"Kilis",36.7184,37.1147,1996,9,23.95,NA
"Kilis",36.7184,37.1147,1996,10,NA,87.11
"Kilis",36.7184,37.1147,1996,10,17.8,NA
"Kilis",36.7184,37.1147,1996,11,NA,28.5
"Kilis",36.7184,37.1147,1996,11,12.93,NA
"Kilis",36.7184,37.1147,1996,12,NA,126.17
"Kilis",36.7184,37.1147,1996,12,9.73,NA
"Kilis",36.7184,37.1147,1997,1,NA,28.83
"Kilis",36.7184,37.1147,1997,1,6.1,NA
"Kilis",36.7184,37.1147,1997,2,NA,44.24
"Kilis",36.7184,37.1147,1997,2,4.94,NA
"Kilis",36.7184,37.1147,1997,3,NA,61.69
"Kilis",36.7184,37.1147,1997,3,7.34,NA
"Kilis",36.7184,37.1147,1997,4,NA,100.5
"Kilis",36.7184,37.1147,1997,4,11.89,NA
"Kilis",36.7184,37.1147,1997,5,NA,14.26
"Kilis",36.7184,37.1147,1997,5,21.2,NA
"Kilis",36.7184,37.1147,1997,6,NA,3
"Kilis",36.7184,37.1147,1997,6,24.83,NA
"Kilis",36.7184,37.1147,1997,7,NA,0.31
"Kilis",36.7184,37.1147,1997,7,28.12,NA
"Kilis",36.7184,37.1147,1997,8,NA,11.47
"Kilis",36.7184,37.1147,1997,8,25.75,NA
"Kilis",36.7184,37.1147,1997,9,NA,33.3
"Kilis",36.7184,37.1147,1997,9,23.22,NA
"Kilis",36.7184,37.1147,1997,10,NA,61.07
"Kilis",36.7184,37.1147,1997,10,18.51,NA
"Kilis",36.7184,37.1147,1997,11,NA,75.3
"Kilis",36.7184,37.1147,1997,11,12.15,NA
"Kilis",36.7184,37.1147,1997,12,NA,97.34
"Kilis",36.7184,37.1147,1997,12,6.52,NA
"Kilis",36.7184,37.1147,1998,1,NA,67.58
"Kilis",36.7184,37.1147,1998,1,3.98,NA
"Kilis",36.7184,37.1147,1998,2,NA,46.48
"Kilis",36.7184,37.1147,1998,2,5.17,NA
"Kilis",36.7184,37.1147,1998,3,NA,123.38
"Kilis",36.7184,37.1147,1998,3,8.78,NA
"Kilis",36.7184,37.1147,1998,4,NA,61.2
"Kilis",36.7184,37.1147,1998,4,15.28,NA
"Kilis",36.7184,37.1147,1998,5,NA,53.63
"Kilis",36.7184,37.1147,1998,5,19.48,NA
"Kilis",36.7184,37.1147,1998,6,NA,2.1
"Kilis",36.7184,37.1147,1998,6,24.93,NA
"Kilis",36.7184,37.1147,1998,7,NA,14.26
"Kilis",36.7184,37.1147,1998,7,29.07,NA
"Kilis",36.7184,37.1147,1998,8,NA,1.86
"Kilis",36.7184,37.1147,1998,8,30.61,NA
"Kilis",36.7184,37.1147,1998,9,NA,12.6
"Kilis",36.7184,37.1147,1998,9,25.45,NA
"Kilis",36.7184,37.1147,1998,10,NA,15.19
"Kilis",36.7184,37.1147,1998,10,20.25,NA
"Kilis",36.7184,37.1147,1998,11,NA,73.2
"Kilis",36.7184,37.1147,1998,11,15.22,NA
"Kilis",36.7184,37.1147,1998,12,NA,101.06
"Kilis",36.7184,37.1147,1998,12,8.61,NA
"Kilis",36.7184,37.1147,1999,1,NA,64.79
"Kilis",36.7184,37.1147,1999,1,6.85,NA
"Kilis",36.7184,37.1147,1999,2,NA,82.32
"Kilis",36.7184,37.1147,1999,2,7.52,NA
"Kilis",36.7184,37.1147,1999,3,NA,65.72
"Kilis",36.7184,37.1147,1999,3,10.58,NA
"Kilis",36.7184,37.1147,1999,4,NA,74.1
"Kilis",36.7184,37.1147,1999,4,14.92,NA
"Kilis",36.7184,37.1147,1999,5,NA,3.1
"Kilis",36.7184,37.1147,1999,5,21.84,NA
"Kilis",36.7184,37.1147,1999,6,NA,16.2
"Kilis",36.7184,37.1147,1999,6,24.82,NA
"Kilis",36.7184,37.1147,1999,7,NA,0.62
"Kilis",36.7184,37.1147,1999,7,28.48,NA
"Kilis",36.7184,37.1147,1999,8,NA,17.05
"Kilis",36.7184,37.1147,1999,8,28.73,NA
"Kilis",36.7184,37.1147,1999,9,NA,16.8
"Kilis",36.7184,37.1147,1999,9,24.4,NA
"Kilis",36.7184,37.1147,1999,10,NA,37.82
"Kilis",36.7184,37.1147,1999,10,19.55,NA
"Kilis",36.7184,37.1147,1999,11,NA,20.7
"Kilis",36.7184,37.1147,1999,11,12.26,NA
"Kilis",36.7184,37.1147,1999,12,NA,46.5
"Kilis",36.7184,37.1147,1999,12,8.12,NA
"Kilis",36.7184,37.1147,2000,1,NA,118.11
"Kilis",36.7184,37.1147,2000,1,4.16,NA
"Kilis",36.7184,37.1147,2000,2,NA,66.7
"Kilis",36.7184,37.1147,2000,2,5.01,NA
"Kilis",36.7184,37.1147,2000,3,NA,47.12
"Kilis",36.7184,37.1147,2000,3,8.59,NA
"Kilis",36.7184,37.1147,2000,4,NA,56.1
"Kilis",36.7184,37.1147,2000,4,15.69,NA
"Kilis",36.7184,37.1147,2000,5,NA,7.13
"Kilis",36.7184,37.1147,2000,5,19.95,NA
"Kilis",36.7184,37.1147,2000,6,NA,9
"Kilis",36.7184,37.1147,2000,6,26.32,NA
"Kilis",36.7184,37.1147,2000,7,NA,0.31
"Kilis",36.7184,37.1147,2000,7,30.88,NA
"Kilis",36.7184,37.1147,2000,8,NA,17.05
"Kilis",36.7184,37.1147,2000,8,28.73,NA
"Kilis",36.7184,37.1147,2000,9,NA,19.5
"Kilis",36.7184,37.1147,2000,9,24.6,NA
"Kilis",36.7184,37.1147,2000,10,NA,30.69
"Kilis",36.7184,37.1147,2000,10,18.09,NA
"Kilis",36.7184,37.1147,2000,11,NA,30.6
"Kilis",36.7184,37.1147,2000,11,12.82,NA
"Kilis",36.7184,37.1147,2000,12,NA,83.7
"Kilis",36.7184,37.1147,2000,12,6.5,NA
"Kilis",36.7184,37.1147,2001,1,NA,29.14
"Kilis",36.7184,37.1147,2001,1,6.57,NA
"Kilis",36.7184,37.1147,2001,2,NA,120.96
"Kilis",36.7184,37.1147,2001,2,7.45,NA
"Kilis",36.7184,37.1147,2001,3,NA,55.49
"Kilis",36.7184,37.1147,2001,3,13.41,NA
"Kilis",36.7184,37.1147,2001,4,NA,50.1
"Kilis",36.7184,37.1147,2001,4,15.99,NA
"Kilis",36.7184,37.1147,2001,5,NA,87.73
"Kilis",36.7184,37.1147,2001,5,19.16,NA
"Kilis",36.7184,37.1147,2001,6,NA,0.9
"Kilis",36.7184,37.1147,2001,6,25.82,NA
"Kilis",36.7184,37.1147,2001,7,NA,0.31
"Kilis",36.7184,37.1147,2001,7,28.89,NA
"Kilis",36.7184,37.1147,2001,8,NA,7.44
"Kilis",36.7184,37.1147,2001,8,28.46,NA
"Kilis",36.7184,37.1147,2001,9,NA,13.8
"Kilis",36.7184,37.1147,2001,9,25.39,NA
"Kilis",36.7184,37.1147,2001,10,NA,44.33
"Kilis",36.7184,37.1147,2001,10,19.68,NA
"Kilis",36.7184,37.1147,2001,11,NA,68.1
"Kilis",36.7184,37.1147,2001,11,10.14,NA
"Kilis",36.7184,37.1147,2001,12,NA,176.08
"Kilis",36.7184,37.1147,2001,12,6.63,NA
"Kilis",36.7184,37.1147,2002,1,NA,86.49
"Kilis",36.7184,37.1147,2002,1,2.91,NA
"Kilis",36.7184,37.1147,2002,2,NA,49
"Kilis",36.7184,37.1147,2002,2,7.73,NA
"Kilis",36.7184,37.1147,2002,3,NA,79.67
"Kilis",36.7184,37.1147,2002,3,11.26,NA
"Kilis",36.7184,37.1147,2002,4,NA,53.4
"Kilis",36.7184,37.1147,2002,4,13.79,NA
"Kilis",36.7184,37.1147,2002,5,NA,15.81
"Kilis",36.7184,37.1147,2002,5,19.18,NA
"Kilis",36.7184,37.1147,2002,6,NA,21
"Kilis",36.7184,37.1147,2002,6,25.28,NA
"Kilis",36.7184,37.1147,2002,7,NA,7.75
"Kilis",36.7184,37.1147,2002,7,29.02,NA
"Kilis",36.7184,37.1147,2002,8,NA,21.7
"Kilis",36.7184,37.1147,2002,8,27.42,NA
"Kilis",36.7184,37.1147,2002,9,NA,14.7
"Kilis",36.7184,37.1147,2002,9,24.39,NA
"Kilis",36.7184,37.1147,2002,10,NA,25.42
"Kilis",36.7184,37.1147,2002,10,20.55,NA
"Kilis",36.7184,37.1147,2002,11,NA,37.8
"Kilis",36.7184,37.1147,2002,11,13.33,NA
"Kilis",36.7184,37.1147,2002,12,NA,64.48
"Kilis",36.7184,37.1147,2002,12,3.38,NA
"Kilis",36.7184,37.1147,2003,1,NA,100.44
"Kilis",36.7184,37.1147,2003,1,6.18,NA
"Kilis",36.7184,37.1147,2003,2,NA,148.96
"Kilis",36.7184,37.1147,2003,2,4.47,NA
"Kilis",36.7184,37.1147,2003,3,NA,113.46
"Kilis",36.7184,37.1147,2003,3,7.7,NA
"Kilis",36.7184,37.1147,2003,4,NA,40.8
"Kilis",36.7184,37.1147,2003,4,13.74,NA
"Kilis",36.7184,37.1147,2003,5,NA,14.26
"Kilis",36.7184,37.1147,2003,5,21.73,NA
"Kilis",36.7184,37.1147,2003,6,NA,5.4
"Kilis",36.7184,37.1147,2003,6,25.07,NA
"Kilis",36.7184,37.1147,2003,7,NA,0
"Kilis",36.7184,37.1147,2003,7,28.49,NA
"Kilis",36.7184,37.1147,2003,8,NA,0
"Kilis",36.7184,37.1147,2003,8,29.22,NA
"Kilis",36.7184,37.1147,2003,9,NA,18
"Kilis",36.7184,37.1147,2003,9,24.07,NA
"Kilis",36.7184,37.1147,2003,10,NA,35.03
"Kilis",36.7184,37.1147,2003,10,19.86,NA
"Kilis",36.7184,37.1147,2003,11,NA,58.2
"Kilis",36.7184,37.1147,2003,11,11.67,NA
"Kilis",36.7184,37.1147,2003,12,NA,123.38
"Kilis",36.7184,37.1147,2003,12,5.79,NA
"Kilis",36.7184,37.1147,2004,1,NA,158.72
"Kilis",36.7184,37.1147,2004,1,5.03,NA
"Kilis",36.7184,37.1147,2004,2,NA,99.47
"Kilis",36.7184,37.1147,2004,2,5.26,NA
"Kilis",36.7184,37.1147,2004,3,NA,7.13
"Kilis",36.7184,37.1147,2004,3,10.72,NA
"Kilis",36.7184,37.1147,2004,4,NA,31.8
"Kilis",36.7184,37.1147,2004,4,14.51,NA
"Kilis",36.7184,37.1147,2004,5,NA,17.05
"Kilis",36.7184,37.1147,2004,5,19.13,NA
"Kilis",36.7184,37.1147,2004,6,NA,1.5
"Kilis",36.7184,37.1147,2004,6,25.33,NA
"Kilis",36.7184,37.1147,2004,7,NA,0.31
"Kilis",36.7184,37.1147,2004,7,29.29,NA
"Kilis",36.7184,37.1147,2004,8,NA,21.39
"Kilis",36.7184,37.1147,2004,8,27.28,NA
"Kilis",36.7184,37.1147,2004,9,NA,1.5
"Kilis",36.7184,37.1147,2004,9,25.53,NA
"Kilis",36.7184,37.1147,2004,10,NA,8.99
"Kilis",36.7184,37.1147,2004,10,21.55,NA
"Kilis",36.7184,37.1147,2004,11,NA,162.3
"Kilis",36.7184,37.1147,2004,11,12.15,NA
"Kilis",36.7184,37.1147,2004,12,NA,35.96
"Kilis",36.7184,37.1147,2004,12,4.1,NA
"Kilis",36.7184,37.1147,2005,1,NA,61.07
"Kilis",36.7184,37.1147,2005,1,4.73,NA
"Kilis",36.7184,37.1147,2005,2,NA,45.36
"Kilis",36.7184,37.1147,2005,2,5.42,NA
"Kilis",36.7184,37.1147,2005,3,NA,35.96
"Kilis",36.7184,37.1147,2005,3,10.55,NA
"Kilis",36.7184,37.1147,2005,4,NA,33.6
"Kilis",36.7184,37.1147,2005,4,15.39,NA
"Kilis",36.7184,37.1147,2005,5,NA,37.2
"Kilis",36.7184,37.1147,2005,5,20.51,NA
"Kilis",36.7184,37.1147,2005,6,NA,14.4
"Kilis",36.7184,37.1147,2005,6,24.09,NA
"Kilis",36.7184,37.1147,2005,7,NA,2.17
"Kilis",36.7184,37.1147,2005,7,28.54,NA
"Kilis",36.7184,37.1147,2005,8,NA,8.68
"Kilis",36.7184,37.1147,2005,8,28.11,NA
"Kilis",36.7184,37.1147,2005,9,NA,23.1
"Kilis",36.7184,37.1147,2005,9,24.23,NA
"Kilis",36.7184,37.1147,2005,10,NA,77.19
"Kilis",36.7184,37.1147,2005,10,17.38,NA
"Kilis",36.7184,37.1147,2005,11,NA,47.1
"Kilis",36.7184,37.1147,2005,11,10.37,NA
"Kilis",36.7184,37.1147,2005,12,NA,48.36
"Kilis",36.7184,37.1147,2005,12,8.17,NA
"Kilis",36.7184,37.1147,2006,1,NA,62.62
"Kilis",36.7184,37.1147,2006,1,3.94,NA
"Kilis",36.7184,37.1147,2006,2,NA,71.4
"Kilis",36.7184,37.1147,2006,2,6.73,NA
"Kilis",36.7184,37.1147,2006,3,NA,80.91
"Kilis",36.7184,37.1147,2006,3,10.94,NA
"Kilis",36.7184,37.1147,2006,4,NA,39.6
"Kilis",36.7184,37.1147,2006,4,15.56,NA
"Kilis",36.7184,37.1147,2006,5,NA,2.48
"Kilis",36.7184,37.1147,2006,5,21.05,NA
"Kilis",36.7184,37.1147,2006,6,NA,10.5
"Kilis",36.7184,37.1147,2006,6,26.26,NA
"Kilis",36.7184,37.1147,2006,7,NA,5.58
"Kilis",36.7184,37.1147,2006,7,27.73,NA
"Kilis",36.7184,37.1147,2006,8,NA,1.24
"Kilis",36.7184,37.1147,2006,8,29.3,NA
"Kilis",36.7184,37.1147,2006,9,NA,14.7
"Kilis",36.7184,37.1147,2006,9,25.09,NA
"Kilis",36.7184,37.1147,2006,10,NA,59.52
"Kilis",36.7184,37.1147,2006,10,19.18,NA
"Kilis",36.7184,37.1147,2006,11,NA,68.4
"Kilis",36.7184,37.1147,2006,11,10.47,NA
"Kilis",36.7184,37.1147,2006,12,NA,18.29
"Kilis",36.7184,37.1147,2006,12,5.54,NA
"Kilis",36.7184,37.1147,2007,1,NA,58.59
"Kilis",36.7184,37.1147,2007,1,4.05,NA
"Kilis",36.7184,37.1147,2007,2,NA,54.04
"Kilis",36.7184,37.1147,2007,2,7,NA
"Kilis",36.7184,37.1147,2007,3,NA,45.26
"Kilis",36.7184,37.1147,2007,3,10.32,NA
"Kilis",36.7184,37.1147,2007,4,NA,33.9
"Kilis",36.7184,37.1147,2007,4,12.96,NA
"Kilis",36.7184,37.1147,2007,5,NA,35.34
"Kilis",36.7184,37.1147,2007,5,22.4,NA
"Kilis",36.7184,37.1147,2007,6,NA,21
"Kilis",36.7184,37.1147,2007,6,26.17,NA
"Kilis",36.7184,37.1147,2007,7,NA,0
"Kilis",36.7184,37.1147,2007,7,30.03,NA
"Kilis",36.7184,37.1147,2007,8,NA,1.24
"Kilis",36.7184,37.1147,2007,8,28.74,NA
"Kilis",36.7184,37.1147,2007,9,NA,6.3
"Kilis",36.7184,37.1147,2007,9,25.75,NA
"Kilis",36.7184,37.1147,2007,10,NA,12.4
"Kilis",36.7184,37.1147,2007,10,20.87,NA
"Kilis",36.7184,37.1147,2007,11,NA,42.6
"Kilis",36.7184,37.1147,2007,11,12.51,NA
"Kilis",36.7184,37.1147,2007,12,NA,98.58
"Kilis",36.7184,37.1147,2007,12,6.27,NA
"Kilis",36.7184,37.1147,2008,1,NA,56.42
"Kilis",36.7184,37.1147,2008,1,2.28,NA
"Kilis",36.7184,37.1147,2008,2,NA,50.17
"Kilis",36.7184,37.1147,2008,2,5.5,NA
"Kilis",36.7184,37.1147,2008,3,NA,30.69
"Kilis",36.7184,37.1147,2008,3,12.95,NA
"Kilis",36.7184,37.1147,2008,4,NA,19.8
"Kilis",36.7184,37.1147,2008,4,17.43,NA
"Kilis",36.7184,37.1147,2008,5,NA,28.83
"Kilis",36.7184,37.1147,2008,5,19.79,NA
"Kilis",36.7184,37.1147,2008,6,NA,16.5
"Kilis",36.7184,37.1147,2008,6,26.46,NA
"Kilis",36.7184,37.1147,2008,7,NA,1.24
"Kilis",36.7184,37.1147,2008,7,28.87,NA
"Kilis",36.7184,37.1147,2008,8,NA,2.79
"Kilis",36.7184,37.1147,2008,8,29.76,NA
"Kilis",36.7184,37.1147,2008,9,NA,66.6
"Kilis",36.7184,37.1147,2008,9,24.84,NA
"Kilis",36.7184,37.1147,2008,10,NA,44.95
"Kilis",36.7184,37.1147,2008,10,18.83,NA
"Kilis",36.7184,37.1147,2008,11,NA,46.2
"Kilis",36.7184,37.1147,2008,11,13.25,NA
"Kilis",36.7184,37.1147,2008,12,NA,32.86
"Kilis",36.7184,37.1147,2008,12,5.34,NA
"Kilis",36.7184,37.1147,2009,1,NA,49.91
"Kilis",36.7184,37.1147,2009,1,4.67,NA
"Kilis",36.7184,37.1147,2009,2,NA,83.44
"Kilis",36.7184,37.1147,2009,2,7.47,NA
"Kilis",36.7184,37.1147,2009,3,NA,66.03
"Kilis",36.7184,37.1147,2009,3,9.5,NA
"Kilis",36.7184,37.1147,2009,4,NA,34.2
"Kilis",36.7184,37.1147,2009,4,14.97,NA
"Kilis",36.7184,37.1147,2009,5,NA,12.4
"Kilis",36.7184,37.1147,2009,5,20.27,NA
"Kilis",36.7184,37.1147,2009,6,NA,8.7
"Kilis",36.7184,37.1147,2009,6,26.79,NA
"Kilis",36.7184,37.1147,2009,7,NA,9.92
"Kilis",36.7184,37.1147,2009,7,28.46,NA
"Kilis",36.7184,37.1147,2009,8,NA,3.41
"Kilis",36.7184,37.1147,2009,8,28.06,NA
"Kilis",36.7184,37.1147,2009,9,NA,33.9
"Kilis",36.7184,37.1147,2009,9,23.28,NA
"Kilis",36.7184,37.1147,2009,10,NA,28.83
"Kilis",36.7184,37.1147,2009,10,21.48,NA
"Kilis",36.7184,37.1147,2009,11,NA,71.1
"Kilis",36.7184,37.1147,2009,11,12.03,NA
"Kilis",36.7184,37.1147,2009,12,NA,101.99
"Kilis",36.7184,37.1147,2009,12,8.9,NA
"Kilis",36.7184,37.1147,2010,1,NA,100.75
"Kilis",36.7184,37.1147,2010,1,7.11,NA
"Kilis",36.7184,37.1147,2010,2,NA,75.32
"Kilis",36.7184,37.1147,2010,2,7.79,NA
"Kilis",36.7184,37.1147,2010,3,NA,22.32
"Kilis",36.7184,37.1147,2010,3,12.1,NA
"Kilis",36.7184,37.1147,2010,4,NA,49.5
"Kilis",36.7184,37.1147,2010,4,15.51,NA
"Kilis",36.7184,37.1147,2010,5,NA,14.57
"Kilis",36.7184,37.1147,2010,5,20.58,NA
"Kilis",36.7184,37.1147,2010,6,NA,30.9
"Kilis",36.7184,37.1147,2010,6,25.25,NA
"Kilis",36.7184,37.1147,2010,7,NA,0.62
"Kilis",36.7184,37.1147,2010,7,28.45,NA
"Kilis",36.7184,37.1147,2010,8,NA,0
"Kilis",36.7184,37.1147,2010,8,31.2,NA
"Kilis",36.7184,37.1147,2010,9,NA,14.4
"Kilis",36.7184,37.1147,2010,9,26.69,NA
"Kilis",36.7184,37.1147,2010,10,NA,44.02
"Kilis",36.7184,37.1147,2010,10,19.98,NA
"Kilis",36.7184,37.1147,2010,11,NA,0
"Kilis",36.7184,37.1147,2010,11,15.6,NA
"Kilis",36.7184,37.1147,2010,12,NA,82.46
"Kilis",36.7184,37.1147,2010,12,9.75,NA
"Kilis",36.7184,37.1147,2011,1,NA,71.92
"Kilis",36.7184,37.1147,2011,1,5.9,NA
"Kilis",36.7184,37.1147,2011,2,NA,55.44
"Kilis",36.7184,37.1147,2011,2,6.85,NA
"Kilis",36.7184,37.1147,2011,3,NA,44.64
"Kilis",36.7184,37.1147,2011,3,10.44,NA
"Kilis",36.7184,37.1147,2011,4,NA,81
"Kilis",36.7184,37.1147,2011,4,14.25,NA
"Kilis",36.7184,37.1147,2011,5,NA,34.1
"Kilis",36.7184,37.1147,2011,5,18.87,NA
"Kilis",36.7184,37.1147,2011,6,NA,9
"Kilis",36.7184,37.1147,2011,6,24.43,NA
"Kilis",36.7184,37.1147,2011,7,NA,4.34
"Kilis",36.7184,37.1147,2011,7,28.8,NA
"Kilis",36.7184,37.1147,2011,8,NA,1.24
"Kilis",36.7184,37.1147,2011,8,28.56,NA
"Kilis",36.7184,37.1147,2011,9,NA,11.4
"Kilis",36.7184,37.1147,2011,9,25.78,NA
"Kilis",36.7184,37.1147,2011,10,NA,38.44
"Kilis",36.7184,37.1147,2011,10,18.04,NA
"Kilis",36.7184,37.1147,2011,11,NA,81.9
"Kilis",36.7184,37.1147,2011,11,8.34,NA
"Kilis",36.7184,37.1147,2011,12,NA,76.88
"Kilis",36.7184,37.1147,2011,12,5.6,NA
"Kilis",36.7184,37.1147,2012,1,NA,171.43
"Kilis",36.7184,37.1147,2012,1,4.38,NA
"Kilis",36.7184,37.1147,2012,2,NA,142.97
"Kilis",36.7184,37.1147,2012,2,4.17,NA
"Kilis",36.7184,37.1147,2012,3,NA,39.68
"Kilis",36.7184,37.1147,2012,3,7.38,NA
"Kilis",36.7184,37.1147,2012,4,NA,21
"Kilis",36.7184,37.1147,2012,4,15.88,NA
"Kilis",36.7184,37.1147,2012,5,NA,29.14
"Kilis",36.7184,37.1147,2012,5,19.56,NA
"Kilis",36.7184,37.1147,2012,6,NA,21.9
"Kilis",36.7184,37.1147,2012,6,26.79,NA
"Kilis",36.7184,37.1147,2012,7,NA,1.55
"Kilis",36.7184,37.1147,2012,7,30.26,NA
"Kilis",36.7184,37.1147,2012,8,NA,5.89
"Kilis",36.7184,37.1147,2012,8,29.1,NA
"Kilis",36.7184,37.1147,2012,9,NA,0.6
"Kilis",36.7184,37.1147,2012,9,26.51,NA
"Kilis",36.7184,37.1147,2012,10,NA,56.73
"Kilis",36.7184,37.1147,2012,10,20.47,NA
"Kilis",36.7184,37.1147,2012,11,NA,99.9
"Kilis",36.7184,37.1147,2012,11,14.06,NA
"Kilis",36.7184,37.1147,2012,12,NA,222.27
"Kilis",36.7184,37.1147,2012,12,7.22,NA
"Kilis",36.7184,37.1147,2013,1,NA,84.63
"Kilis",36.7184,37.1147,2013,1,4.81,NA
"Kilis",36.7184,37.1147,2013,2,NA,108.92
"Kilis",36.7184,37.1147,2013,2,8.45,NA
"Kilis",36.7184,37.1147,2013,3,NA,27.59
"Kilis",36.7184,37.1147,2013,3,10.38,NA
"Kilis",36.7184,37.1147,2013,4,NA,107.4
"Kilis",36.7184,37.1147,2013,4,15.37,NA
"Kilis",36.7184,37.1147,2013,5,NA,68.82
"Kilis",36.7184,37.1147,2013,5,21.17,NA
"Kilis",36.7184,37.1147,2013,6,NA,7.5
"Kilis",36.7184,37.1147,2013,6,24.54,NA
"Kilis",36.7184,37.1147,2013,7,NA,3.1
"Kilis",36.7184,37.1147,2013,7,27.94,NA
"Kilis",36.7184,37.1147,2013,8,NA,28.52
"Kilis",36.7184,37.1147,2013,8,28.1,NA
"Kilis",36.7184,37.1147,2013,9,NA,57.6
"Kilis",36.7184,37.1147,2013,9,23.59,NA
"Kilis",36.7184,37.1147,2013,10,NA,35.65
"Kilis",36.7184,37.1147,2013,10,16.84,NA
"Kilis",36.7184,37.1147,2013,11,NA,17.7
"Kilis",36.7184,37.1147,2013,11,14.23,NA
"Kilis",36.7184,37.1147,2013,12,NA,35.96
"Kilis",36.7184,37.1147,2013,12,4,NA
"Kilis",36.7184,37.1147,2014,1,NA,20.15
"Kilis",36.7184,37.1147,2014,1,7.2,NA
"Kilis",36.7184,37.1147,2014,2,NA,20.44
"Kilis",36.7184,37.1147,2014,2,8.41,NA
"Kilis",36.7184,37.1147,2014,3,NA,60.45
"Kilis",36.7184,37.1147,2014,3,12.57,NA
"Kilis",36.7184,37.1147,2014,4,NA,22.5
"Kilis",36.7184,37.1147,2014,4,16.63,NA
"Kilis",36.7184,37.1147,2014,5,NA,19.84
"Kilis",36.7184,37.1147,2014,5,21.26,NA
"Kilis",36.7184,37.1147,2014,6,NA,22.8
"Kilis",36.7184,37.1147,2014,6,25.17,NA
"Kilis",36.7184,37.1147,2014,7,NA,1.24
"Kilis",36.7184,37.1147,2014,7,28.11,NA
"Kilis",36.7184,37.1147,2014,8,NA,16.74
"Kilis",36.7184,37.1147,2014,8,28.82,NA
"Kilis",36.7184,37.1147,2014,9,NA,70.8
"Kilis",36.7184,37.1147,2014,9,23.99,NA
"Kilis",36.7184,37.1147,2014,10,NA,83.39
"Kilis",36.7184,37.1147,2014,10,18.46,NA
"Kilis",36.7184,37.1147,2014,11,NA,46.8
"Kilis",36.7184,37.1147,2014,11,10.49,NA
"Kilis",36.7184,37.1147,2014,12,NA,88.97
"Kilis",36.7184,37.1147,2014,12,8.82,NA
"Kilis",36.7184,37.1147,2015,1,NA,127.41
"Kilis",36.7184,37.1147,2015,1,4.46,NA
"Kilis",36.7184,37.1147,2015,2,NA,149.8
"Kilis",36.7184,37.1147,2015,2,6.47,NA
"Kilis",36.7184,37.1147,2015,3,NA,98.58
"Kilis",36.7184,37.1147,2015,3,10.1,NA
"Kilis",36.7184,37.1147,2015,4,NA,32.1
"Kilis",36.7184,37.1147,2015,4,13.43,NA
"Kilis",36.7184,37.1147,2015,5,NA,28.52
"Kilis",36.7184,37.1147,2015,5,20.18,NA
"Kilis",36.7184,37.1147,2015,6,NA,2.1
"Kilis",36.7184,37.1147,2015,6,23.76,NA
"Kilis",36.7184,37.1147,2015,7,NA,0
"Kilis",36.7184,37.1147,2015,7,28.74,NA
"Kilis",36.7184,37.1147,2015,8,NA,21.08
"Kilis",36.7184,37.1147,2015,8,29.15,NA
"Kilis",36.7184,37.1147,2015,9,NA,15.9
"Kilis",36.7184,37.1147,2015,9,27.58,NA
"Kilis",36.7184,37.1147,2015,10,NA,49.91
"Kilis",36.7184,37.1147,2015,10,20.6,NA
"Kilis",36.7184,37.1147,2015,11,NA,47.1
"Kilis",36.7184,37.1147,2015,11,12.45,NA
"Kilis",36.7184,37.1147,2015,12,NA,7.13
"Kilis",36.7184,37.1147,2015,12,6.68,NA
"Kilis",36.7184,37.1147,2016,1,NA,108.19
"Kilis",36.7184,37.1147,2016,1,4.02,NA
"Kilis",36.7184,37.1147,2016,2,NA,51.91
"Kilis",36.7184,37.1147,2016,2,10.01,NA
"Kilis",36.7184,37.1147,2016,3,NA,46.5
"Kilis",36.7184,37.1147,2016,3,11.5,NA
"Kilis",36.7184,37.1147,2016,4,NA,13.2
"Kilis",36.7184,37.1147,2016,4,18.18,NA
"Kilis",36.7184,37.1147,2016,5,NA,43.09
"Kilis",36.7184,37.1147,2016,5,20.35,NA
"Kilis",36.7184,37.1147,2016,6,NA,4.8
"Kilis",36.7184,37.1147,2016,6,27,NA
"Kilis",36.7184,37.1147,2016,7,NA,0.31
"Kilis",36.7184,37.1147,2016,7,29.36,NA
"Kilis",36.7184,37.1147,2016,8,NA,14.57
"Kilis",36.7184,37.1147,2016,8,29.32,NA
"Kilis",36.7184,37.1147,2016,9,NA,35.1
"Kilis",36.7184,37.1147,2016,9,24.01,NA
"Kilis",36.7184,37.1147,2016,10,NA,17.36
"Kilis",36.7184,37.1147,2016,10,20.5,NA
"Kilis",36.7184,37.1147,2016,11,NA,44.4
"Kilis",36.7184,37.1147,2016,11,10.42,NA
"Kilis",36.7184,37.1147,2016,12,NA,127.72
"Kilis",36.7184,37.1147,2016,12,4.19,NA
"Kilis",36.7184,37.1147,2017,1,NA,71.92
"Kilis",36.7184,37.1147,2017,1,3.51,NA
"Kilis",36.7184,37.1147,2017,2,NA,3.08
"Kilis",36.7184,37.1147,2017,2,5.54,NA
"Kilis",36.7184,37.1147,2017,3,NA,68.51
"Kilis",36.7184,37.1147,2017,3,10.75,NA
"Kilis",36.7184,37.1147,2017,4,NA,39.6
"Kilis",36.7184,37.1147,2017,4,14.91,NA
"Kilis",36.7184,37.1147,2017,5,NA,43.4
"Kilis",36.7184,37.1147,2017,5,20.06,NA
"Kilis",36.7184,37.1147,2017,6,NA,8.7
"Kilis",36.7184,37.1147,2017,6,25.88,NA
"Kilis",36.7184,37.1147,2017,7,NA,0
"Kilis",36.7184,37.1147,2017,7,30.58,NA
"Kilis",36.7184,37.1147,2017,8,NA,1.55
"Kilis",36.7184,37.1147,2017,8,29.27,NA
"Kilis",36.7184,37.1147,2017,9,NA,2.4
"Kilis",36.7184,37.1147,2017,9,27.24,NA
"Kilis",36.7184,37.1147,2017,10,NA,36.27
"Kilis",36.7184,37.1147,2017,10,19.24,NA
"Kilis",36.7184,37.1147,2017,11,NA,50.7
"Kilis",36.7184,37.1147,2017,11,12.43,NA
"Kilis",36.7184,37.1147,2017,12,NA,36.89
"Kilis",36.7184,37.1147,2017,12,8.55,NA
"Kilis",36.7184,37.1147,2018,1,NA,147.56
"Kilis",36.7184,37.1147,2018,1,6.66,NA
"Kilis",36.7184,37.1147,2018,2,NA,77.84
"Kilis",36.7184,37.1147,2018,2,9.18,NA
"Kilis",36.7184,37.1147,2018,3,NA,24.49
"Kilis",36.7184,37.1147,2018,3,12.97,NA
"Kilis",36.7184,37.1147,2018,4,NA,46.8
"Kilis",36.7184,37.1147,2018,4,17.41,NA
"Kilis",36.7184,37.1147,2018,5,NA,57.35
"Kilis",36.7184,37.1147,2018,5,22.13,NA
"Kilis",36.7184,37.1147,2018,6,NA,54.3
"Kilis",36.7184,37.1147,2018,6,24.46,NA
"Kilis",36.7184,37.1147,2018,7,NA,15.5
"Kilis",36.7184,37.1147,2018,7,27.86,NA
"Kilis",36.7184,37.1147,2018,8,NA,5.58
"Kilis",36.7184,37.1147,2018,8,28.41,NA
"Kilis",36.7184,37.1147,2018,9,NA,14.1
"Kilis",36.7184,37.1147,2018,9,26.33,NA
"Kilis",36.7184,37.1147,2018,10,NA,56.73
"Kilis",36.7184,37.1147,2018,10,20.66,NA
"Kilis",36.7184,37.1147,2018,11,NA,64.8
"Kilis",36.7184,37.1147,2018,11,12.28,NA
"Kilis",36.7184,37.1147,2018,12,NA,188.79
"Kilis",36.7184,37.1147,2018,12,8.13,NA
"Kilis",36.7184,37.1147,2019,1,NA,146.32
"Kilis",36.7184,37.1147,2019,1,4.47,NA
"Kilis",36.7184,37.1147,2019,2,NA,116.48
"Kilis",36.7184,37.1147,2019,2,6.84,NA
"Kilis",36.7184,37.1147,2019,3,NA,121.52
"Kilis",36.7184,37.1147,2019,3,9.69,NA
"Kilis",36.7184,37.1147,2019,4,NA,84.3
"Kilis",36.7184,37.1147,2019,4,13.11,NA
"Kilis",36.7184,37.1147,2019,5,NA,1.86
"Kilis",36.7184,37.1147,2019,5,21.34,NA
"Kilis",36.7184,37.1147,2019,6,NA,18.6
"Kilis",36.7184,37.1147,2019,6,26.38,NA
"Kilis",36.7184,37.1147,2019,7,NA,28.83
"Kilis",36.7184,37.1147,2019,7,27.62,NA
"Kilis",36.7184,37.1147,2019,8,NA,2.48
"Kilis",36.7184,37.1147,2019,8,29.1,NA
"Kilis",36.7184,37.1147,2019,9,NA,12.6
"Kilis",36.7184,37.1147,2019,9,25.71,NA
"Kilis",36.7184,37.1147,2019,10,NA,27.59
"Kilis",36.7184,37.1147,2019,10,21.51,NA
"Kilis",36.7184,37.1147,2019,11,NA,38.7
"Kilis",36.7184,37.1147,2019,11,13.12,NA
"Kilis",36.7184,37.1147,2019,12,NA,146.01
"Kilis",36.7184,37.1147,2019,12,7.98,NA
"Kilis",36.7184,37.1147,2020,1,NA,65.41
"Kilis",36.7184,37.1147,2020,1,4.85,NA
"Kilis",36.7184,37.1147,2020,2,NA,51.33
"Kilis",36.7184,37.1147,2020,2,5.51,NA
"Kilis",36.7184,37.1147,2020,3,NA,84.01
"Kilis",36.7184,37.1147,2020,3,11.47,NA
"Kilis",36.7184,37.1147,2020,4,NA,36.3
"Kilis",36.7184,37.1147,2020,4,15.03,NA
"Kilis",36.7184,37.1147,2020,5,NA,25.73
"Kilis",36.7184,37.1147,2020,5,20.95,NA
"Kilis",36.7184,37.1147,2020,6,NA,7.2
"Kilis",36.7184,37.1147,2020,6,24.75,NA
"Kilis",36.7184,37.1147,2020,7,NA,0
"Kilis",36.7184,37.1147,2020,7,30.26,NA
"Kilis",36.7184,37.1147,2020,8,NA,4.03
"Kilis",36.7184,37.1147,2020,8,28.99,NA
"Kilis",36.7184,37.1147,2020,9,NA,2.4
"Kilis",36.7184,37.1147,2020,9,28.91,NA
"Kilis",36.7184,37.1147,2020,10,NA,0
"Kilis",36.7184,37.1147,2020,10,23.3,NA
"Kilis",36.7184,37.1147,2020,11,NA,48.9
"Kilis",36.7184,37.1147,2020,11,12.7,NA
"Kilis",36.7184,37.1147,2020,12,NA,164.3
"Kilis",36.7184,37.1147,2020,12,7.55,NA
"Kilis",36.7184,37.1147,2021,1,NA,135.78
"Kilis",36.7184,37.1147,2021,1,6.24,NA
"Kilis",36.7184,37.1147,2021,2,NA,23.8
"Kilis",36.7184,37.1147,2021,2,8.05,NA
"Kilis",36.7184,37.1147,2021,3,NA,55.8
"Kilis",36.7184,37.1147,2021,3,9.97,NA
"Kilis",36.7184,37.1147,2021,4,NA,20.4
"Kilis",36.7184,37.1147,2021,4,16.15,NA
"Kilis",36.7184,37.1147,2021,5,NA,0.93
"Kilis",36.7184,37.1147,2021,5,22.94,NA
"Kilis",36.7184,37.1147,2021,6,NA,0.3
"Kilis",36.7184,37.1147,2021,6,25.22,NA
"Kilis",36.7184,37.1147,2021,7,NA,0.31
"Kilis",36.7184,37.1147,2021,7,30.02,NA
"Kilis",36.7184,37.1147,2021,8,NA,4.03
"Kilis",36.7184,37.1147,2021,8,29.95,NA
"Kilis",36.7184,37.1147,2021,9,NA,26.1
"Kilis",36.7184,37.1147,2021,9,24.42,NA
"Kilis",36.7184,37.1147,2021,10,NA,8.06
"Kilis",36.7184,37.1147,2021,10,20.01,NA
"Kilis",36.7184,37.1147,2021,11,NA,19.8
"Kilis",36.7184,37.1147,2021,11,14.32,NA
"Kilis",36.7184,37.1147,2021,12,NA,81.22
"Kilis",36.7184,37.1147,2021,12,7.05,NA
"Kilis",36.7184,37.1147,2022,1,NA,92.38
"Kilis",36.7184,37.1147,2022,1,4.12,NA
"Kilis",36.7184,37.1147,2022,2,NA,37.52
"Kilis",36.7184,37.1147,2022,2,7.9,NA
"Kilis",36.7184,37.1147,2022,3,NA,103.23
"Kilis",36.7184,37.1147,2022,3,6.75,NA
"Kilis",36.7184,37.1147,2022,4,NA,10.2
"Kilis",36.7184,37.1147,2022,4,17.15,NA
"Kilis",36.7184,37.1147,2022,5,NA,25.11
"Kilis",36.7184,37.1147,2022,5,20.49,NA
"Kilis",36.7184,37.1147,2022,6,NA,18.9
"Kilis",36.7184,37.1147,2022,6,25.79,NA
"Kilis",36.7184,37.1147,2022,7,NA,0
"Kilis",36.7184,37.1147,2022,7,29.43,NA
"Kilis",36.7184,37.1147,2022,8,NA,13.02
"Kilis",36.7184,37.1147,2022,8,28.8,NA
"Kilis",36.7184,37.1147,2022,9,NA,9.6
"Kilis",36.7184,37.1147,2022,9,26.44,NA
"Kilis",36.7184,37.1147,2022,10,NA,9.3
"Kilis",36.7184,37.1147,2022,10,21.38,NA
"Kilis",36.7184,37.1147,2022,11,NA,58.5
"Kilis",36.7184,37.1147,2022,11,13.91,NA
"Kilis",36.7184,37.1147,2022,12,NA,28.52
"Kilis",36.7184,37.1147,2022,12,8.86,NA
"Kilis",36.7184,37.1147,2023,1,NA,37.2
"Kilis",36.7184,37.1147,2023,1,5.92,NA
"Kilis",36.7184,37.1147,2023,2,NA,46.2
"Kilis",36.7184,37.1147,2023,2,5.63,NA
"Kilis",36.7184,37.1147,2023,3,NA,72.23
"Kilis",36.7184,37.1147,2023,3,12.38,NA
"Kilis",36.7184,37.1147,2023,4,NA,25.5
"Kilis",36.7184,37.1147,2023,4,15.26,NA
"Kilis",36.7184,37.1147,2023,5,NA,17.98
"Kilis",36.7184,37.1147,2023,5,20.75,NA
"Kilis",36.7184,37.1147,2023,6,NA,9.3
"Kilis",36.7184,37.1147,2023,6,25.48,NA
"Kilis",36.7184,37.1147,2023,7,NA,0.31
"Kilis",36.7184,37.1147,2023,7,30.33,NA
"Kilis",36.7184,37.1147,2023,8,NA,8.37
"Kilis",36.7184,37.1147,2023,8,30.57,NA
"Kilis",36.7184,37.1147,2023,9,NA,12.9
"Kilis",36.7184,37.1147,2023,9,26.57,NA
"Kilis",36.7184,37.1147,2023,10,NA,30.69
"Kilis",36.7184,37.1147,2023,10,21.62,NA
"Kilis",36.7184,37.1147,2023,11,NA,49.8
"Kilis",36.7184,37.1147,2023,11,15.14,NA
"Kilis",36.7184,37.1147,2023,12,NA,57.35
"Kilis",36.7184,37.1147,2023,12,10.15,NA
"Kilis",36.7184,37.1147,2024,1,NA,109.43
"Kilis",36.7184,37.1147,2024,1,7.92,NA
"Kilis",36.7184,37.1147,2024,2,NA,45.24
"Kilis",36.7184,37.1147,2024,2,9.15,NA
"Kilis",36.7184,37.1147,2024,3,NA,60.14
"Kilis",36.7184,37.1147,2024,3,11.28,NA
"Kilis",36.7184,37.1147,2024,4,NA,30.6
"Kilis",36.7184,37.1147,2024,4,19.31,NA
"Kilis",36.7184,37.1147,2024,5,NA,49.91
"Kilis",36.7184,37.1147,2024,5,20.19,NA
"Kilis",36.7184,37.1147,2024,6,NA,3.3
"Kilis",36.7184,37.1147,2024,6,30.35,NA
"Kilis",36.7184,37.1147,2024,7,NA,2.48
"Kilis",36.7184,37.1147,2024,7,30.62,NA
"Kilis",36.7184,37.1147,2024,8,NA,16.12
"Kilis",36.7184,37.1147,2024,8,29.81,NA
"Kilis",36.7184,37.1147,2024,9,NA,27
"Kilis",36.7184,37.1147,2024,9,25.67,NA
"Kilis",36.7184,37.1147,2024,10,NA,9.3
"Kilis",36.7184,37.1147,2024,10,19.96,NA
"Kilis",36.7184,37.1147,2024,11,NA,84.9
"Kilis",36.7184,37.1147,2024,11,12.51,NA
"Kilis",36.7184,37.1147,2024,12,NA,58.28
"Kilis",36.7184,37.1147,2024,12,6.98,NA
"Kilis",36.7184,37.1147,2025,1,NA,3.41
"Kilis",36.7184,37.1147,2025,1,6.65,NA
"Kilis",36.7184,37.1147,2025,2,NA,26.6
"Kilis",36.7184,37.1147,2025,2,5.51,NA
"Kilis",36.7184,37.1147,2025,3,NA,18.91
"Kilis",36.7184,37.1147,2025,3,13.79,NA
"Kilis",36.7184,37.1147,2025,4,NA,32.4
"Kilis",36.7184,37.1147,2025,4,16.36,NA
"Kilis",36.7184,37.1147,2025,5,NA,22.32
"Kilis",36.7184,37.1147,2025,5,22.57,NA
"Kilis",36.7184,37.1147,2025,6,NA,3.3
"Kilis",36.7184,37.1147,2025,6,28.32,NA
"Kilis",36.7184,37.1147,2025,7,NA,0.62
"Kilis",36.7184,37.1147,2025,7,29.86,NA
"Kilis",36.7184,37.1147,2025,8,NA,0.62
"Kilis",36.7184,37.1147,2025,8,30.03,NA
"Kilis",36.7184,37.1147,2025,9,NA,11.1
"Kilis",36.7184,37.1147,2025,9,26.06,NA
"Kilis",36.7184,37.1147,2025,10,NA,21.7
"Kilis",36.7184,37.1147,2025,10,20.09,NA
"Kilis",36.7184,37.1147,2025,11,NA,22.2
"Kilis",36.7184,37.1147,2025,11,15.28,NA
"Kilis",36.7184,37.1147,2025,12,NA,53.94
"Kilis",36.7184,37.1147,2025,12,8.48,NA
"Mardin",37.3129,40.735,1981,1,NA,80.29
"Mardin",37.3129,40.735,1981,1,2.16,NA
"Mardin",37.3129,40.735,1981,2,NA,64.68
"Mardin",37.3129,40.735,1981,2,3.84,NA
"Mardin",37.3129,40.735,1981,3,NA,96.72
"Mardin",37.3129,40.735,1981,3,8.17,NA
"Mardin",37.3129,40.735,1981,4,NA,38.7
"Mardin",37.3129,40.735,1981,4,10.98,NA
"Mardin",37.3129,40.735,1981,5,NA,33.48
"Mardin",37.3129,40.735,1981,5,15.35,NA
"Mardin",37.3129,40.735,1981,6,NA,18.3
"Mardin",37.3129,40.735,1981,6,24.23,NA
"Mardin",37.3129,40.735,1981,7,NA,1.55
"Mardin",37.3129,40.735,1981,7,30.48,NA
"Mardin",37.3129,40.735,1981,8,NA,3.41
"Mardin",37.3129,40.735,1981,8,28.89,NA
"Mardin",37.3129,40.735,1981,9,NA,0.3
"Mardin",37.3129,40.735,1981,9,24.8,NA
"Mardin",37.3129,40.735,1981,10,NA,17.67
"Mardin",37.3129,40.735,1981,10,18.36,NA
"Mardin",37.3129,40.735,1981,11,NA,57.3
"Mardin",37.3129,40.735,1981,11,7.04,NA
"Mardin",37.3129,40.735,1981,12,NA,52.7
"Mardin",37.3129,40.735,1981,12,5.04,NA
"Mardin",37.3129,40.735,1982,1,NA,43.71
"Mardin",37.3129,40.735,1982,1,1.66,NA
"Mardin",37.3129,40.735,1982,2,NA,42
"Mardin",37.3129,40.735,1982,2,0.75,NA
"Mardin",37.3129,40.735,1982,3,NA,77.5
"Mardin",37.3129,40.735,1982,3,5.26,NA
"Mardin",37.3129,40.735,1982,4,NA,97.8
"Mardin",37.3129,40.735,1982,4,13.04,NA
"Mardin",37.3129,40.735,1982,5,NA,82.46
"Mardin",37.3129,40.735,1982,5,17.67,NA
"Mardin",37.3129,40.735,1982,6,NA,28.5
"Mardin",37.3129,40.735,1982,6,22.86,NA
"Mardin",37.3129,40.735,1982,7,NA,0.62
"Mardin",37.3129,40.735,1982,7,27.32,NA
"Mardin",37.3129,40.735,1982,8,NA,0
"Mardin",37.3129,40.735,1982,8,27.79,NA
"Mardin",37.3129,40.735,1982,9,NA,3.6
"Mardin",37.3129,40.735,1982,9,24.39,NA
"Mardin",37.3129,40.735,1982,10,NA,13.33
"Mardin",37.3129,40.735,1982,10,15.66,NA
"Mardin",37.3129,40.735,1982,11,NA,30.6
"Mardin",37.3129,40.735,1982,11,6.53,NA
"Mardin",37.3129,40.735,1982,12,NA,38.75
"Mardin",37.3129,40.735,1982,12,1.28,NA
"Mardin",37.3129,40.735,1983,1,NA,64.17
"Mardin",37.3129,40.735,1983,1,-2.14,NA
"Mardin",37.3129,40.735,1983,2,NA,64.68
"Mardin",37.3129,40.735,1983,2,1.05,NA
"Mardin",37.3129,40.735,1983,3,NA,40.61
"Mardin",37.3129,40.735,1983,3,6.22,NA
"Mardin",37.3129,40.735,1983,4,NA,22.2
"Mardin",37.3129,40.735,1983,4,12.2,NA
"Mardin",37.3129,40.735,1983,5,NA,48.36
"Mardin",37.3129,40.735,1983,5,19.13,NA
"Mardin",37.3129,40.735,1983,6,NA,6.9
"Mardin",37.3129,40.735,1983,6,24.23,NA
"Mardin",37.3129,40.735,1983,7,NA,1.55
"Mardin",37.3129,40.735,1983,7,28.4,NA
"Mardin",37.3129,40.735,1983,8,NA,0.31
"Mardin",37.3129,40.735,1983,8,27.15,NA
"Mardin",37.3129,40.735,1983,9,NA,0.9
"Mardin",37.3129,40.735,1983,9,23.89,NA
"Mardin",37.3129,40.735,1983,10,NA,6.51
"Mardin",37.3129,40.735,1983,10,16.33,NA
"Mardin",37.3129,40.735,1983,11,NA,67.5
"Mardin",37.3129,40.735,1983,11,10.19,NA
"Mardin",37.3129,40.735,1983,12,NA,29.76
"Mardin",37.3129,40.735,1983,12,4.38,NA
"Mardin",37.3129,40.735,1984,1,NA,30.69
"Mardin",37.3129,40.735,1984,1,3.24,NA
"Mardin",37.3129,40.735,1984,2,NA,19.14
"Mardin",37.3129,40.735,1984,2,4.23,NA
"Mardin",37.3129,40.735,1984,3,NA,63.55
"Mardin",37.3129,40.735,1984,3,7.8,NA
"Mardin",37.3129,40.735,1984,4,NA,25.5
"Mardin",37.3129,40.735,1984,4,11.99,NA
"Mardin",37.3129,40.735,1984,5,NA,11.47
"Mardin",37.3129,40.735,1984,5,18.78,NA
"Mardin",37.3129,40.735,1984,6,NA,0.3
"Mardin",37.3129,40.735,1984,6,26.18,NA
"Mardin",37.3129,40.735,1984,7,NA,0
"Mardin",37.3129,40.735,1984,7,29.78,NA
"Mardin",37.3129,40.735,1984,8,NA,0
"Mardin",37.3129,40.735,1984,8,26.73,NA
"Mardin",37.3129,40.735,1984,9,NA,0
"Mardin",37.3129,40.735,1984,9,25.17,NA
"Mardin",37.3129,40.735,1984,10,NA,28.83
"Mardin",37.3129,40.735,1984,10,17,NA
"Mardin",37.3129,40.735,1984,11,NA,69.6
"Mardin",37.3129,40.735,1984,11,8.5,NA
"Mardin",37.3129,40.735,1984,12,NA,27.59
"Mardin",37.3129,40.735,1984,12,1.97,NA
"Mardin",37.3129,40.735,1985,1,NA,56.73
"Mardin",37.3129,40.735,1985,1,3.31,NA
"Mardin",37.3129,40.735,1985,2,NA,87.08
"Mardin",37.3129,40.735,1985,2,-0.2,NA
"Mardin",37.3129,40.735,1985,3,NA,45.88
"Mardin",37.3129,40.735,1985,3,5.11,NA
"Mardin",37.3129,40.735,1985,4,NA,87.9
"Mardin",37.3129,40.735,1985,4,13.12,NA
"Mardin",37.3129,40.735,1985,5,NA,12.09
"Mardin",37.3129,40.735,1985,5,20.26,NA
"Mardin",37.3129,40.735,1985,6,NA,0
"Mardin",37.3129,40.735,1985,6,25.49,NA
"Mardin",37.3129,40.735,1985,7,NA,0
"Mardin",37.3129,40.735,1985,7,27.97,NA
"Mardin",37.3129,40.735,1985,8,NA,0
"Mardin",37.3129,40.735,1985,8,30.05,NA
"Mardin",37.3129,40.735,1985,9,NA,0
"Mardin",37.3129,40.735,1985,9,23.77,NA
"Mardin",37.3129,40.735,1985,10,NA,17.67
"Mardin",37.3129,40.735,1985,10,15.19,NA
"Mardin",37.3129,40.735,1985,11,NA,66.9
"Mardin",37.3129,40.735,1985,11,11.69,NA
"Mardin",37.3129,40.735,1985,12,NA,44.02
"Mardin",37.3129,40.735,1985,12,3.09,NA
"Mardin",37.3129,40.735,1986,1,NA,35.34
"Mardin",37.3129,40.735,1986,1,2.1,NA
"Mardin",37.3129,40.735,1986,2,NA,88.48
"Mardin",37.3129,40.735,1986,2,3.88,NA
"Mardin",37.3129,40.735,1986,3,NA,35.03
"Mardin",37.3129,40.735,1986,3,8.06,NA
"Mardin",37.3129,40.735,1986,4,NA,31.8
"Mardin",37.3129,40.735,1986,4,14.26,NA
"Mardin",37.3129,40.735,1986,5,NA,75.64
"Mardin",37.3129,40.735,1986,5,15.97,NA
"Mardin",37.3129,40.735,1986,6,NA,0.9
"Mardin",37.3129,40.735,1986,6,24.05,NA
"Mardin",37.3129,40.735,1986,7,NA,0
"Mardin",37.3129,40.735,1986,7,30.46,NA
"Mardin",37.3129,40.735,1986,8,NA,1.55
"Mardin",37.3129,40.735,1986,8,29.93,NA
"Mardin",37.3129,40.735,1986,9,NA,1.5
"Mardin",37.3129,40.735,1986,9,26.43,NA
"Mardin",37.3129,40.735,1986,10,NA,15.81
"Mardin",37.3129,40.735,1986,10,17.54,NA
"Mardin",37.3129,40.735,1986,11,NA,45.6
"Mardin",37.3129,40.735,1986,11,7.19,NA
"Mardin",37.3129,40.735,1986,12,NA,22.01
"Mardin",37.3129,40.735,1986,12,2.24,NA
"Mardin",37.3129,40.735,1987,1,NA,59.52
"Mardin",37.3129,40.735,1987,1,2.39,NA
"Mardin",37.3129,40.735,1987,2,NA,29.12
"Mardin",37.3129,40.735,1987,2,5.25,NA
"Mardin",37.3129,40.735,1987,3,NA,83.39
"Mardin",37.3129,40.735,1987,3,4.08,NA
"Mardin",37.3129,40.735,1987,4,NA,7.2
"Mardin",37.3129,40.735,1987,4,10.99,NA
"Mardin",37.3129,40.735,1987,5,NA,1.55
"Mardin",37.3129,40.735,1987,5,19.64,NA
"Mardin",37.3129,40.735,1987,6,NA,1.8
"Mardin",37.3129,40.735,1987,6,25.41,NA
"Mardin",37.3129,40.735,1987,7,NA,0
"Mardin",37.3129,40.735,1987,7,29.89,NA
"Mardin",37.3129,40.735,1987,8,NA,0
"Mardin",37.3129,40.735,1987,8,28.22,NA
"Mardin",37.3129,40.735,1987,9,NA,0
"Mardin",37.3129,40.735,1987,9,24.09,NA
"Mardin",37.3129,40.735,1987,10,NA,94.24
"Mardin",37.3129,40.735,1987,10,15.06,NA
"Mardin",37.3129,40.735,1987,11,NA,24.3
"Mardin",37.3129,40.735,1987,11,7.6,NA
"Mardin",37.3129,40.735,1987,12,NA,113.77
"Mardin",37.3129,40.735,1987,12,2.96,NA
"Mardin",37.3129,40.735,1988,1,NA,79.98
"Mardin",37.3129,40.735,1988,1,0.06,NA
"Mardin",37.3129,40.735,1988,2,NA,43.21
"Mardin",37.3129,40.735,1988,2,2.64,NA
"Mardin",37.3129,40.735,1988,3,NA,57.35
"Mardin",37.3129,40.735,1988,3,5.73,NA
"Mardin",37.3129,40.735,1988,4,NA,87.6
"Mardin",37.3129,40.735,1988,4,11.73,NA
"Mardin",37.3129,40.735,1988,5,NA,15.5
"Mardin",37.3129,40.735,1988,5,18.21,NA
"Mardin",37.3129,40.735,1988,6,NA,2.4
"Mardin",37.3129,40.735,1988,6,23.89,NA
"Mardin",37.3129,40.735,1988,7,NA,0.31
"Mardin",37.3129,40.735,1988,7,29.83,NA
"Mardin",37.3129,40.735,1988,8,NA,0.31
"Mardin",37.3129,40.735,1988,8,29.11,NA
"Mardin",37.3129,40.735,1988,9,NA,0.6
"Mardin",37.3129,40.735,1988,9,23.74,NA
"Mardin",37.3129,40.735,1988,10,NA,58.28
"Mardin",37.3129,40.735,1988,10,16.14,NA
"Mardin",37.3129,40.735,1988,11,NA,29.1
"Mardin",37.3129,40.735,1988,11,5.15,NA
"Mardin",37.3129,40.735,1988,12,NA,57.66
"Mardin",37.3129,40.735,1988,12,2.11,NA
"Mardin",37.3129,40.735,1989,1,NA,2.48
"Mardin",37.3129,40.735,1989,1,-2.03,NA
"Mardin",37.3129,40.735,1989,2,NA,22.96
"Mardin",37.3129,40.735,1989,2,1.91,NA
"Mardin",37.3129,40.735,1989,3,NA,57.66
"Mardin",37.3129,40.735,1989,3,8.75,NA
"Mardin",37.3129,40.735,1989,4,NA,1.5
"Mardin",37.3129,40.735,1989,4,17.36,NA
"Mardin",37.3129,40.735,1989,5,NA,3.41
"Mardin",37.3129,40.735,1989,5,20.84,NA
"Mardin",37.3129,40.735,1989,6,NA,1.5
"Mardin",37.3129,40.735,1989,6,25.7,NA
"Mardin",37.3129,40.735,1989,7,NA,0
"Mardin",37.3129,40.735,1989,7,30.02,NA
"Mardin",37.3129,40.735,1989,8,NA,1.86
"Mardin",37.3129,40.735,1989,8,28.67,NA
"Mardin",37.3129,40.735,1989,9,NA,0.6
"Mardin",37.3129,40.735,1989,9,22.97,NA
"Mardin",37.3129,40.735,1989,10,NA,31.62
"Mardin",37.3129,40.735,1989,10,15.56,NA
"Mardin",37.3129,40.735,1989,11,NA,59.1
"Mardin",37.3129,40.735,1989,11,8.01,NA
"Mardin",37.3129,40.735,1989,12,NA,20.77
"Mardin",37.3129,40.735,1989,12,2.63,NA
"Mardin",37.3129,40.735,1990,1,NA,46.5
"Mardin",37.3129,40.735,1990,1,-0.38,NA
"Mardin",37.3129,40.735,1990,2,NA,78.68
"Mardin",37.3129,40.735,1990,2,2.28,NA
"Mardin",37.3129,40.735,1990,3,NA,13.33
"Mardin",37.3129,40.735,1990,3,7.94,NA
"Mardin",37.3129,40.735,1990,4,NA,64.2
"Mardin",37.3129,40.735,1990,4,11.73,NA
"Mardin",37.3129,40.735,1990,5,NA,2.17
"Mardin",37.3129,40.735,1990,5,19.28,NA
"Mardin",37.3129,40.735,1990,6,NA,13.2
"Mardin",37.3129,40.735,1990,6,25.34,NA
"Mardin",37.3129,40.735,1990,7,NA,0
"Mardin",37.3129,40.735,1990,7,30.52,NA
"Mardin",37.3129,40.735,1990,8,NA,0
"Mardin",37.3129,40.735,1990,8,28.28,NA
"Mardin",37.3129,40.735,1990,9,NA,0
"Mardin",37.3129,40.735,1990,9,23.37,NA
"Mardin",37.3129,40.735,1990,10,NA,2.17
"Mardin",37.3129,40.735,1990,10,17.27,NA
"Mardin",37.3129,40.735,1990,11,NA,28.8
"Mardin",37.3129,40.735,1990,11,11.05,NA
"Mardin",37.3129,40.735,1990,12,NA,26.04
"Mardin",37.3129,40.735,1990,12,4.61,NA
"Mardin",37.3129,40.735,1991,1,NA,50.84
"Mardin",37.3129,40.735,1991,1,1.71,NA
"Mardin",37.3129,40.735,1991,2,NA,52.64
"Mardin",37.3129,40.735,1991,2,1.18,NA
"Mardin",37.3129,40.735,1991,3,NA,109.74
"Mardin",37.3129,40.735,1991,3,7.86,NA
"Mardin",37.3129,40.735,1991,4,NA,23.1
"Mardin",37.3129,40.735,1991,4,12.91,NA
"Mardin",37.3129,40.735,1991,5,NA,35.34
"Mardin",37.3129,40.735,1991,5,16.95,NA
"Mardin",37.3129,40.735,1991,6,NA,3.3
"Mardin",37.3129,40.735,1991,6,25.8,NA
"Mardin",37.3129,40.735,1991,7,NA,0
"Mardin",37.3129,40.735,1991,7,29.74,NA
"Mardin",37.3129,40.735,1991,8,NA,0
"Mardin",37.3129,40.735,1991,8,29.45,NA
"Mardin",37.3129,40.735,1991,9,NA,0.3
"Mardin",37.3129,40.735,1991,9,23.56,NA
"Mardin",37.3129,40.735,1991,10,NA,28.52
"Mardin",37.3129,40.735,1991,10,17.49,NA
"Mardin",37.3129,40.735,1991,11,NA,40.2
"Mardin",37.3129,40.735,1991,11,9.19,NA
"Mardin",37.3129,40.735,1991,12,NA,101.68
"Mardin",37.3129,40.735,1991,12,1.75,NA
"Mardin",37.3129,40.735,1992,1,NA,57.04
"Mardin",37.3129,40.735,1992,1,-2.54,NA
"Mardin",37.3129,40.735,1992,2,NA,122.09
"Mardin",37.3129,40.735,1992,2,-2.93,NA
"Mardin",37.3129,40.735,1992,3,NA,16.43
"Mardin",37.3129,40.735,1992,3,3.11,NA
"Mardin",37.3129,40.735,1992,4,NA,18.6
"Mardin",37.3129,40.735,1992,4,11.01,NA
"Mardin",37.3129,40.735,1992,5,NA,43.71
"Mardin",37.3129,40.735,1992,5,16.43,NA
"Mardin",37.3129,40.735,1992,6,NA,21.9
"Mardin",37.3129,40.735,1992,6,22.54,NA
"Mardin",37.3129,40.735,1992,7,NA,0
"Mardin",37.3129,40.735,1992,7,27.06,NA
"Mardin",37.3129,40.735,1992,8,NA,0
"Mardin",37.3129,40.735,1992,8,28.55,NA
"Mardin",37.3129,40.735,1992,9,NA,0.3
"Mardin",37.3129,40.735,1992,9,22.86,NA
"Mardin",37.3129,40.735,1992,10,NA,0.62
"Mardin",37.3129,40.735,1992,10,17.92,NA
"Mardin",37.3129,40.735,1992,11,NA,69.6
"Mardin",37.3129,40.735,1992,11,6.95,NA
"Mardin",37.3129,40.735,1992,12,NA,31.31
"Mardin",37.3129,40.735,1992,12,0.18,NA
"Mardin",37.3129,40.735,1993,1,NA,55.49
"Mardin",37.3129,40.735,1993,1,-0.28,NA
"Mardin",37.3129,40.735,1993,2,NA,68.32
"Mardin",37.3129,40.735,1993,2,0.78,NA
"Mardin",37.3129,40.735,1993,3,NA,42.47
"Mardin",37.3129,40.735,1993,3,5.61,NA
"Mardin",37.3129,40.735,1993,4,NA,48
"Mardin",37.3129,40.735,1993,4,11.69,NA
"Mardin",37.3129,40.735,1993,5,NA,103.54
"Mardin",37.3129,40.735,1993,5,15.68,NA
"Mardin",37.3129,40.735,1993,6,NA,5.7
"Mardin",37.3129,40.735,1993,6,22.97,NA
"Mardin",37.3129,40.735,1993,7,NA,0
"Mardin",37.3129,40.735,1993,7,29.43,NA
"Mardin",37.3129,40.735,1993,8,NA,1.86
"Mardin",37.3129,40.735,1993,8,29.25,NA
"Mardin",37.3129,40.735,1993,9,NA,0
"Mardin",37.3129,40.735,1993,9,24.72,NA
"Mardin",37.3129,40.735,1993,10,NA,21.08
"Mardin",37.3129,40.735,1993,10,18.77,NA
"Mardin",37.3129,40.735,1993,11,NA,60.9
"Mardin",37.3129,40.735,1993,11,6.13,NA
"Mardin",37.3129,40.735,1993,12,NA,9.3
"Mardin",37.3129,40.735,1993,12,4.96,NA
"Mardin",37.3129,40.735,1994,1,NA,112.22
"Mardin",37.3129,40.735,1994,1,4.33,NA
"Mardin",37.3129,40.735,1994,2,NA,42.84
"Mardin",37.3129,40.735,1994,2,3.51,NA
"Mardin",37.3129,40.735,1994,3,NA,51.15
"Mardin",37.3129,40.735,1994,3,8,NA
"Mardin",37.3129,40.735,1994,4,NA,31.8
"Mardin",37.3129,40.735,1994,4,15.61,NA
"Mardin",37.3129,40.735,1994,5,NA,26.04
"Mardin",37.3129,40.735,1994,5,19.89,NA
"Mardin",37.3129,40.735,1994,6,NA,0.9
"Mardin",37.3129,40.735,1994,6,26.12,NA
"Mardin",37.3129,40.735,1994,7,NA,0.31
"Mardin",37.3129,40.735,1994,7,30.29,NA
"Mardin",37.3129,40.735,1994,8,NA,0
"Mardin",37.3129,40.735,1994,8,28.9,NA
"Mardin",37.3129,40.735,1994,9,NA,1.5
"Mardin",37.3129,40.735,1994,9,26.21,NA
"Mardin",37.3129,40.735,1994,10,NA,42.16
"Mardin",37.3129,40.735,1994,10,18.85,NA
"Mardin",37.3129,40.735,1994,11,NA,92.7
"Mardin",37.3129,40.735,1994,11,8.27,NA
"Mardin",37.3129,40.735,1994,12,NA,79.05
"Mardin",37.3129,40.735,1994,12,-0.58,NA
"Mardin",37.3129,40.735,1995,1,NA,68.2
"Mardin",37.3129,40.735,1995,1,3.15,NA
"Mardin",37.3129,40.735,1995,2,NA,42.28
"Mardin",37.3129,40.735,1995,2,4.84,NA
"Mardin",37.3129,40.735,1995,3,NA,42.78
"Mardin",37.3129,40.735,1995,3,8.26,NA
"Mardin",37.3129,40.735,1995,4,NA,64.5
"Mardin",37.3129,40.735,1995,4,11.91,NA
"Mardin",37.3129,40.735,1995,5,NA,8.37
"Mardin",37.3129,40.735,1995,5,19.89,NA
"Mardin",37.3129,40.735,1995,6,NA,18.9
"Mardin",37.3129,40.735,1995,6,25.15,NA
"Mardin",37.3129,40.735,1995,7,NA,0
"Mardin",37.3129,40.735,1995,7,28.72,NA
"Mardin",37.3129,40.735,1995,8,NA,0
"Mardin",37.3129,40.735,1995,8,29.19,NA
"Mardin",37.3129,40.735,1995,9,NA,0.6
"Mardin",37.3129,40.735,1995,9,24.06,NA
"Mardin",37.3129,40.735,1995,10,NA,8.06
"Mardin",37.3129,40.735,1995,10,16.32,NA
"Mardin",37.3129,40.735,1995,11,NA,33.9
"Mardin",37.3129,40.735,1995,11,7.48,NA
"Mardin",37.3129,40.735,1995,12,NA,0.62
"Mardin",37.3129,40.735,1995,12,3.01,NA
"Mardin",37.3129,40.735,1996,1,NA,125.24
"Mardin",37.3129,40.735,1996,1,2.14,NA
"Mardin",37.3129,40.735,1996,2,NA,49.88
"Mardin",37.3129,40.735,1996,2,3.93,NA
"Mardin",37.3129,40.735,1996,3,NA,156.55
"Mardin",37.3129,40.735,1996,3,6.32,NA
"Mardin",37.3129,40.735,1996,4,NA,54.9
"Mardin",37.3129,40.735,1996,4,10.76,NA
"Mardin",37.3129,40.735,1996,5,NA,7.44
"Mardin",37.3129,40.735,1996,5,20.05,NA
"Mardin",37.3129,40.735,1996,6,NA,0.3
"Mardin",37.3129,40.735,1996,6,24.25,NA
"Mardin",37.3129,40.735,1996,7,NA,1.24
"Mardin",37.3129,40.735,1996,7,31.48,NA
"Mardin",37.3129,40.735,1996,8,NA,2.48
"Mardin",37.3129,40.735,1996,8,29.31,NA
"Mardin",37.3129,40.735,1996,9,NA,9.6
"Mardin",37.3129,40.735,1996,9,22.91,NA
"Mardin",37.3129,40.735,1996,10,NA,17.36
"Mardin",37.3129,40.735,1996,10,15.96,NA
"Mardin",37.3129,40.735,1996,11,NA,7.8
"Mardin",37.3129,40.735,1996,11,10.24,NA
"Mardin",37.3129,40.735,1996,12,NA,103.85
"Mardin",37.3129,40.735,1996,12,6.33,NA
"Mardin",37.3129,40.735,1997,1,NA,21.39
"Mardin",37.3129,40.735,1997,1,2.69,NA
"Mardin",37.3129,40.735,1997,2,NA,40.88
"Mardin",37.3129,40.735,1997,2,0.8,NA
"Mardin",37.3129,40.735,1997,3,NA,40.3
"Mardin",37.3129,40.735,1997,3,3.98,NA
"Mardin",37.3129,40.735,1997,4,NA,32.1
"Mardin",37.3129,40.735,1997,4,10.53,NA
"Mardin",37.3129,40.735,1997,5,NA,11.47
"Mardin",37.3129,40.735,1997,5,20.12,NA
"Mardin",37.3129,40.735,1997,6,NA,3.6
"Mardin",37.3129,40.735,1997,6,25.54,NA
"Mardin",37.3129,40.735,1997,7,NA,0
"Mardin",37.3129,40.735,1997,7,28.51,NA
"Mardin",37.3129,40.735,1997,8,NA,0
"Mardin",37.3129,40.735,1997,8,27.24,NA
"Mardin",37.3129,40.735,1997,9,NA,12.9
"Mardin",37.3129,40.735,1997,9,21.81,NA
"Mardin",37.3129,40.735,1997,10,NA,53.63
"Mardin",37.3129,40.735,1997,10,16.69,NA
"Mardin",37.3129,40.735,1997,11,NA,42
"Mardin",37.3129,40.735,1997,11,9.34,NA
"Mardin",37.3129,40.735,1997,12,NA,68.2
"Mardin",37.3129,40.735,1997,12,3.63,NA
"Mardin",37.3129,40.735,1998,1,NA,66.96
"Mardin",37.3129,40.735,1998,1,-0.23,NA
"Mardin",37.3129,40.735,1998,2,NA,34.72
"Mardin",37.3129,40.735,1998,2,0.76,NA
"Mardin",37.3129,40.735,1998,3,NA,66.34
"Mardin",37.3129,40.735,1998,3,6.21,NA
"Mardin",37.3129,40.735,1998,4,NA,60.3
"Mardin",37.3129,40.735,1998,4,13.49,NA
"Mardin",37.3129,40.735,1998,5,NA,56.42
"Mardin",37.3129,40.735,1998,5,18.46,NA
"Mardin",37.3129,40.735,1998,6,NA,2.7
"Mardin",37.3129,40.735,1998,6,26.38,NA
"Mardin",37.3129,40.735,1998,7,NA,1.86
"Mardin",37.3129,40.735,1998,7,30.81,NA
"Mardin",37.3129,40.735,1998,8,NA,0
"Mardin",37.3129,40.735,1998,8,30.58,NA
"Mardin",37.3129,40.735,1998,9,NA,4.5
"Mardin",37.3129,40.735,1998,9,24.55,NA
"Mardin",37.3129,40.735,1998,10,NA,0.62
"Mardin",37.3129,40.735,1998,10,18.14,NA
"Mardin",37.3129,40.735,1998,11,NA,17.1
"Mardin",37.3129,40.735,1998,11,12.91,NA
"Mardin",37.3129,40.735,1998,12,NA,59.52
"Mardin",37.3129,40.735,1998,12,5.6,NA
"Mardin",37.3129,40.735,1999,1,NA,28.52
"Mardin",37.3129,40.735,1999,1,3.51,NA
"Mardin",37.3129,40.735,1999,2,NA,71.68
"Mardin",37.3129,40.735,1999,2,4.11,NA
"Mardin",37.3129,40.735,1999,3,NA,93.31
"Mardin",37.3129,40.735,1999,3,7.68,NA
"Mardin",37.3129,40.735,1999,4,NA,62.1
"Mardin",37.3129,40.735,1999,4,12.98,NA
"Mardin",37.3129,40.735,1999,5,NA,8.06
"Mardin",37.3129,40.735,1999,5,20.34,NA
"Mardin",37.3129,40.735,1999,6,NA,1.2
"Mardin",37.3129,40.735,1999,6,26.38,NA
"Mardin",37.3129,40.735,1999,7,NA,3.1
"Mardin",37.3129,40.735,1999,7,30.16,NA
"Mardin",37.3129,40.735,1999,8,NA,1.24
"Mardin",37.3129,40.735,1999,8,29.79,NA
"Mardin",37.3129,40.735,1999,9,NA,4.2
"Mardin",37.3129,40.735,1999,9,23.7,NA
"Mardin",37.3129,40.735,1999,10,NA,8.37
"Mardin",37.3129,40.735,1999,10,17.62,NA
"Mardin",37.3129,40.735,1999,11,NA,5.7
"Mardin",37.3129,40.735,1999,11,8.92,NA
"Mardin",37.3129,40.735,1999,12,NA,63.55
"Mardin",37.3129,40.735,1999,12,5.09,NA
"Mardin",37.3129,40.735,2000,1,NA,75.33
"Mardin",37.3129,40.735,2000,1,0.08,NA
"Mardin",37.3129,40.735,2000,2,NA,47.27
"Mardin",37.3129,40.735,2000,2,1.66,NA
"Mardin",37.3129,40.735,2000,3,NA,35.65
"Mardin",37.3129,40.735,2000,3,5.23,NA
"Mardin",37.3129,40.735,2000,4,NA,30
"Mardin",37.3129,40.735,2000,4,14.32,NA
"Mardin",37.3129,40.735,2000,5,NA,3.72
"Mardin",37.3129,40.735,2000,5,19.34,NA
"Mardin",37.3129,40.735,2000,6,NA,0
"Mardin",37.3129,40.735,2000,6,26.18,NA
"Mardin",37.3129,40.735,2000,7,NA,0
"Mardin",37.3129,40.735,2000,7,32.01,NA
"Mardin",37.3129,40.735,2000,8,NA,1.24
"Mardin",37.3129,40.735,2000,8,28.81,NA
"Mardin",37.3129,40.735,2000,9,NA,0.9
"Mardin",37.3129,40.735,2000,9,23.71,NA
"Mardin",37.3129,40.735,2000,10,NA,24.18
"Mardin",37.3129,40.735,2000,10,15.94,NA
"Mardin",37.3129,40.735,2000,11,NA,18
"Mardin",37.3129,40.735,2000,11,9.13,NA
"Mardin",37.3129,40.735,2000,12,NA,110.98
"Mardin",37.3129,40.735,2000,12,2.83,NA
"Mardin",37.3129,40.735,2001,1,NA,16.12
"Mardin",37.3129,40.735,2001,1,3.01,NA
"Mardin",37.3129,40.735,2001,2,NA,75.32
"Mardin",37.3129,40.735,2001,2,3.55,NA
"Mardin",37.3129,40.735,2001,3,NA,74.71
"Mardin",37.3129,40.735,2001,3,10.83,NA
"Mardin",37.3129,40.735,2001,4,NA,47.1
"Mardin",37.3129,40.735,2001,4,13.3,NA
"Mardin",37.3129,40.735,2001,5,NA,74.71
"Mardin",37.3129,40.735,2001,5,16.61,NA
"Mardin",37.3129,40.735,2001,6,NA,0.6
"Mardin",37.3129,40.735,2001,6,25.17,NA
"Mardin",37.3129,40.735,2001,7,NA,0.31
"Mardin",37.3129,40.735,2001,7,30.3,NA
"Mardin",37.3129,40.735,2001,8,NA,0.31
"Mardin",37.3129,40.735,2001,8,29.41,NA
"Mardin",37.3129,40.735,2001,9,NA,9.6
"Mardin",37.3129,40.735,2001,9,24.72,NA
"Mardin",37.3129,40.735,2001,10,NA,27.28
"Mardin",37.3129,40.735,2001,10,16.73,NA
"Mardin",37.3129,40.735,2001,11,NA,23.1
"Mardin",37.3129,40.735,2001,11,7.2,NA
"Mardin",37.3129,40.735,2001,12,NA,126.48
"Mardin",37.3129,40.735,2001,12,3.47,NA
"Mardin",37.3129,40.735,2002,1,NA,32.86
"Mardin",37.3129,40.735,2002,1,-0.23,NA
"Mardin",37.3129,40.735,2002,2,NA,36.12
"Mardin",37.3129,40.735,2002,2,4.76,NA
"Mardin",37.3129,40.735,2002,3,NA,66.96
"Mardin",37.3129,40.735,2002,3,8.44,NA
"Mardin",37.3129,40.735,2002,4,NA,66.9
"Mardin",37.3129,40.735,2002,4,11.12,NA
"Mardin",37.3129,40.735,2002,5,NA,24.49
"Mardin",37.3129,40.735,2002,5,17.98,NA
"Mardin",37.3129,40.735,2002,6,NA,1.2
"Mardin",37.3129,40.735,2002,6,24.78,NA
"Mardin",37.3129,40.735,2002,7,NA,1.24
"Mardin",37.3129,40.735,2002,7,29.74,NA
"Mardin",37.3129,40.735,2002,8,NA,0
"Mardin",37.3129,40.735,2002,8,28.17,NA
"Mardin",37.3129,40.735,2002,9,NA,3.9
"Mardin",37.3129,40.735,2002,9,24.02,NA
"Mardin",37.3129,40.735,2002,10,NA,13.64
"Mardin",37.3129,40.735,2002,10,18.58,NA
"Mardin",37.3129,40.735,2002,11,NA,27.6
"Mardin",37.3129,40.735,2002,11,10.58,NA
"Mardin",37.3129,40.735,2002,12,NA,70.37
"Mardin",37.3129,40.735,2002,12,-0.95,NA
"Mardin",37.3129,40.735,2003,1,NA,62.93
"Mardin",37.3129,40.735,2003,1,1.63,NA
"Mardin",37.3129,40.735,2003,2,NA,157.64
"Mardin",37.3129,40.735,2003,2,0.72,NA
"Mardin",37.3129,40.735,2003,3,NA,70.68
"Mardin",37.3129,40.735,2003,3,4.34,NA
"Mardin",37.3129,40.735,2003,4,NA,62.4
"Mardin",37.3129,40.735,2003,4,11.86,NA
"Mardin",37.3129,40.735,2003,5,NA,6.82
"Mardin",37.3129,40.735,2003,5,19.5,NA
"Mardin",37.3129,40.735,2003,6,NA,13.8
"Mardin",37.3129,40.735,2003,6,24.71,NA
"Mardin",37.3129,40.735,2003,7,NA,0.31
"Mardin",37.3129,40.735,2003,7,29.68,NA
"Mardin",37.3129,40.735,2003,8,NA,0.31
"Mardin",37.3129,40.735,2003,8,30.21,NA
"Mardin",37.3129,40.735,2003,9,NA,1.5
"Mardin",37.3129,40.735,2003,9,23.61,NA
"Mardin",37.3129,40.735,2003,10,NA,23.25
"Mardin",37.3129,40.735,2003,10,18.75,NA
"Mardin",37.3129,40.735,2003,11,NA,51
"Mardin",37.3129,40.735,2003,11,8.64,NA
"Mardin",37.3129,40.735,2003,12,NA,71.61
"Mardin",37.3129,40.735,2003,12,2.8,NA
"Mardin",37.3129,40.735,2004,1,NA,87.11
"Mardin",37.3129,40.735,2004,1,2.06,NA
"Mardin",37.3129,40.735,2004,2,NA,90.19
"Mardin",37.3129,40.735,2004,2,1.75,NA
"Mardin",37.3129,40.735,2004,3,NA,8.68
"Mardin",37.3129,40.735,2004,3,8.83,NA
"Mardin",37.3129,40.735,2004,4,NA,50.4
"Mardin",37.3129,40.735,2004,4,11.85,NA
"Mardin",37.3129,40.735,2004,5,NA,59.52
"Mardin",37.3129,40.735,2004,5,17.78,NA
"Mardin",37.3129,40.735,2004,6,NA,6.9
"Mardin",37.3129,40.735,2004,6,24.89,NA
"Mardin",37.3129,40.735,2004,7,NA,0
"Mardin",37.3129,40.735,2004,7,29.55,NA
"Mardin",37.3129,40.735,2004,8,NA,0
"Mardin",37.3129,40.735,2004,8,29.01,NA
"Mardin",37.3129,40.735,2004,9,NA,0
"Mardin",37.3129,40.735,2004,9,25.23,NA
"Mardin",37.3129,40.735,2004,10,NA,4.03
"Mardin",37.3129,40.735,2004,10,18.91,NA
"Mardin",37.3129,40.735,2004,11,NA,121.5
"Mardin",37.3129,40.735,2004,11,8.11,NA
"Mardin",37.3129,40.735,2004,12,NA,5.89
"Mardin",37.3129,40.735,2004,12,0.44,NA
"Mardin",37.3129,40.735,2005,1,NA,54.25
"Mardin",37.3129,40.735,2005,1,1.06,NA
"Mardin",37.3129,40.735,2005,2,NA,42
"Mardin",37.3129,40.735,2005,2,2.75,NA
"Mardin",37.3129,40.735,2005,3,NA,42.16
"Mardin",37.3129,40.735,2005,3,6.85,NA
"Mardin",37.3129,40.735,2005,4,NA,24
"Mardin",37.3129,40.735,2005,4,13.79,NA
"Mardin",37.3129,40.735,2005,5,NA,18.91
"Mardin",37.3129,40.735,2005,5,19.59,NA
"Mardin",37.3129,40.735,2005,6,NA,15.3
"Mardin",37.3129,40.735,2005,6,24.52,NA
"Mardin",37.3129,40.735,2005,7,NA,0
"Mardin",37.3129,40.735,2005,7,30.83,NA
"Mardin",37.3129,40.735,2005,8,NA,0.93
"Mardin",37.3129,40.735,2005,8,30.21,NA
"Mardin",37.3129,40.735,2005,9,NA,1.8
"Mardin",37.3129,40.735,2005,9,23.7,NA
"Mardin",37.3129,40.735,2005,10,NA,16.74
"Mardin",37.3129,40.735,2005,10,16.17,NA
"Mardin",37.3129,40.735,2005,11,NA,28.5
"Mardin",37.3129,40.735,2005,11,8.23,NA
"Mardin",37.3129,40.735,2005,12,NA,59.83
"Mardin",37.3129,40.735,2005,12,5.64,NA
"Mardin",37.3129,40.735,2006,1,NA,86.8
"Mardin",37.3129,40.735,2006,1,-0.19,NA
"Mardin",37.3129,40.735,2006,2,NA,77.84
"Mardin",37.3129,40.735,2006,2,3.15,NA
"Mardin",37.3129,40.735,2006,3,NA,23.87
"Mardin",37.3129,40.735,2006,3,8.22,NA
"Mardin",37.3129,40.735,2006,4,NA,57.9
"Mardin",37.3129,40.735,2006,4,14.11,NA
"Mardin",37.3129,40.735,2006,5,NA,19.84
"Mardin",37.3129,40.735,2006,5,19.88,NA
"Mardin",37.3129,40.735,2006,6,NA,0
"Mardin",37.3129,40.735,2006,6,27.66,NA
"Mardin",37.3129,40.735,2006,7,NA,2.79
"Mardin",37.3129,40.735,2006,7,29.25,NA
"Mardin",37.3129,40.735,2006,8,NA,0
"Mardin",37.3129,40.735,2006,8,31.29,NA
"Mardin",37.3129,40.735,2006,9,NA,1.5
"Mardin",37.3129,40.735,2006,9,23.9,NA
"Mardin",37.3129,40.735,2006,10,NA,87.73
"Mardin",37.3129,40.735,2006,10,17.77,NA
"Mardin",37.3129,40.735,2006,11,NA,42.9
"Mardin",37.3129,40.735,2006,11,7.03,NA
"Mardin",37.3129,40.735,2006,12,NA,21.7
"Mardin",37.3129,40.735,2006,12,2.11,NA
"Mardin",37.3129,40.735,2007,1,NA,27.9
"Mardin",37.3129,40.735,2007,1,0.17,NA
"Mardin",37.3129,40.735,2007,2,NA,47.32
"Mardin",37.3129,40.735,2007,2,3.35,NA
"Mardin",37.3129,40.735,2007,3,NA,44.33
"Mardin",37.3129,40.735,2007,3,7.55,NA
"Mardin",37.3129,40.735,2007,4,NA,80.7
"Mardin",37.3129,40.735,2007,4,9.67,NA
"Mardin",37.3129,40.735,2007,5,NA,22.01
"Mardin",37.3129,40.735,2007,5,21.01,NA
"Mardin",37.3129,40.735,2007,6,NA,9
"Mardin",37.3129,40.735,2007,6,26.34,NA
"Mardin",37.3129,40.735,2007,7,NA,0.62
"Mardin",37.3129,40.735,2007,7,30.54,NA
"Mardin",37.3129,40.735,2007,8,NA,1.55
"Mardin",37.3129,40.735,2007,8,30.14,NA
"Mardin",37.3129,40.735,2007,9,NA,0
"Mardin",37.3129,40.735,2007,9,25.27,NA
"Mardin",37.3129,40.735,2007,10,NA,5.58
"Mardin",37.3129,40.735,2007,10,19.4,NA
"Mardin",37.3129,40.735,2007,11,NA,22.8
"Mardin",37.3129,40.735,2007,11,9.47,NA
"Mardin",37.3129,40.735,2007,12,NA,32.86
"Mardin",37.3129,40.735,2007,12,2.8,NA
"Mardin",37.3129,40.735,2008,1,NA,34.72
"Mardin",37.3129,40.735,2008,1,-0.76,NA
"Mardin",37.3129,40.735,2008,2,NA,31.61
"Mardin",37.3129,40.735,2008,2,1.83,NA
"Mardin",37.3129,40.735,2008,3,NA,18.91
"Mardin",37.3129,40.735,2008,3,11.02,NA
"Mardin",37.3129,40.735,2008,4,NA,15.3
"Mardin",37.3129,40.735,2008,4,16.53,NA
"Mardin",37.3129,40.735,2008,5,NA,26.66
"Mardin",37.3129,40.735,2008,5,18.69,NA
"Mardin",37.3129,40.735,2008,6,NA,2.1
"Mardin",37.3129,40.735,2008,6,26.34,NA
"Mardin",37.3129,40.735,2008,7,NA,0
"Mardin",37.3129,40.735,2008,7,29.84,NA
"Mardin",37.3129,40.735,2008,8,NA,1.86
"Mardin",37.3129,40.735,2008,8,30.81,NA
"Mardin",37.3129,40.735,2008,9,NA,39.3
"Mardin",37.3129,40.735,2008,9,24.2,NA
"Mardin",37.3129,40.735,2008,10,NA,35.34
"Mardin",37.3129,40.735,2008,10,16.59,NA
"Mardin",37.3129,40.735,2008,11,NA,31.2
"Mardin",37.3129,40.735,2008,11,9.81,NA
"Mardin",37.3129,40.735,2008,12,NA,35.96
"Mardin",37.3129,40.735,2008,12,2.53,NA
"Mardin",37.3129,40.735,2009,1,NA,14.26
"Mardin",37.3129,40.735,2009,1,0.96,NA
"Mardin",37.3129,40.735,2009,2,NA,60.2
"Mardin",37.3129,40.735,2009,2,4.57,NA
"Mardin",37.3129,40.735,2009,3,NA,54.25
"Mardin",37.3129,40.735,2009,3,6.35,NA
"Mardin",37.3129,40.735,2009,4,NA,37.2
"Mardin",37.3129,40.735,2009,4,12.34,NA
"Mardin",37.3129,40.735,2009,5,NA,6.2
"Mardin",37.3129,40.735,2009,5,19.01,NA
"Mardin",37.3129,40.735,2009,6,NA,11.4
"Mardin",37.3129,40.735,2009,6,26.08,NA
"Mardin",37.3129,40.735,2009,7,NA,0.62
"Mardin",37.3129,40.735,2009,7,29.33,NA
"Mardin",37.3129,40.735,2009,8,NA,0
"Mardin",37.3129,40.735,2009,8,28.01,NA
"Mardin",37.3129,40.735,2009,9,NA,14.1
"Mardin",37.3129,40.735,2009,9,22.33,NA
"Mardin",37.3129,40.735,2009,10,NA,48.67
"Mardin",37.3129,40.735,2009,10,19.07,NA
"Mardin",37.3129,40.735,2009,11,NA,48.6
"Mardin",37.3129,40.735,2009,11,9.21,NA
"Mardin",37.3129,40.735,2009,12,NA,77.81
"Mardin",37.3129,40.735,2009,12,5.91,NA
"Mardin",37.3129,40.735,2010,1,NA,98.58
"Mardin",37.3129,40.735,2010,1,3.71,NA
"Mardin",37.3129,40.735,2010,2,NA,28.56
"Mardin",37.3129,40.735,2010,2,5.27,NA
"Mardin",37.3129,40.735,2010,3,NA,44.02
"Mardin",37.3129,40.735,2010,3,9.63,NA
"Mardin",37.3129,40.735,2010,4,NA,27
"Mardin",37.3129,40.735,2010,4,13.4,NA
"Mardin",37.3129,40.735,2010,5,NA,21.08
"Mardin",37.3129,40.735,2010,5,19.83,NA
"Mardin",37.3129,40.735,2010,6,NA,11.4
"Mardin",37.3129,40.735,2010,6,26.68,NA
"Mardin",37.3129,40.735,2010,7,NA,0.93
"Mardin",37.3129,40.735,2010,7,31.14,NA
"Mardin",37.3129,40.735,2010,8,NA,0.31
"Mardin",37.3129,40.735,2010,8,31.11,NA
"Mardin",37.3129,40.735,2010,9,NA,0.6
"Mardin",37.3129,40.735,2010,9,26.57,NA
"Mardin",37.3129,40.735,2010,10,NA,31.62
"Mardin",37.3129,40.735,2010,10,17.87,NA
"Mardin",37.3129,40.735,2010,11,NA,0
"Mardin",37.3129,40.735,2010,11,12.42,NA
"Mardin",37.3129,40.735,2010,12,NA,37.82
"Mardin",37.3129,40.735,2010,12,6.65,NA
"Mardin",37.3129,40.735,2011,1,NA,28.83
"Mardin",37.3129,40.735,2011,1,2.63,NA
"Mardin",37.3129,40.735,2011,2,NA,46.2
"Mardin",37.3129,40.735,2011,2,3.28,NA
"Mardin",37.3129,40.735,2011,3,NA,23.56
"Mardin",37.3129,40.735,2011,3,7.45,NA
"Mardin",37.3129,40.735,2011,4,NA,153.9
"Mardin",37.3129,40.735,2011,4,12.07,NA
"Mardin",37.3129,40.735,2011,5,NA,44.33
"Mardin",37.3129,40.735,2011,5,17.23,NA
"Mardin",37.3129,40.735,2011,6,NA,9.9
"Mardin",37.3129,40.735,2011,6,24.56,NA
"Mardin",37.3129,40.735,2011,7,NA,0.62
"Mardin",37.3129,40.735,2011,7,30.9,NA
"Mardin",37.3129,40.735,2011,8,NA,0
"Mardin",37.3129,40.735,2011,8,29.72,NA
"Mardin",37.3129,40.735,2011,9,NA,7.5
"Mardin",37.3129,40.735,2011,9,24.47,NA
"Mardin",37.3129,40.735,2011,10,NA,17.05
"Mardin",37.3129,40.735,2011,10,15.6,NA
"Mardin",37.3129,40.735,2011,11,NA,49.2
"Mardin",37.3129,40.735,2011,11,4.93,NA
"Mardin",37.3129,40.735,2011,12,NA,32.24
"Mardin",37.3129,40.735,2011,12,2.28,NA
"Mardin",37.3129,40.735,2012,1,NA,68.51
"Mardin",37.3129,40.735,2012,1,0.93,NA
"Mardin",37.3129,40.735,2012,2,NA,80.91
"Mardin",37.3129,40.735,2012,2,0.37,NA
"Mardin",37.3129,40.735,2012,3,NA,31.93
"Mardin",37.3129,40.735,2012,3,3.13,NA
"Mardin",37.3129,40.735,2012,4,NA,24
"Mardin",37.3129,40.735,2012,4,14.25,NA
"Mardin",37.3129,40.735,2012,5,NA,26.66
"Mardin",37.3129,40.735,2012,5,19.47,NA
"Mardin",37.3129,40.735,2012,6,NA,4.8
"Mardin",37.3129,40.735,2012,6,27.14,NA
"Mardin",37.3129,40.735,2012,7,NA,2.48
"Mardin",37.3129,40.735,2012,7,30.77,NA
"Mardin",37.3129,40.735,2012,8,NA,0
"Mardin",37.3129,40.735,2012,8,30.01,NA
"Mardin",37.3129,40.735,2012,9,NA,0.9
"Mardin",37.3129,40.735,2012,9,25.72,NA
"Mardin",37.3129,40.735,2012,10,NA,58.28
"Mardin",37.3129,40.735,2012,10,18.14,NA
"Mardin",37.3129,40.735,2012,11,NA,49.8
"Mardin",37.3129,40.735,2012,11,11.41,NA
"Mardin",37.3129,40.735,2012,12,NA,120.59
"Mardin",37.3129,40.735,2012,12,3.24,NA
"Mardin",37.3129,40.735,2013,1,NA,94.24
"Mardin",37.3129,40.735,2013,1,0.15,NA
"Mardin",37.3129,40.735,2013,2,NA,71.96
"Mardin",37.3129,40.735,2013,2,5,NA
"Mardin",37.3129,40.735,2013,3,NA,28.83
"Mardin",37.3129,40.735,2013,3,7.64,NA
"Mardin",37.3129,40.735,2013,4,NA,38.7
"Mardin",37.3129,40.735,2013,4,13.66,NA
"Mardin",37.3129,40.735,2013,5,NA,81.84
"Mardin",37.3129,40.735,2013,5,19.13,NA
"Mardin",37.3129,40.735,2013,6,NA,3.3
"Mardin",37.3129,40.735,2013,6,25.1,NA
"Mardin",37.3129,40.735,2013,7,NA,0
"Mardin",37.3129,40.735,2013,7,29.87,NA
"Mardin",37.3129,40.735,2013,8,NA,0
"Mardin",37.3129,40.735,2013,8,29.4,NA
"Mardin",37.3129,40.735,2013,9,NA,0.3
"Mardin",37.3129,40.735,2013,9,23.13,NA
"Mardin",37.3129,40.735,2013,10,NA,5.58
"Mardin",37.3129,40.735,2013,10,15.97,NA
"Mardin",37.3129,40.735,2013,11,NA,42.9
"Mardin",37.3129,40.735,2013,11,11.26,NA
"Mardin",37.3129,40.735,2013,12,NA,44.02
"Mardin",37.3129,40.735,2013,12,-0.5,NA
"Mardin",37.3129,40.735,2014,1,NA,32.55
"Mardin",37.3129,40.735,2014,1,2.96,NA
"Mardin",37.3129,40.735,2014,2,NA,37.8
"Mardin",37.3129,40.735,2014,2,4.83,NA
"Mardin",37.3129,40.735,2014,3,NA,44.33
"Mardin",37.3129,40.735,2014,3,9.27,NA
"Mardin",37.3129,40.735,2014,4,NA,30.9
"Mardin",37.3129,40.735,2014,4,14.14,NA
"Mardin",37.3129,40.735,2014,5,NA,22.63
"Mardin",37.3129,40.735,2014,5,20.35,NA
"Mardin",37.3129,40.735,2014,6,NA,10.5
"Mardin",37.3129,40.735,2014,6,25.57,NA
"Mardin",37.3129,40.735,2014,7,NA,0.62
"Mardin",37.3129,40.735,2014,7,30.44,NA
"Mardin",37.3129,40.735,2014,8,NA,0.93
"Mardin",37.3129,40.735,2014,8,30.54,NA
"Mardin",37.3129,40.735,2014,9,NA,21
"Mardin",37.3129,40.735,2014,9,23.98,NA
"Mardin",37.3129,40.735,2014,10,NA,39.06
"Mardin",37.3129,40.735,2014,10,16.45,NA
"Mardin",37.3129,40.735,2014,11,NA,69.3
"Mardin",37.3129,40.735,2014,11,8.05,NA
"Mardin",37.3129,40.735,2014,12,NA,70.37
"Mardin",37.3129,40.735,2014,12,5.56,NA
"Mardin",37.3129,40.735,2015,1,NA,43.4
"Mardin",37.3129,40.735,2015,1,1.48,NA
"Mardin",37.3129,40.735,2015,2,NA,67.76
"Mardin",37.3129,40.735,2015,2,3.8,NA
"Mardin",37.3129,40.735,2015,3,NA,83.08
"Mardin",37.3129,40.735,2015,3,7.27,NA
"Mardin",37.3129,40.735,2015,4,NA,38.7
"Mardin",37.3129,40.735,2015,4,11.62,NA
"Mardin",37.3129,40.735,2015,5,NA,17.67
"Mardin",37.3129,40.735,2015,5,18.99,NA
"Mardin",37.3129,40.735,2015,6,NA,3.6
"Mardin",37.3129,40.735,2015,6,25.67,NA
"Mardin",37.3129,40.735,2015,7,NA,0
"Mardin",37.3129,40.735,2015,7,31.27,NA
"Mardin",37.3129,40.735,2015,8,NA,0.31
"Mardin",37.3129,40.735,2015,8,30.62,NA
"Mardin",37.3129,40.735,2015,9,NA,1.2
"Mardin",37.3129,40.735,2015,9,27.27,NA
"Mardin",37.3129,40.735,2015,10,NA,49.29
"Mardin",37.3129,40.735,2015,10,18.41,NA
"Mardin",37.3129,40.735,2015,11,NA,21.9
"Mardin",37.3129,40.735,2015,11,9.44,NA
"Mardin",37.3129,40.735,2015,12,NA,37.2
"Mardin",37.3129,40.735,2015,12,3.41,NA
"Mardin",37.3129,40.735,2016,1,NA,84.32
"Mardin",37.3129,40.735,2016,1,-0.06,NA
"Mardin",37.3129,40.735,2016,2,NA,49.3
"Mardin",37.3129,40.735,2016,2,6.09,NA
"Mardin",37.3129,40.735,2016,3,NA,77.5
"Mardin",37.3129,40.735,2016,3,8.35,NA
"Mardin",37.3129,40.735,2016,4,NA,36.6
"Mardin",37.3129,40.735,2016,4,14.84,NA
"Mardin",37.3129,40.735,2016,5,NA,23.87
"Mardin",37.3129,40.735,2016,5,18.84,NA
"Mardin",37.3129,40.735,2016,6,NA,8.4
"Mardin",37.3129,40.735,2016,6,25.88,NA
"Mardin",37.3129,40.735,2016,7,NA,0.31
"Mardin",37.3129,40.735,2016,7,30.85,NA
"Mardin",37.3129,40.735,2016,8,NA,0.31
"Mardin",37.3129,40.735,2016,8,31.59,NA
"Mardin",37.3129,40.735,2016,9,NA,2.7
"Mardin",37.3129,40.735,2016,9,23.44,NA
"Mardin",37.3129,40.735,2016,10,NA,17.67
"Mardin",37.3129,40.735,2016,10,18.68,NA
"Mardin",37.3129,40.735,2016,11,NA,39.3
"Mardin",37.3129,40.735,2016,11,8.32,NA
"Mardin",37.3129,40.735,2016,12,NA,92.69
"Mardin",37.3129,40.735,2016,12,0.34,NA
"Mardin",37.3129,40.735,2017,1,NA,31.31
"Mardin",37.3129,40.735,2017,1,0.27,NA
"Mardin",37.3129,40.735,2017,2,NA,8.4
"Mardin",37.3129,40.735,2017,2,1.49,NA
"Mardin",37.3129,40.735,2017,3,NA,84.94
"Mardin",37.3129,40.735,2017,3,8.12,NA
"Mardin",37.3129,40.735,2017,4,NA,76.8
"Mardin",37.3129,40.735,2017,4,12.05,NA
"Mardin",37.3129,40.735,2017,5,NA,34.1
"Mardin",37.3129,40.735,2017,5,18.44,NA
"Mardin",37.3129,40.735,2017,6,NA,0.9
"Mardin",37.3129,40.735,2017,6,25.96,NA
"Mardin",37.3129,40.735,2017,7,NA,0
"Mardin",37.3129,40.735,2017,7,31.61,NA
"Mardin",37.3129,40.735,2017,8,NA,0
"Mardin",37.3129,40.735,2017,8,30.65,NA
"Mardin",37.3129,40.735,2017,9,NA,0
"Mardin",37.3129,40.735,2017,9,26.83,NA
"Mardin",37.3129,40.735,2017,10,NA,13.33
"Mardin",37.3129,40.735,2017,10,16.82,NA
"Mardin",37.3129,40.735,2017,11,NA,19.5
"Mardin",37.3129,40.735,2017,11,9.65,NA
"Mardin",37.3129,40.735,2017,12,NA,19.53
"Mardin",37.3129,40.735,2017,12,6.08,NA
"Mardin",37.3129,40.735,2018,1,NA,60.14
"Mardin",37.3129,40.735,2018,1,3.38,NA
"Mardin",37.3129,40.735,2018,2,NA,54.32
"Mardin",37.3129,40.735,2018,2,6.69,NA
"Mardin",37.3129,40.735,2018,3,NA,14.88
"Mardin",37.3129,40.735,2018,3,11.1,NA
"Mardin",37.3129,40.735,2018,4,NA,32.1
"Mardin",37.3129,40.735,2018,4,15.7,NA
"Mardin",37.3129,40.735,2018,5,NA,101.37
"Mardin",37.3129,40.735,2018,5,19.57,NA
"Mardin",37.3129,40.735,2018,6,NA,6.9
"Mardin",37.3129,40.735,2018,6,25.59,NA
"Mardin",37.3129,40.735,2018,7,NA,0.31
"Mardin",37.3129,40.735,2018,7,30.42,NA
"Mardin",37.3129,40.735,2018,8,NA,0.31
"Mardin",37.3129,40.735,2018,8,30.56,NA
"Mardin",37.3129,40.735,2018,9,NA,1.8
"Mardin",37.3129,40.735,2018,9,26.01,NA
"Mardin",37.3129,40.735,2018,10,NA,70.06
"Mardin",37.3129,40.735,2018,10,18.6,NA
"Mardin",37.3129,40.735,2018,11,NA,93.3
"Mardin",37.3129,40.735,2018,11,9.64,NA
"Mardin",37.3129,40.735,2018,12,NA,147.25
"Mardin",37.3129,40.735,2018,12,4.77,NA
"Mardin",37.3129,40.735,2019,1,NA,74.71
"Mardin",37.3129,40.735,2019,1,0.93,NA
"Mardin",37.3129,40.735,2019,2,NA,66.64
"Mardin",37.3129,40.735,2019,2,3.5,NA
"Mardin",37.3129,40.735,2019,3,NA,124.62
"Mardin",37.3129,40.735,2019,3,6.49,NA
"Mardin",37.3129,40.735,2019,4,NA,124.8
"Mardin",37.3129,40.735,2019,4,10.59,NA
"Mardin",37.3129,40.735,2019,5,NA,22.94
"Mardin",37.3129,40.735,2019,5,18.97,NA
"Mardin",37.3129,40.735,2019,6,NA,0.9
"Mardin",37.3129,40.735,2019,6,26.82,NA
"Mardin",37.3129,40.735,2019,7,NA,0
"Mardin",37.3129,40.735,2019,7,29.47,NA
"Mardin",37.3129,40.735,2019,8,NA,0.62
"Mardin",37.3129,40.735,2019,8,30.76,NA
"Mardin",37.3129,40.735,2019,9,NA,0
"Mardin",37.3129,40.735,2019,9,24.78,NA
"Mardin",37.3129,40.735,2019,10,NA,32.55
"Mardin",37.3129,40.735,2019,10,19.65,NA
"Mardin",37.3129,40.735,2019,11,NA,18.3
"Mardin",37.3129,40.735,2019,11,10.02,NA
"Mardin",37.3129,40.735,2019,12,NA,114.7
"Mardin",37.3129,40.735,2019,12,4.94,NA
"Mardin",37.3129,40.735,2020,1,NA,82.15
"Mardin",37.3129,40.735,2020,1,1.35,NA
"Mardin",37.3129,40.735,2020,2,NA,63.8
"Mardin",37.3129,40.735,2020,2,1.62,NA
"Mardin",37.3129,40.735,2020,3,NA,130.51
"Mardin",37.3129,40.735,2020,3,8.95,NA
"Mardin",37.3129,40.735,2020,4,NA,69.3
"Mardin",37.3129,40.735,2020,4,12.18,NA
"Mardin",37.3129,40.735,2020,5,NA,45.88
"Mardin",37.3129,40.735,2020,5,17.91,NA
"Mardin",37.3129,40.735,2020,6,NA,0.6
"Mardin",37.3129,40.735,2020,6,24.88,NA
"Mardin",37.3129,40.735,2020,7,NA,0.62
"Mardin",37.3129,40.735,2020,7,31.45,NA
"Mardin",37.3129,40.735,2020,8,NA,0.31
"Mardin",37.3129,40.735,2020,8,29.66,NA
"Mardin",37.3129,40.735,2020,9,NA,0
"Mardin",37.3129,40.735,2020,9,27.8,NA
"Mardin",37.3129,40.735,2020,10,NA,0
"Mardin",37.3129,40.735,2020,10,20.77,NA
"Mardin",37.3129,40.735,2020,11,NA,35.4
"Mardin",37.3129,40.735,2020,11,10.07,NA
"Mardin",37.3129,40.735,2020,12,NA,32.55
"Mardin",37.3129,40.735,2020,12,4.41,NA
"Mardin",37.3129,40.735,2021,1,NA,61.69
"Mardin",37.3129,40.735,2021,1,2.95,NA
"Mardin",37.3129,40.735,2021,2,NA,17.36
"Mardin",37.3129,40.735,2021,2,5.29,NA
"Mardin",37.3129,40.735,2021,3,NA,45.26
"Mardin",37.3129,40.735,2021,3,7.57,NA
"Mardin",37.3129,40.735,2021,4,NA,5.4
"Mardin",37.3129,40.735,2021,4,15.66,NA
"Mardin",37.3129,40.735,2021,5,NA,2.48
"Mardin",37.3129,40.735,2021,5,23.23,NA
"Mardin",37.3129,40.735,2021,6,NA,0
"Mardin",37.3129,40.735,2021,6,26.51,NA
"Mardin",37.3129,40.735,2021,7,NA,0.31
"Mardin",37.3129,40.735,2021,7,31.68,NA
"Mardin",37.3129,40.735,2021,8,NA,1.55
"Mardin",37.3129,40.735,2021,8,30.72,NA
"Mardin",37.3129,40.735,2021,9,NA,0.6
"Mardin",37.3129,40.735,2021,9,24.2,NA
"Mardin",37.3129,40.735,2021,10,NA,14.26
"Mardin",37.3129,40.735,2021,10,17.92,NA
"Mardin",37.3129,40.735,2021,11,NA,16.2
"Mardin",37.3129,40.735,2021,11,11.4,NA
"Mardin",37.3129,40.735,2021,12,NA,17.67
"Mardin",37.3129,40.735,2021,12,4.04,NA
"Mardin",37.3129,40.735,2022,1,NA,61.38
"Mardin",37.3129,40.735,2022,1,-0.18,NA
"Mardin",37.3129,40.735,2022,2,NA,28.84
"Mardin",37.3129,40.735,2022,2,5.12,NA
"Mardin",37.3129,40.735,2022,3,NA,92.07
"Mardin",37.3129,40.735,2022,3,4.4,NA
"Mardin",37.3129,40.735,2022,4,NA,16.2
"Mardin",37.3129,40.735,2022,4,15.17,NA
"Mardin",37.3129,40.735,2022,5,NA,61.69
"Mardin",37.3129,40.735,2022,5,17.63,NA
"Mardin",37.3129,40.735,2022,6,NA,2.4
"Mardin",37.3129,40.735,2022,6,26.89,NA
"Mardin",37.3129,40.735,2022,7,NA,0
"Mardin",37.3129,40.735,2022,7,30.82,NA
"Mardin",37.3129,40.735,2022,8,NA,0
"Mardin",37.3129,40.735,2022,8,31.04,NA
"Mardin",37.3129,40.735,2022,9,NA,0.3
"Mardin",37.3129,40.735,2022,9,26.33,NA
"Mardin",37.3129,40.735,2022,10,NA,16.43
"Mardin",37.3129,40.735,2022,10,19.38,NA
"Mardin",37.3129,40.735,2022,11,NA,74.1
"Mardin",37.3129,40.735,2022,11,10.41,NA
"Mardin",37.3129,40.735,2022,12,NA,4.65
"Mardin",37.3129,40.735,2022,12,5.93,NA
"Mardin",37.3129,40.735,2023,1,NA,33.79
"Mardin",37.3129,40.735,2023,1,3.21,NA
"Mardin",37.3129,40.735,2023,2,NA,55.72
"Mardin",37.3129,40.735,2023,2,1.76,NA
"Mardin",37.3129,40.735,2023,3,NA,78.12
"Mardin",37.3129,40.735,2023,3,9.68,NA
"Mardin",37.3129,40.735,2023,4,NA,42.6
"Mardin",37.3129,40.735,2023,4,12.88,NA
"Mardin",37.3129,40.735,2023,5,NA,12.4
"Mardin",37.3129,40.735,2023,5,18.94,NA
"Mardin",37.3129,40.735,2023,6,NA,0.3
"Mardin",37.3129,40.735,2023,6,26.35,NA
"Mardin",37.3129,40.735,2023,7,NA,0.31
"Mardin",37.3129,40.735,2023,7,31.25,NA
"Mardin",37.3129,40.735,2023,8,NA,0.31
"Mardin",37.3129,40.735,2023,8,32.01,NA
"Mardin",37.3129,40.735,2023,9,NA,36.3
"Mardin",37.3129,40.735,2023,9,25.94,NA
"Mardin",37.3129,40.735,2023,10,NA,14.88
"Mardin",37.3129,40.735,2023,10,18.63,NA
"Mardin",37.3129,40.735,2023,11,NA,109.2
"Mardin",37.3129,40.735,2023,11,11.32,NA
"Mardin",37.3129,40.735,2023,12,NA,70.99
"Mardin",37.3129,40.735,2023,12,6.45,NA
"Mardin",37.3129,40.735,2024,1,NA,101.37
"Mardin",37.3129,40.735,2024,1,3.9,NA
"Mardin",37.3129,40.735,2024,2,NA,47.85
"Mardin",37.3129,40.735,2024,2,5.33,NA
"Mardin",37.3129,40.735,2024,3,NA,134.23
"Mardin",37.3129,40.735,2024,3,7.58,NA
"Mardin",37.3129,40.735,2024,4,NA,35.1
"Mardin",37.3129,40.735,2024,4,17.12,NA
"Mardin",37.3129,40.735,2024,5,NA,40.92
"Mardin",37.3129,40.735,2024,5,18.71,NA
"Mardin",37.3129,40.735,2024,6,NA,1.8
"Mardin",37.3129,40.735,2024,6,29.14,NA
"Mardin",37.3129,40.735,2024,7,NA,2.17
"Mardin",37.3129,40.735,2024,7,32.14,NA
"Mardin",37.3129,40.735,2024,8,NA,0
"Mardin",37.3129,40.735,2024,8,31.73,NA
"Mardin",37.3129,40.735,2024,9,NA,11.7
"Mardin",37.3129,40.735,2024,9,25.87,NA
"Mardin",37.3129,40.735,2024,10,NA,4.34
"Mardin",37.3129,40.735,2024,10,17.81,NA
"Mardin",37.3129,40.735,2024,11,NA,45
"Mardin",37.3129,40.735,2024,11,9.12,NA
"Mardin",37.3129,40.735,2024,12,NA,34.72
"Mardin",37.3129,40.735,2024,12,4.03,NA
"Mardin",37.3129,40.735,2025,1,NA,9.61
"Mardin",37.3129,40.735,2025,1,3.18,NA
"Mardin",37.3129,40.735,2025,2,NA,40.6
"Mardin",37.3129,40.735,2025,2,1.89,NA
"Mardin",37.3129,40.735,2025,3,NA,36.58
"Mardin",37.3129,40.735,2025,3,10.63,NA
"Mardin",37.3129,40.735,2025,4,NA,45.9
"Mardin",37.3129,40.735,2025,4,14.05,NA
"Mardin",37.3129,40.735,2025,5,NA,31
"Mardin",37.3129,40.735,2025,5,21.15,NA
"Mardin",37.3129,40.735,2025,6,NA,3.6
"Mardin",37.3129,40.735,2025,6,27.5,NA
"Mardin",37.3129,40.735,2025,7,NA,0.31
"Mardin",37.3129,40.735,2025,7,32.23,NA
"Mardin",37.3129,40.735,2025,8,NA,0
"Mardin",37.3129,40.735,2025,8,31.23,NA
"Mardin",37.3129,40.735,2025,9,NA,0
"Mardin",37.3129,40.735,2025,9,25.15,NA
"Mardin",37.3129,40.735,2025,10,NA,13.95
"Mardin",37.3129,40.735,2025,10,18.18,NA
"Mardin",37.3129,40.735,2025,11,NA,31.2
"Mardin",37.3129,40.735,2025,11,12.35,NA
"Mardin",37.3129,40.735,2025,12,NA,113.46
"Mardin",37.3129,40.735,2025,12,4.44,NA
"Sanliurfa",37.1674,38.7955,1981,1,NA,97.96
"Sanliurfa",37.1674,38.7955,1981,1,4.2,NA
"Sanliurfa",37.1674,38.7955,1981,2,NA,49.28
"Sanliurfa",37.1674,38.7955,1981,2,5.84,NA
"Sanliurfa",37.1674,38.7955,1981,3,NA,50.22
"Sanliurfa",37.1674,38.7955,1981,3,10.25,NA
"Sanliurfa",37.1674,38.7955,1981,4,NA,24.3
"Sanliurfa",37.1674,38.7955,1981,4,13.59,NA
"Sanliurfa",37.1674,38.7955,1981,5,NA,24.49
"Sanliurfa",37.1674,38.7955,1981,5,18.13,NA
"Sanliurfa",37.1674,38.7955,1981,6,NA,9.6
"Sanliurfa",37.1674,38.7955,1981,6,26.7,NA
"Sanliurfa",37.1674,38.7955,1981,7,NA,0.93
"Sanliurfa",37.1674,38.7955,1981,7,31.86,NA
"Sanliurfa",37.1674,38.7955,1981,8,NA,0
"Sanliurfa",37.1674,38.7955,1981,8,30.65,NA
"Sanliurfa",37.1674,38.7955,1981,9,NA,0.6
"Sanliurfa",37.1674,38.7955,1981,9,26.87,NA
"Sanliurfa",37.1674,38.7955,1981,10,NA,12.71
"Sanliurfa",37.1674,38.7955,1981,10,20.82,NA
"Sanliurfa",37.1674,38.7955,1981,11,NA,63.3
"Sanliurfa",37.1674,38.7955,1981,11,8.69,NA
"Sanliurfa",37.1674,38.7955,1981,12,NA,33.17
"Sanliurfa",37.1674,38.7955,1981,12,7.18,NA
"Sanliurfa",37.1674,38.7955,1982,1,NA,44.64
"Sanliurfa",37.1674,38.7955,1982,1,3.86,NA
"Sanliurfa",37.1674,38.7955,1982,2,NA,45.92
"Sanliurfa",37.1674,38.7955,1982,2,3.17,NA
"Sanliurfa",37.1674,38.7955,1982,3,NA,36.89
"Sanliurfa",37.1674,38.7955,1982,3,7.62,NA
"Sanliurfa",37.1674,38.7955,1982,4,NA,28.8
"Sanliurfa",37.1674,38.7955,1982,4,15.51,NA
"Sanliurfa",37.1674,38.7955,1982,5,NA,65.72
"Sanliurfa",37.1674,38.7955,1982,5,20.01,NA
"Sanliurfa",37.1674,38.7955,1982,6,NA,5.7
"Sanliurfa",37.1674,38.7955,1982,6,25.55,NA
"Sanliurfa",37.1674,38.7955,1982,7,NA,0.62
"Sanliurfa",37.1674,38.7955,1982,7,29.05,NA
"Sanliurfa",37.1674,38.7955,1982,8,NA,0
"Sanliurfa",37.1674,38.7955,1982,8,29.38,NA
"Sanliurfa",37.1674,38.7955,1982,9,NA,1.2
"Sanliurfa",37.1674,38.7955,1982,9,26.48,NA
"Sanliurfa",37.1674,38.7955,1982,10,NA,13.02
"Sanliurfa",37.1674,38.7955,1982,10,18.66,NA
"Sanliurfa",37.1674,38.7955,1982,11,NA,26.7
"Sanliurfa",37.1674,38.7955,1982,11,8.8,NA
"Sanliurfa",37.1674,38.7955,1982,12,NA,31.31
"Sanliurfa",37.1674,38.7955,1982,12,4.37,NA
"Sanliurfa",37.1674,38.7955,1983,1,NA,87.42
"Sanliurfa",37.1674,38.7955,1983,1,1.02,NA
"Sanliurfa",37.1674,38.7955,1983,2,NA,60.2
"Sanliurfa",37.1674,38.7955,1983,2,3.7,NA
"Sanliurfa",37.1674,38.7955,1983,3,NA,46.19
"Sanliurfa",37.1674,38.7955,1983,3,8.57,NA
"Sanliurfa",37.1674,38.7955,1983,4,NA,28.8
"Sanliurfa",37.1674,38.7955,1983,4,14,NA
"Sanliurfa",37.1674,38.7955,1983,5,NA,33.48
"Sanliurfa",37.1674,38.7955,1983,5,20.91,NA
"Sanliurfa",37.1674,38.7955,1983,6,NA,3.9
"Sanliurfa",37.1674,38.7955,1983,6,25.67,NA
"Sanliurfa",37.1674,38.7955,1983,7,NA,0.31
"Sanliurfa",37.1674,38.7955,1983,7,29.81,NA
"Sanliurfa",37.1674,38.7955,1983,8,NA,0
"Sanliurfa",37.1674,38.7955,1983,8,28.72,NA
"Sanliurfa",37.1674,38.7955,1983,9,NA,0.6
"Sanliurfa",37.1674,38.7955,1983,9,25.89,NA
"Sanliurfa",37.1674,38.7955,1983,10,NA,10.85
"Sanliurfa",37.1674,38.7955,1983,10,18.49,NA
"Sanliurfa",37.1674,38.7955,1983,11,NA,45.9
"Sanliurfa",37.1674,38.7955,1983,11,12.98,NA
"Sanliurfa",37.1674,38.7955,1983,12,NA,21.39
"Sanliurfa",37.1674,38.7955,1983,12,6.57,NA
"Sanliurfa",37.1674,38.7955,1984,1,NA,44.64
"Sanliurfa",37.1674,38.7955,1984,1,5.57,NA
"Sanliurfa",37.1674,38.7955,1984,2,NA,19.43
"Sanliurfa",37.1674,38.7955,1984,2,7.04,NA
"Sanliurfa",37.1674,38.7955,1984,3,NA,55.49
"Sanliurfa",37.1674,38.7955,1984,3,10.56,NA
"Sanliurfa",37.1674,38.7955,1984,4,NA,28.2
"Sanliurfa",37.1674,38.7955,1984,4,14.16,NA
"Sanliurfa",37.1674,38.7955,1984,5,NA,4.65
"Sanliurfa",37.1674,38.7955,1984,5,21.56,NA
"Sanliurfa",37.1674,38.7955,1984,6,NA,4.8
"Sanliurfa",37.1674,38.7955,1984,6,27.38,NA
"Sanliurfa",37.1674,38.7955,1984,7,NA,0
"Sanliurfa",37.1674,38.7955,1984,7,31.12,NA
"Sanliurfa",37.1674,38.7955,1984,8,NA,0
"Sanliurfa",37.1674,38.7955,1984,8,28.1,NA
"Sanliurfa",37.1674,38.7955,1984,9,NA,0
"Sanliurfa",37.1674,38.7955,1984,9,26.84,NA
"Sanliurfa",37.1674,38.7955,1984,10,NA,4.65
"Sanliurfa",37.1674,38.7955,1984,10,19.77,NA
"Sanliurfa",37.1674,38.7955,1984,11,NA,83.1
"Sanliurfa",37.1674,38.7955,1984,11,10.68,NA
"Sanliurfa",37.1674,38.7955,1984,12,NA,33.17
"Sanliurfa",37.1674,38.7955,1984,12,3.66,NA
"Sanliurfa",37.1674,38.7955,1985,1,NA,48.67
"Sanliurfa",37.1674,38.7955,1985,1,5.15,NA
"Sanliurfa",37.1674,38.7955,1985,2,NA,40.88
"Sanliurfa",37.1674,38.7955,1985,2,2.93,NA
"Sanliurfa",37.1674,38.7955,1985,3,NA,50.84
"Sanliurfa",37.1674,38.7955,1985,3,7.84,NA
"Sanliurfa",37.1674,38.7955,1985,4,NA,36.9
"Sanliurfa",37.1674,38.7955,1985,4,15.26,NA
"Sanliurfa",37.1674,38.7955,1985,5,NA,16.12
"Sanliurfa",37.1674,38.7955,1985,5,22.51,NA
"Sanliurfa",37.1674,38.7955,1985,6,NA,0.3
"Sanliurfa",37.1674,38.7955,1985,6,27.35,NA
"Sanliurfa",37.1674,38.7955,1985,7,NA,0
"Sanliurfa",37.1674,38.7955,1985,7,29.34,NA
"Sanliurfa",37.1674,38.7955,1985,8,NA,0
"Sanliurfa",37.1674,38.7955,1985,8,31.76,NA
"Sanliurfa",37.1674,38.7955,1985,9,NA,0
"Sanliurfa",37.1674,38.7955,1985,9,25.91,NA
"Sanliurfa",37.1674,38.7955,1985,10,NA,22.32
"Sanliurfa",37.1674,38.7955,1985,10,17.47,NA
"Sanliurfa",37.1674,38.7955,1985,11,NA,38.7
"Sanliurfa",37.1674,38.7955,1985,11,13.62,NA
"Sanliurfa",37.1674,38.7955,1985,12,NA,36.89
"Sanliurfa",37.1674,38.7955,1985,12,5.48,NA
"Sanliurfa",37.1674,38.7955,1986,1,NA,42.16
"Sanliurfa",37.1674,38.7955,1986,1,4.6,NA
"Sanliurfa",37.1674,38.7955,1986,2,NA,65.24
"Sanliurfa",37.1674,38.7955,1986,2,6.46,NA
"Sanliurfa",37.1674,38.7955,1986,3,NA,27.9
"Sanliurfa",37.1674,38.7955,1986,3,10.57,NA
"Sanliurfa",37.1674,38.7955,1986,4,NA,14.1
"Sanliurfa",37.1674,38.7955,1986,4,17.07,NA
"Sanliurfa",37.1674,38.7955,1986,5,NA,27.28
"Sanliurfa",37.1674,38.7955,1986,5,18.46,NA
"Sanliurfa",37.1674,38.7955,1986,6,NA,6
"Sanliurfa",37.1674,38.7955,1986,6,26.43,NA
"Sanliurfa",37.1674,38.7955,1986,7,NA,0
"Sanliurfa",37.1674,38.7955,1986,7,31.81,NA
"Sanliurfa",37.1674,38.7955,1986,8,NA,0.93
"Sanliurfa",37.1674,38.7955,1986,8,32.01,NA
"Sanliurfa",37.1674,38.7955,1986,9,NA,1.5
"Sanliurfa",37.1674,38.7955,1986,9,28.3,NA
"Sanliurfa",37.1674,38.7955,1986,10,NA,22.32
"Sanliurfa",37.1674,38.7955,1986,10,19.9,NA
"Sanliurfa",37.1674,38.7955,1986,11,NA,32.4
"Sanliurfa",37.1674,38.7955,1986,11,9.38,NA
"Sanliurfa",37.1674,38.7955,1986,12,NA,33.17
"Sanliurfa",37.1674,38.7955,1986,12,4.41,NA
"Sanliurfa",37.1674,38.7955,1987,1,NA,65.72
"Sanliurfa",37.1674,38.7955,1987,1,4.92,NA
"Sanliurfa",37.1674,38.7955,1987,2,NA,55.44
"Sanliurfa",37.1674,38.7955,1987,2,7.68,NA
"Sanliurfa",37.1674,38.7955,1987,3,NA,51.46
"Sanliurfa",37.1674,38.7955,1987,3,6.39,NA
"Sanliurfa",37.1674,38.7955,1987,4,NA,8.4
"Sanliurfa",37.1674,38.7955,1987,4,13.58,NA
"Sanliurfa",37.1674,38.7955,1987,5,NA,1.55
"Sanliurfa",37.1674,38.7955,1987,5,21.12,NA
"Sanliurfa",37.1674,38.7955,1987,6,NA,1.2
"Sanliurfa",37.1674,38.7955,1987,6,26.84,NA
"Sanliurfa",37.1674,38.7955,1987,7,NA,0
"Sanliurfa",37.1674,38.7955,1987,7,31.88,NA
"Sanliurfa",37.1674,38.7955,1987,8,NA,0
"Sanliurfa",37.1674,38.7955,1987,8,30.13,NA
"Sanliurfa",37.1674,38.7955,1987,9,NA,0.3
"Sanliurfa",37.1674,38.7955,1987,9,26.25,NA
"Sanliurfa",37.1674,38.7955,1987,10,NA,43.71
"Sanliurfa",37.1674,38.7955,1987,10,17.43,NA
"Sanliurfa",37.1674,38.7955,1987,11,NA,43.8
"Sanliurfa",37.1674,38.7955,1987,11,10.04,NA
"Sanliurfa",37.1674,38.7955,1987,12,NA,44.02
"Sanliurfa",37.1674,38.7955,1987,12,5.35,NA
"Sanliurfa",37.1674,38.7955,1988,1,NA,51.46
"Sanliurfa",37.1674,38.7955,1988,1,2.91,NA
"Sanliurfa",37.1674,38.7955,1988,2,NA,44.95
"Sanliurfa",37.1674,38.7955,1988,2,5.36,NA
"Sanliurfa",37.1674,38.7955,1988,3,NA,57.66
"Sanliurfa",37.1674,38.7955,1988,3,8.06,NA
"Sanliurfa",37.1674,38.7955,1988,4,NA,40.5
"Sanliurfa",37.1674,38.7955,1988,4,14.51,NA
"Sanliurfa",37.1674,38.7955,1988,5,NA,5.27
"Sanliurfa",37.1674,38.7955,1988,5,20.99,NA
"Sanliurfa",37.1674,38.7955,1988,6,NA,6.9
"Sanliurfa",37.1674,38.7955,1988,6,26.32,NA
"Sanliurfa",37.1674,38.7955,1988,7,NA,0.31
"Sanliurfa",37.1674,38.7955,1988,7,31.64,NA
"Sanliurfa",37.1674,38.7955,1988,8,NA,0
"Sanliurfa",37.1674,38.7955,1988,8,31.18,NA
"Sanliurfa",37.1674,38.7955,1988,9,NA,1.2
"Sanliurfa",37.1674,38.7955,1988,9,25.95,NA
"Sanliurfa",37.1674,38.7955,1988,10,NA,44.33
"Sanliurfa",37.1674,38.7955,1988,10,18.14,NA
"Sanliurfa",37.1674,38.7955,1988,11,NA,36
"Sanliurfa",37.1674,38.7955,1988,11,7.3,NA
"Sanliurfa",37.1674,38.7955,1988,12,NA,34.41
"Sanliurfa",37.1674,38.7955,1988,12,4.82,NA
"Sanliurfa",37.1674,38.7955,1989,1,NA,4.03
"Sanliurfa",37.1674,38.7955,1989,1,1.45,NA
"Sanliurfa",37.1674,38.7955,1989,2,NA,7.56
"Sanliurfa",37.1674,38.7955,1989,2,4.73,NA
"Sanliurfa",37.1674,38.7955,1989,3,NA,34.41
"Sanliurfa",37.1674,38.7955,1989,3,11.17,NA
"Sanliurfa",37.1674,38.7955,1989,4,NA,1.2
"Sanliurfa",37.1674,38.7955,1989,4,20.75,NA
"Sanliurfa",37.1674,38.7955,1989,5,NA,0.62
"Sanliurfa",37.1674,38.7955,1989,5,23.49,NA
"Sanliurfa",37.1674,38.7955,1989,6,NA,0.6
"Sanliurfa",37.1674,38.7955,1989,6,27.22,NA
"Sanliurfa",37.1674,38.7955,1989,7,NA,0
"Sanliurfa",37.1674,38.7955,1989,7,31.56,NA
"Sanliurfa",37.1674,38.7955,1989,8,NA,0.31
"Sanliurfa",37.1674,38.7955,1989,8,30.27,NA
"Sanliurfa",37.1674,38.7955,1989,9,NA,0.3
"Sanliurfa",37.1674,38.7955,1989,9,25.09,NA
"Sanliurfa",37.1674,38.7955,1989,10,NA,43.09
"Sanliurfa",37.1674,38.7955,1989,10,17.71,NA
"Sanliurfa",37.1674,38.7955,1989,11,NA,53.7
"Sanliurfa",37.1674,38.7955,1989,11,10.63,NA
"Sanliurfa",37.1674,38.7955,1989,12,NA,28.83
"Sanliurfa",37.1674,38.7955,1989,12,5.16,NA
"Sanliurfa",37.1674,38.7955,1990,1,NA,39.06
"Sanliurfa",37.1674,38.7955,1990,1,1.84,NA
"Sanliurfa",37.1674,38.7955,1990,2,NA,50.68
"Sanliurfa",37.1674,38.7955,1990,2,5.15,NA
"Sanliurfa",37.1674,38.7955,1990,3,NA,7.75
"Sanliurfa",37.1674,38.7955,1990,3,10.18,NA
"Sanliurfa",37.1674,38.7955,1990,4,NA,24
"Sanliurfa",37.1674,38.7955,1990,4,15.09,NA
"Sanliurfa",37.1674,38.7955,1990,5,NA,1.86
"Sanliurfa",37.1674,38.7955,1990,5,21.72,NA
"Sanliurfa",37.1674,38.7955,1990,6,NA,3.6
"Sanliurfa",37.1674,38.7955,1990,6,27.32,NA
"Sanliurfa",37.1674,38.7955,1990,7,NA,0
"Sanliurfa",37.1674,38.7955,1990,7,31.93,NA
"Sanliurfa",37.1674,38.7955,1990,8,NA,0
"Sanliurfa",37.1674,38.7955,1990,8,29.55,NA
"Sanliurfa",37.1674,38.7955,1990,9,NA,0
"Sanliurfa",37.1674,38.7955,1990,9,25.38,NA
"Sanliurfa",37.1674,38.7955,1990,10,NA,5.27
"Sanliurfa",37.1674,38.7955,1990,10,19.85,NA
"Sanliurfa",37.1674,38.7955,1990,11,NA,25.5
"Sanliurfa",37.1674,38.7955,1990,11,13.14,NA
"Sanliurfa",37.1674,38.7955,1990,12,NA,10.54
"Sanliurfa",37.1674,38.7955,1990,12,6.85,NA
"Sanliurfa",37.1674,38.7955,1991,1,NA,42.78
"Sanliurfa",37.1674,38.7955,1991,1,3.95,NA
"Sanliurfa",37.1674,38.7955,1991,2,NA,27.16
"Sanliurfa",37.1674,38.7955,1991,2,4.35,NA
"Sanliurfa",37.1674,38.7955,1991,3,NA,63.86
"Sanliurfa",37.1674,38.7955,1991,3,10.63,NA
"Sanliurfa",37.1674,38.7955,1991,4,NA,19.8
"Sanliurfa",37.1674,38.7955,1991,4,15.6,NA
"Sanliurfa",37.1674,38.7955,1991,5,NA,22.32
"Sanliurfa",37.1674,38.7955,1991,5,19.79,NA
"Sanliurfa",37.1674,38.7955,1991,6,NA,1.2
"Sanliurfa",37.1674,38.7955,1991,6,28.04,NA
"Sanliurfa",37.1674,38.7955,1991,7,NA,0.31
"Sanliurfa",37.1674,38.7955,1991,7,30.68,NA
"Sanliurfa",37.1674,38.7955,1991,8,NA,0
"Sanliurfa",37.1674,38.7955,1991,8,30.66,NA
"Sanliurfa",37.1674,38.7955,1991,9,NA,2.4
"Sanliurfa",37.1674,38.7955,1991,9,25.5,NA
"Sanliurfa",37.1674,38.7955,1991,10,NA,14.57
"Sanliurfa",37.1674,38.7955,1991,10,19.83,NA
"Sanliurfa",37.1674,38.7955,1991,11,NA,33
"Sanliurfa",37.1674,38.7955,1991,11,11.79,NA
"Sanliurfa",37.1674,38.7955,1991,12,NA,58.59
"Sanliurfa",37.1674,38.7955,1991,12,4.02,NA
"Sanliurfa",37.1674,38.7955,1992,1,NA,34.72
"Sanliurfa",37.1674,38.7955,1992,1,0.32,NA
"Sanliurfa",37.1674,38.7955,1992,2,NA,74.24
"Sanliurfa",37.1674,38.7955,1992,2,0.85,NA
"Sanliurfa",37.1674,38.7955,1992,3,NA,9.61
"Sanliurfa",37.1674,38.7955,1992,3,6.16,NA
"Sanliurfa",37.1674,38.7955,1992,4,NA,3
"Sanliurfa",37.1674,38.7955,1992,4,13.99,NA
"Sanliurfa",37.1674,38.7955,1992,5,NA,24.49
"Sanliurfa",37.1674,38.7955,1992,5,19.41,NA
"Sanliurfa",37.1674,38.7955,1992,6,NA,8.4
"Sanliurfa",37.1674,38.7955,1992,6,25.41,NA
"Sanliurfa",37.1674,38.7955,1992,7,NA,0
"Sanliurfa",37.1674,38.7955,1992,7,28.59,NA
"Sanliurfa",37.1674,38.7955,1992,8,NA,0
"Sanliurfa",37.1674,38.7955,1992,8,30.26,NA
"Sanliurfa",37.1674,38.7955,1992,9,NA,1.5
"Sanliurfa",37.1674,38.7955,1992,9,25.12,NA
"Sanliurfa",37.1674,38.7955,1992,10,NA,1.24
"Sanliurfa",37.1674,38.7955,1992,10,20.77,NA
"Sanliurfa",37.1674,38.7955,1992,11,NA,49.5
"Sanliurfa",37.1674,38.7955,1992,11,10.1,NA
"Sanliurfa",37.1674,38.7955,1992,12,NA,30.07
"Sanliurfa",37.1674,38.7955,1992,12,2.79,NA
"Sanliurfa",37.1674,38.7955,1993,1,NA,83.7
"Sanliurfa",37.1674,38.7955,1993,1,1.99,NA
"Sanliurfa",37.1674,38.7955,1993,2,NA,59.36
"Sanliurfa",37.1674,38.7955,1993,2,2.78,NA
"Sanliurfa",37.1674,38.7955,1993,3,NA,35.96
"Sanliurfa",37.1674,38.7955,1993,3,8.17,NA
"Sanliurfa",37.1674,38.7955,1993,4,NA,20.4
"Sanliurfa",37.1674,38.7955,1993,4,14.39,NA
"Sanliurfa",37.1674,38.7955,1993,5,NA,91.45
"Sanliurfa",37.1674,38.7955,1993,5,18.48,NA
"Sanliurfa",37.1674,38.7955,1993,6,NA,2.7
"Sanliurfa",37.1674,38.7955,1993,6,25.26,NA
"Sanliurfa",37.1674,38.7955,1993,7,NA,0
"Sanliurfa",37.1674,38.7955,1993,7,30.78,NA
"Sanliurfa",37.1674,38.7955,1993,8,NA,0.31
"Sanliurfa",37.1674,38.7955,1993,8,31.05,NA
"Sanliurfa",37.1674,38.7955,1993,9,NA,0
"Sanliurfa",37.1674,38.7955,1993,9,26.42,NA
"Sanliurfa",37.1674,38.7955,1993,10,NA,3.72
"Sanliurfa",37.1674,38.7955,1993,10,21.62,NA
"Sanliurfa",37.1674,38.7955,1993,11,NA,33
"Sanliurfa",37.1674,38.7955,1993,11,8.76,NA
"Sanliurfa",37.1674,38.7955,1993,12,NA,19.22
"Sanliurfa",37.1674,38.7955,1993,12,7.47,NA
"Sanliurfa",37.1674,38.7955,1994,1,NA,76.57
"Sanliurfa",37.1674,38.7955,1994,1,7.01,NA
"Sanliurfa",37.1674,38.7955,1994,2,NA,49.56
"Sanliurfa",37.1674,38.7955,1994,2,6.27,NA
"Sanliurfa",37.1674,38.7955,1994,3,NA,21.08
"Sanliurfa",37.1674,38.7955,1994,3,10.66,NA
"Sanliurfa",37.1674,38.7955,1994,4,NA,9
"Sanliurfa",37.1674,38.7955,1994,4,18.52,NA
"Sanliurfa",37.1674,38.7955,1994,5,NA,11.47
"Sanliurfa",37.1674,38.7955,1994,5,23.17,NA
"Sanliurfa",37.1674,38.7955,1994,6,NA,0.9
"Sanliurfa",37.1674,38.7955,1994,6,27.75,NA
"Sanliurfa",37.1674,38.7955,1994,7,NA,0.62
"Sanliurfa",37.1674,38.7955,1994,7,31.2,NA
"Sanliurfa",37.1674,38.7955,1994,8,NA,0
"Sanliurfa",37.1674,38.7955,1994,8,30.31,NA
"Sanliurfa",37.1674,38.7955,1994,9,NA,1.2
"Sanliurfa",37.1674,38.7955,1994,9,29.34,NA
"Sanliurfa",37.1674,38.7955,1994,10,NA,31.31
"Sanliurfa",37.1674,38.7955,1994,10,21.71,NA
"Sanliurfa",37.1674,38.7955,1994,11,NA,75
"Sanliurfa",37.1674,38.7955,1994,11,10.42,NA
"Sanliurfa",37.1674,38.7955,1994,12,NA,54.25
"Sanliurfa",37.1674,38.7955,1994,12,2.78,NA
"Sanliurfa",37.1674,38.7955,1995,1,NA,45.88
"Sanliurfa",37.1674,38.7955,1995,1,5.77,NA
"Sanliurfa",37.1674,38.7955,1995,2,NA,28.84
"Sanliurfa",37.1674,38.7955,1995,2,7.67,NA
"Sanliurfa",37.1674,38.7955,1995,3,NA,17.67
"Sanliurfa",37.1674,38.7955,1995,3,10.5,NA
"Sanliurfa",37.1674,38.7955,1995,4,NA,39
"Sanliurfa",37.1674,38.7955,1995,4,14.83,NA
"Sanliurfa",37.1674,38.7955,1995,5,NA,8.06
"Sanliurfa",37.1674,38.7955,1995,5,22.59,NA
"Sanliurfa",37.1674,38.7955,1995,6,NA,16.8
"Sanliurfa",37.1674,38.7955,1995,6,27.7,NA
"Sanliurfa",37.1674,38.7955,1995,7,NA,0
"Sanliurfa",37.1674,38.7955,1995,7,30.22,NA
"Sanliurfa",37.1674,38.7955,1995,8,NA,0
"Sanliurfa",37.1674,38.7955,1995,8,31.15,NA
"Sanliurfa",37.1674,38.7955,1995,9,NA,0.3
"Sanliurfa",37.1674,38.7955,1995,9,26.2,NA
"Sanliurfa",37.1674,38.7955,1995,10,NA,23.56
"Sanliurfa",37.1674,38.7955,1995,10,18.72,NA
"Sanliurfa",37.1674,38.7955,1995,11,NA,54.3
"Sanliurfa",37.1674,38.7955,1995,11,9.37,NA
"Sanliurfa",37.1674,38.7955,1995,12,NA,6.51
"Sanliurfa",37.1674,38.7955,1995,12,5.46,NA
"Sanliurfa",37.1674,38.7955,1996,1,NA,106.33
"Sanliurfa",37.1674,38.7955,1996,1,4.39,NA
"Sanliurfa",37.1674,38.7955,1996,2,NA,46.98
"Sanliurfa",37.1674,38.7955,1996,2,6.53,NA
"Sanliurfa",37.1674,38.7955,1996,3,NA,129.89
"Sanliurfa",37.1674,38.7955,1996,3,8.69,NA
"Sanliurfa",37.1674,38.7955,1996,4,NA,43.5
"Sanliurfa",37.1674,38.7955,1996,4,12.8,NA
"Sanliurfa",37.1674,38.7955,1996,5,NA,4.96
"Sanliurfa",37.1674,38.7955,1996,5,22.17,NA
"Sanliurfa",37.1674,38.7955,1996,6,NA,0.9
"Sanliurfa",37.1674,38.7955,1996,6,26.42,NA
"Sanliurfa",37.1674,38.7955,1996,7,NA,0.93
"Sanliurfa",37.1674,38.7955,1996,7,33.35,NA
"Sanliurfa",37.1674,38.7955,1996,8,NA,0.93
"Sanliurfa",37.1674,38.7955,1996,8,31.15,NA
"Sanliurfa",37.1674,38.7955,1996,9,NA,3.6
"Sanliurfa",37.1674,38.7955,1996,9,25.48,NA
"Sanliurfa",37.1674,38.7955,1996,10,NA,29.14
"Sanliurfa",37.1674,38.7955,1996,10,18.35,NA
"Sanliurfa",37.1674,38.7955,1996,11,NA,40.2
"Sanliurfa",37.1674,38.7955,1996,11,12.41,NA
"Sanliurfa",37.1674,38.7955,1996,12,NA,92.38
"Sanliurfa",37.1674,38.7955,1996,12,8.62,NA
"Sanliurfa",37.1674,38.7955,1997,1,NA,29.45
"Sanliurfa",37.1674,38.7955,1997,1,5.02,NA
"Sanliurfa",37.1674,38.7955,1997,2,NA,30.8
"Sanliurfa",37.1674,38.7955,1997,2,3.55,NA
"Sanliurfa",37.1674,38.7955,1997,3,NA,43.09
"Sanliurfa",37.1674,38.7955,1997,3,6.35,NA
"Sanliurfa",37.1674,38.7955,1997,4,NA,59.7
"Sanliurfa",37.1674,38.7955,1997,4,12.04,NA
"Sanliurfa",37.1674,38.7955,1997,5,NA,14.57
"Sanliurfa",37.1674,38.7955,1997,5,21.93,NA
"Sanliurfa",37.1674,38.7955,1997,6,NA,3.9
"Sanliurfa",37.1674,38.7955,1997,6,26.53,NA
"Sanliurfa",37.1674,38.7955,1997,7,NA,0
"Sanliurfa",37.1674,38.7955,1997,7,30.19,NA
"Sanliurfa",37.1674,38.7955,1997,8,NA,0
"Sanliurfa",37.1674,38.7955,1997,8,28.5,NA
"Sanliurfa",37.1674,38.7955,1997,9,NA,10.5
"Sanliurfa",37.1674,38.7955,1997,9,23.89,NA
"Sanliurfa",37.1674,38.7955,1997,10,NA,48.36
"Sanliurfa",37.1674,38.7955,1997,10,18.97,NA
"Sanliurfa",37.1674,38.7955,1997,11,NA,43.8
"Sanliurfa",37.1674,38.7955,1997,11,11.67,NA
"Sanliurfa",37.1674,38.7955,1997,12,NA,54.87
"Sanliurfa",37.1674,38.7955,1997,12,5.69,NA
"Sanliurfa",37.1674,38.7955,1998,1,NA,52.08
"Sanliurfa",37.1674,38.7955,1998,1,2.64,NA
"Sanliurfa",37.1674,38.7955,1998,2,NA,25.2
"Sanliurfa",37.1674,38.7955,1998,2,4.06,NA
"Sanliurfa",37.1674,38.7955,1998,3,NA,71.61
"Sanliurfa",37.1674,38.7955,1998,3,8.41,NA
"Sanliurfa",37.1674,38.7955,1998,4,NA,46.5
"Sanliurfa",37.1674,38.7955,1998,4,15.71,NA
"Sanliurfa",37.1674,38.7955,1998,5,NA,36.58
"Sanliurfa",37.1674,38.7955,1998,5,20.65,NA
"Sanliurfa",37.1674,38.7955,1998,6,NA,1.8
"Sanliurfa",37.1674,38.7955,1998,6,27.7,NA
"Sanliurfa",37.1674,38.7955,1998,7,NA,0.93
"Sanliurfa",37.1674,38.7955,1998,7,32.62,NA
"Sanliurfa",37.1674,38.7955,1998,8,NA,0.31
"Sanliurfa",37.1674,38.7955,1998,8,32.8,NA
"Sanliurfa",37.1674,38.7955,1998,9,NA,0.3
"Sanliurfa",37.1674,38.7955,1998,9,26.91,NA
"Sanliurfa",37.1674,38.7955,1998,10,NA,3.1
"Sanliurfa",37.1674,38.7955,1998,10,20.7,NA
"Sanliurfa",37.1674,38.7955,1998,11,NA,19.2
"Sanliurfa",37.1674,38.7955,1998,11,15.39,NA
"Sanliurfa",37.1674,38.7955,1998,12,NA,61.07
"Sanliurfa",37.1674,38.7955,1998,12,7.87,NA
"Sanliurfa",37.1674,38.7955,1999,1,NA,20.15
"Sanliurfa",37.1674,38.7955,1999,1,6.32,NA
"Sanliurfa",37.1674,38.7955,1999,2,NA,63.28
"Sanliurfa",37.1674,38.7955,1999,2,6.84,NA
"Sanliurfa",37.1674,38.7955,1999,3,NA,52.39
"Sanliurfa",37.1674,38.7955,1999,3,10.29,NA
"Sanliurfa",37.1674,38.7955,1999,4,NA,31.8
"Sanliurfa",37.1674,38.7955,1999,4,15.78,NA
"Sanliurfa",37.1674,38.7955,1999,5,NA,2.17
"Sanliurfa",37.1674,38.7955,1999,5,23.16,NA
"Sanliurfa",37.1674,38.7955,1999,6,NA,1.8
"Sanliurfa",37.1674,38.7955,1999,6,27.82,NA
"Sanliurfa",37.1674,38.7955,1999,7,NA,0.62
"Sanliurfa",37.1674,38.7955,1999,7,31.97,NA
"Sanliurfa",37.1674,38.7955,1999,8,NA,10.54
"Sanliurfa",37.1674,38.7955,1999,8,31.38,NA
"Sanliurfa",37.1674,38.7955,1999,9,NA,0.6
"Sanliurfa",37.1674,38.7955,1999,9,26.02,NA
"Sanliurfa",37.1674,38.7955,1999,10,NA,9.61
"Sanliurfa",37.1674,38.7955,1999,10,20.14,NA
"Sanliurfa",37.1674,38.7955,1999,11,NA,6
"Sanliurfa",37.1674,38.7955,1999,11,11.74,NA
"Sanliurfa",37.1674,38.7955,1999,12,NA,27.59
"Sanliurfa",37.1674,38.7955,1999,12,7.34,NA
"Sanliurfa",37.1674,38.7955,2000,1,NA,104.47
"Sanliurfa",37.1674,38.7955,2000,1,2.88,NA
"Sanliurfa",37.1674,38.7955,2000,2,NA,33.35
"Sanliurfa",37.1674,38.7955,2000,2,4.3,NA
"Sanliurfa",37.1674,38.7955,2000,3,NA,30.38
"Sanliurfa",37.1674,38.7955,2000,3,8.12,NA
"Sanliurfa",37.1674,38.7955,2000,4,NA,30.3
"Sanliurfa",37.1674,38.7955,2000,4,16.33,NA
"Sanliurfa",37.1674,38.7955,2000,5,NA,6.82
"Sanliurfa",37.1674,38.7955,2000,5,21.03,NA
"Sanliurfa",37.1674,38.7955,2000,6,NA,0
"Sanliurfa",37.1674,38.7955,2000,6,27.93,NA
"Sanliurfa",37.1674,38.7955,2000,7,NA,1.55
"Sanliurfa",37.1674,38.7955,2000,7,33.7,NA
"Sanliurfa",37.1674,38.7955,2000,8,NA,0.31
"Sanliurfa",37.1674,38.7955,2000,8,31.02,NA
"Sanliurfa",37.1674,38.7955,2000,9,NA,2.4
"Sanliurfa",37.1674,38.7955,2000,9,25.9,NA
"Sanliurfa",37.1674,38.7955,2000,10,NA,21.39
"Sanliurfa",37.1674,38.7955,2000,10,18.38,NA
"Sanliurfa",37.1674,38.7955,2000,11,NA,36
"Sanliurfa",37.1674,38.7955,2000,11,12.25,NA
"Sanliurfa",37.1674,38.7955,2000,12,NA,78.12
"Sanliurfa",37.1674,38.7955,2000,12,5.51,NA
"Sanliurfa",37.1674,38.7955,2001,1,NA,17.98
"Sanliurfa",37.1674,38.7955,2001,1,5.52,NA
"Sanliurfa",37.1674,38.7955,2001,2,NA,83.72
"Sanliurfa",37.1674,38.7955,2001,2,6.34,NA
"Sanliurfa",37.1674,38.7955,2001,3,NA,54.25
"Sanliurfa",37.1674,38.7955,2001,3,13.23,NA
"Sanliurfa",37.1674,38.7955,2001,4,NA,48.3
"Sanliurfa",37.1674,38.7955,2001,4,15.76,NA
"Sanliurfa",37.1674,38.7955,2001,5,NA,48.67
"Sanliurfa",37.1674,38.7955,2001,5,19.31,NA
"Sanliurfa",37.1674,38.7955,2001,6,NA,0.3
"Sanliurfa",37.1674,38.7955,2001,6,27.3,NA
"Sanliurfa",37.1674,38.7955,2001,7,NA,0
"Sanliurfa",37.1674,38.7955,2001,7,32.06,NA
"Sanliurfa",37.1674,38.7955,2001,8,NA,0.31
"Sanliurfa",37.1674,38.7955,2001,8,31.14,NA
"Sanliurfa",37.1674,38.7955,2001,9,NA,8.1
"Sanliurfa",37.1674,38.7955,2001,9,26.8,NA
"Sanliurfa",37.1674,38.7955,2001,10,NA,27.59
"Sanliurfa",37.1674,38.7955,2001,10,19.69,NA
"Sanliurfa",37.1674,38.7955,2001,11,NA,34.8
"Sanliurfa",37.1674,38.7955,2001,11,9.44,NA
"Sanliurfa",37.1674,38.7955,2001,12,NA,150.04
"Sanliurfa",37.1674,38.7955,2001,12,5.47,NA
"Sanliurfa",37.1674,38.7955,2002,1,NA,35.03
"Sanliurfa",37.1674,38.7955,2002,1,1.86,NA
"Sanliurfa",37.1674,38.7955,2002,2,NA,38.36
"Sanliurfa",37.1674,38.7955,2002,2,7.05,NA
"Sanliurfa",37.1674,38.7955,2002,3,NA,81.53
"Sanliurfa",37.1674,38.7955,2002,3,10.8,NA
"Sanliurfa",37.1674,38.7955,2002,4,NA,52.8
"Sanliurfa",37.1674,38.7955,2002,4,13.45,NA
"Sanliurfa",37.1674,38.7955,2002,5,NA,13.02
"Sanliurfa",37.1674,38.7955,2002,5,19.47,NA
"Sanliurfa",37.1674,38.7955,2002,6,NA,1.8
"Sanliurfa",37.1674,38.7955,2002,6,26.72,NA
"Sanliurfa",37.1674,38.7955,2002,7,NA,2.17
"Sanliurfa",37.1674,38.7955,2002,7,31.6,NA
"Sanliurfa",37.1674,38.7955,2002,8,NA,3.72
"Sanliurfa",37.1674,38.7955,2002,8,29.84,NA
"Sanliurfa",37.1674,38.7955,2002,9,NA,3
"Sanliurfa",37.1674,38.7955,2002,9,26.03,NA
"Sanliurfa",37.1674,38.7955,2002,10,NA,8.06
"Sanliurfa",37.1674,38.7955,2002,10,21.13,NA
"Sanliurfa",37.1674,38.7955,2002,11,NA,29.1
"Sanliurfa",37.1674,38.7955,2002,11,12.66,NA
"Sanliurfa",37.1674,38.7955,2002,12,NA,47.12
"Sanliurfa",37.1674,38.7955,2002,12,2.1,NA
"Sanliurfa",37.1674,38.7955,2003,1,NA,65.72
"Sanliurfa",37.1674,38.7955,2003,1,4.7,NA
"Sanliurfa",37.1674,38.7955,2003,2,NA,120.4
"Sanliurfa",37.1674,38.7955,2003,2,3.04,NA
"Sanliurfa",37.1674,38.7955,2003,3,NA,72.23
"Sanliurfa",37.1674,38.7955,2003,3,7.15,NA
"Sanliurfa",37.1674,38.7955,2003,4,NA,25.5
"Sanliurfa",37.1674,38.7955,2003,4,14.13,NA
"Sanliurfa",37.1674,38.7955,2003,5,NA,12.09
"Sanliurfa",37.1674,38.7955,2003,5,22.2,NA
"Sanliurfa",37.1674,38.7955,2003,6,NA,3.3
"Sanliurfa",37.1674,38.7955,2003,6,26.74,NA
"Sanliurfa",37.1674,38.7955,2003,7,NA,0
"Sanliurfa",37.1674,38.7955,2003,7,30.97,NA
"Sanliurfa",37.1674,38.7955,2003,8,NA,0
"Sanliurfa",37.1674,38.7955,2003,8,31.71,NA
"Sanliurfa",37.1674,38.7955,2003,9,NA,2.1
"Sanliurfa",37.1674,38.7955,2003,9,25.67,NA
"Sanliurfa",37.1674,38.7955,2003,10,NA,30.38
"Sanliurfa",37.1674,38.7955,2003,10,20.55,NA
"Sanliurfa",37.1674,38.7955,2003,11,NA,30.6
"Sanliurfa",37.1674,38.7955,2003,11,10.88,NA
"Sanliurfa",37.1674,38.7955,2003,12,NA,62.62
"Sanliurfa",37.1674,38.7955,2003,12,5.03,NA
"Sanliurfa",37.1674,38.7955,2004,1,NA,106.64
"Sanliurfa",37.1674,38.7955,2004,1,4.08,NA
"Sanliurfa",37.1674,38.7955,2004,2,NA,78.88
"Sanliurfa",37.1674,38.7955,2004,2,4.3,NA
"Sanliurfa",37.1674,38.7955,2004,3,NA,3.1
"Sanliurfa",37.1674,38.7955,2004,3,10.69,NA
"Sanliurfa",37.1674,38.7955,2004,4,NA,47.1
"Sanliurfa",37.1674,38.7955,2004,4,14.44,NA
"Sanliurfa",37.1674,38.7955,2004,5,NA,19.53
"Sanliurfa",37.1674,38.7955,2004,5,19.91,NA
"Sanliurfa",37.1674,38.7955,2004,6,NA,0.6
"Sanliurfa",37.1674,38.7955,2004,6,26.92,NA
"Sanliurfa",37.1674,38.7955,2004,7,NA,0.31
"Sanliurfa",37.1674,38.7955,2004,7,31.56,NA
"Sanliurfa",37.1674,38.7955,2004,8,NA,0
"Sanliurfa",37.1674,38.7955,2004,8,30.39,NA
"Sanliurfa",37.1674,38.7955,2004,9,NA,0
"Sanliurfa",37.1674,38.7955,2004,9,26.91,NA
"Sanliurfa",37.1674,38.7955,2004,10,NA,4.65
"Sanliurfa",37.1674,38.7955,2004,10,21.56,NA
"Sanliurfa",37.1674,38.7955,2004,11,NA,133.5
"Sanliurfa",37.1674,38.7955,2004,11,11.12,NA
"Sanliurfa",37.1674,38.7955,2004,12,NA,11.47
"Sanliurfa",37.1674,38.7955,2004,12,3.45,NA
"Sanliurfa",37.1674,38.7955,2005,1,NA,50.84
"Sanliurfa",37.1674,38.7955,2005,1,3.79,NA
"Sanliurfa",37.1674,38.7955,2005,2,NA,54.04
"Sanliurfa",37.1674,38.7955,2005,2,4.83,NA
"Sanliurfa",37.1674,38.7955,2005,3,NA,26.97
"Sanliurfa",37.1674,38.7955,2005,3,9.43,NA
"Sanliurfa",37.1674,38.7955,2005,4,NA,26.1
"Sanliurfa",37.1674,38.7955,2005,4,15.58,NA
"Sanliurfa",37.1674,38.7955,2005,5,NA,11.78
"Sanliurfa",37.1674,38.7955,2005,5,21.29,NA
"Sanliurfa",37.1674,38.7955,2005,6,NA,16.8
"Sanliurfa",37.1674,38.7955,2005,6,26.25,NA
"Sanliurfa",37.1674,38.7955,2005,7,NA,0
"Sanliurfa",37.1674,38.7955,2005,7,32.23,NA
"Sanliurfa",37.1674,38.7955,2005,8,NA,1.24
"Sanliurfa",37.1674,38.7955,2005,8,31.65,NA
"Sanliurfa",37.1674,38.7955,2005,9,NA,0.3
"Sanliurfa",37.1674,38.7955,2005,9,25.64,NA
"Sanliurfa",37.1674,38.7955,2005,10,NA,40.3
"Sanliurfa",37.1674,38.7955,2005,10,18.21,NA
"Sanliurfa",37.1674,38.7955,2005,11,NA,26.4
"Sanliurfa",37.1674,38.7955,2005,11,9.68,NA
"Sanliurfa",37.1674,38.7955,2005,12,NA,19.53
"Sanliurfa",37.1674,38.7955,2005,12,7.83,NA
"Sanliurfa",37.1674,38.7955,2006,1,NA,54.56
"Sanliurfa",37.1674,38.7955,2006,1,2.86,NA
"Sanliurfa",37.1674,38.7955,2006,2,NA,60.48
"Sanliurfa",37.1674,38.7955,2006,2,5.76,NA
"Sanliurfa",37.1674,38.7955,2006,3,NA,16.43
"Sanliurfa",37.1674,38.7955,2006,3,10.7,NA
"Sanliurfa",37.1674,38.7955,2006,4,NA,46.2
"Sanliurfa",37.1674,38.7955,2006,4,16.51,NA
"Sanliurfa",37.1674,38.7955,2006,5,NA,7.44
"Sanliurfa",37.1674,38.7955,2006,5,22.48,NA
"Sanliurfa",37.1674,38.7955,2006,6,NA,0.6
"Sanliurfa",37.1674,38.7955,2006,6,29.47,NA
"Sanliurfa",37.1674,38.7955,2006,7,NA,4.96
"Sanliurfa",37.1674,38.7955,2006,7,30.77,NA
"Sanliurfa",37.1674,38.7955,2006,8,NA,0.31
"Sanliurfa",37.1674,38.7955,2006,8,32.65,NA
"Sanliurfa",37.1674,38.7955,2006,9,NA,2.1
"Sanliurfa",37.1674,38.7955,2006,9,25.87,NA
"Sanliurfa",37.1674,38.7955,2006,10,NA,54.56
"Sanliurfa",37.1674,38.7955,2006,10,19.91,NA
"Sanliurfa",37.1674,38.7955,2006,11,NA,29.4
"Sanliurfa",37.1674,38.7955,2006,11,9.43,NA
"Sanliurfa",37.1674,38.7955,2006,12,NA,8.99
"Sanliurfa",37.1674,38.7955,2006,12,4.6,NA
"Sanliurfa",37.1674,38.7955,2007,1,NA,31.31
"Sanliurfa",37.1674,38.7955,2007,1,3.02,NA
"Sanliurfa",37.1674,38.7955,2007,2,NA,30.52
"Sanliurfa",37.1674,38.7955,2007,2,6.25,NA
"Sanliurfa",37.1674,38.7955,2007,3,NA,31
"Sanliurfa",37.1674,38.7955,2007,3,10.11,NA
"Sanliurfa",37.1674,38.7955,2007,4,NA,38.1
"Sanliurfa",37.1674,38.7955,2007,4,12.64,NA
"Sanliurfa",37.1674,38.7955,2007,5,NA,13.33
"Sanliurfa",37.1674,38.7955,2007,5,24.02,NA
"Sanliurfa",37.1674,38.7955,2007,6,NA,3.9
"Sanliurfa",37.1674,38.7955,2007,6,28.88,NA
"Sanliurfa",37.1674,38.7955,2007,7,NA,0
"Sanliurfa",37.1674,38.7955,2007,7,32.44,NA
"Sanliurfa",37.1674,38.7955,2007,8,NA,0
"Sanliurfa",37.1674,38.7955,2007,8,31.79,NA
"Sanliurfa",37.1674,38.7955,2007,9,NA,0
"Sanliurfa",37.1674,38.7955,2007,9,27.32,NA
"Sanliurfa",37.1674,38.7955,2007,10,NA,13.95
"Sanliurfa",37.1674,38.7955,2007,10,21.2,NA
"Sanliurfa",37.1674,38.7955,2007,11,NA,20.4
"Sanliurfa",37.1674,38.7955,2007,11,11.7,NA
"Sanliurfa",37.1674,38.7955,2007,12,NA,39.68
"Sanliurfa",37.1674,38.7955,2007,12,5.27,NA
"Sanliurfa",37.1674,38.7955,2008,1,NA,35.03
"Sanliurfa",37.1674,38.7955,2008,1,1.76,NA
"Sanliurfa",37.1674,38.7955,2008,2,NA,24.07
"Sanliurfa",37.1674,38.7955,2008,2,4.71,NA
"Sanliurfa",37.1674,38.7955,2008,3,NA,17.05
"Sanliurfa",37.1674,38.7955,2008,3,13.33,NA
"Sanliurfa",37.1674,38.7955,2008,4,NA,5.7
"Sanliurfa",37.1674,38.7955,2008,4,18.79,NA
"Sanliurfa",37.1674,38.7955,2008,5,NA,18.91
"Sanliurfa",37.1674,38.7955,2008,5,21.38,NA
"Sanliurfa",37.1674,38.7955,2008,6,NA,1.2
"Sanliurfa",37.1674,38.7955,2008,6,28.28,NA
"Sanliurfa",37.1674,38.7955,2008,7,NA,0.31
"Sanliurfa",37.1674,38.7955,2008,7,31.45,NA
"Sanliurfa",37.1674,38.7955,2008,8,NA,0.62
"Sanliurfa",37.1674,38.7955,2008,8,32.76,NA
"Sanliurfa",37.1674,38.7955,2008,9,NA,35.4
"Sanliurfa",37.1674,38.7955,2008,9,26.03,NA
"Sanliurfa",37.1674,38.7955,2008,10,NA,18.29
"Sanliurfa",37.1674,38.7955,2008,10,19.15,NA
"Sanliurfa",37.1674,38.7955,2008,11,NA,32.4
"Sanliurfa",37.1674,38.7955,2008,11,12.64,NA
"Sanliurfa",37.1674,38.7955,2008,12,NA,26.35
"Sanliurfa",37.1674,38.7955,2008,12,4.83,NA
"Sanliurfa",37.1674,38.7955,2009,1,NA,23.25
"Sanliurfa",37.1674,38.7955,2009,1,3.66,NA
"Sanliurfa",37.1674,38.7955,2009,2,NA,50.12
"Sanliurfa",37.1674,38.7955,2009,2,7.15,NA
"Sanliurfa",37.1674,38.7955,2009,3,NA,44.95
"Sanliurfa",37.1674,38.7955,2009,3,9.13,NA
"Sanliurfa",37.1674,38.7955,2009,4,NA,28.8
"Sanliurfa",37.1674,38.7955,2009,4,15.14,NA
"Sanliurfa",37.1674,38.7955,2009,5,NA,5.58
"Sanliurfa",37.1674,38.7955,2009,5,21.42,NA
"Sanliurfa",37.1674,38.7955,2009,6,NA,6.6
"Sanliurfa",37.1674,38.7955,2009,6,28.84,NA
"Sanliurfa",37.1674,38.7955,2009,7,NA,1.86
"Sanliurfa",37.1674,38.7955,2009,7,31.16,NA
"Sanliurfa",37.1674,38.7955,2009,8,NA,0.31
"Sanliurfa",37.1674,38.7955,2009,8,29.66,NA
"Sanliurfa",37.1674,38.7955,2009,9,NA,9.6
"Sanliurfa",37.1674,38.7955,2009,9,24.49,NA
"Sanliurfa",37.1674,38.7955,2009,10,NA,39.37
"Sanliurfa",37.1674,38.7955,2009,10,21.8,NA
"Sanliurfa",37.1674,38.7955,2009,11,NA,33.9
"Sanliurfa",37.1674,38.7955,2009,11,11.55,NA
"Sanliurfa",37.1674,38.7955,2009,12,NA,75.02
"Sanliurfa",37.1674,38.7955,2009,12,8.16,NA
"Sanliurfa",37.1674,38.7955,2010,1,NA,72.85
"Sanliurfa",37.1674,38.7955,2010,1,6.27,NA
"Sanliurfa",37.1674,38.7955,2010,2,NA,39.2
"Sanliurfa",37.1674,38.7955,2010,2,7.19,NA
"Sanliurfa",37.1674,38.7955,2010,3,NA,17.67
"Sanliurfa",37.1674,38.7955,2010,3,12.04,NA
"Sanliurfa",37.1674,38.7955,2010,4,NA,21.9
"Sanliurfa",37.1674,38.7955,2010,4,15.91,NA
"Sanliurfa",37.1674,38.7955,2010,5,NA,6.51
"Sanliurfa",37.1674,38.7955,2010,5,22.39,NA
"Sanliurfa",37.1674,38.7955,2010,6,NA,2.7
"Sanliurfa",37.1674,38.7955,2010,6,28.14,NA
"Sanliurfa",37.1674,38.7955,2010,7,NA,0.31
"Sanliurfa",37.1674,38.7955,2010,7,32.98,NA
"Sanliurfa",37.1674,38.7955,2010,8,NA,0
"Sanliurfa",37.1674,38.7955,2010,8,33.31,NA
"Sanliurfa",37.1674,38.7955,2010,9,NA,1.2
"Sanliurfa",37.1674,38.7955,2010,9,28.39,NA
"Sanliurfa",37.1674,38.7955,2010,10,NA,7.44
"Sanliurfa",37.1674,38.7955,2010,10,20.67,NA
"Sanliurfa",37.1674,38.7955,2010,11,NA,0
"Sanliurfa",37.1674,38.7955,2010,11,15.46,NA
"Sanliurfa",37.1674,38.7955,2010,12,NA,46.5
"Sanliurfa",37.1674,38.7955,2010,12,9,NA
"Sanliurfa",37.1674,38.7955,2011,1,NA,42.78
"Sanliurfa",37.1674,38.7955,2011,1,5.07,NA
"Sanliurfa",37.1674,38.7955,2011,2,NA,34.16
"Sanliurfa",37.1674,38.7955,2011,2,5.72,NA
"Sanliurfa",37.1674,38.7955,2011,3,NA,15.5
"Sanliurfa",37.1674,38.7955,2011,3,10.17,NA
"Sanliurfa",37.1674,38.7955,2011,4,NA,98.1
"Sanliurfa",37.1674,38.7955,2011,4,14.42,NA
"Sanliurfa",37.1674,38.7955,2011,5,NA,27.59
"Sanliurfa",37.1674,38.7955,2011,5,19.63,NA
"Sanliurfa",37.1674,38.7955,2011,6,NA,5.1
"Sanliurfa",37.1674,38.7955,2011,6,26.42,NA
"Sanliurfa",37.1674,38.7955,2011,7,NA,2.48
"Sanliurfa",37.1674,38.7955,2011,7,32.44,NA
"Sanliurfa",37.1674,38.7955,2011,8,NA,0.31
"Sanliurfa",37.1674,38.7955,2011,8,31.21,NA
"Sanliurfa",37.1674,38.7955,2011,9,NA,9.3
"Sanliurfa",37.1674,38.7955,2011,9,26.76,NA
"Sanliurfa",37.1674,38.7955,2011,10,NA,15.81
"Sanliurfa",37.1674,38.7955,2011,10,17.96,NA
"Sanliurfa",37.1674,38.7955,2011,11,NA,62.1
"Sanliurfa",37.1674,38.7955,2011,11,7.35,NA
"Sanliurfa",37.1674,38.7955,2011,12,NA,40.3
"Sanliurfa",37.1674,38.7955,2011,12,4.42,NA
"Sanliurfa",37.1674,38.7955,2012,1,NA,107.26
"Sanliurfa",37.1674,38.7955,2012,1,2.77,NA
"Sanliurfa",37.1674,38.7955,2012,2,NA,64.67
"Sanliurfa",37.1674,38.7955,2012,2,3.22,NA
"Sanliurfa",37.1674,38.7955,2012,3,NA,17.67
"Sanliurfa",37.1674,38.7955,2012,3,6.3,NA
"Sanliurfa",37.1674,38.7955,2012,4,NA,16.5
"Sanliurfa",37.1674,38.7955,2012,4,16.75,NA
"Sanliurfa",37.1674,38.7955,2012,5,NA,26.66
"Sanliurfa",37.1674,38.7955,2012,5,20.73,NA
"Sanliurfa",37.1674,38.7955,2012,6,NA,5.1
"Sanliurfa",37.1674,38.7955,2012,6,29.02,NA
"Sanliurfa",37.1674,38.7955,2012,7,NA,0.93
"Sanliurfa",37.1674,38.7955,2012,7,32.66,NA
"Sanliurfa",37.1674,38.7955,2012,8,NA,1.86
"Sanliurfa",37.1674,38.7955,2012,8,31.87,NA
"Sanliurfa",37.1674,38.7955,2012,9,NA,0.9
"Sanliurfa",37.1674,38.7955,2012,9,27.58,NA
"Sanliurfa",37.1674,38.7955,2012,10,NA,37.51
"Sanliurfa",37.1674,38.7955,2012,10,20.81,NA
"Sanliurfa",37.1674,38.7955,2012,11,NA,63.9
"Sanliurfa",37.1674,38.7955,2012,11,13.64,NA
"Sanliurfa",37.1674,38.7955,2012,12,NA,128.96
"Sanliurfa",37.1674,38.7955,2012,12,6.05,NA
"Sanliurfa",37.1674,38.7955,2013,1,NA,69.44
"Sanliurfa",37.1674,38.7955,2013,1,3.69,NA
"Sanliurfa",37.1674,38.7955,2013,2,NA,95.48
"Sanliurfa",37.1674,38.7955,2013,2,7.45,NA
"Sanliurfa",37.1674,38.7955,2013,3,NA,10.23
"Sanliurfa",37.1674,38.7955,2013,3,9.73,NA
"Sanliurfa",37.1674,38.7955,2013,4,NA,38.1
"Sanliurfa",37.1674,38.7955,2013,4,15.55,NA
"Sanliurfa",37.1674,38.7955,2013,5,NA,65.72
"Sanliurfa",37.1674,38.7955,2013,5,21.59,NA
"Sanliurfa",37.1674,38.7955,2013,6,NA,3.3
"Sanliurfa",37.1674,38.7955,2013,6,26.46,NA
"Sanliurfa",37.1674,38.7955,2013,7,NA,0
"Sanliurfa",37.1674,38.7955,2013,7,30.79,NA
"Sanliurfa",37.1674,38.7955,2013,8,NA,0
"Sanliurfa",37.1674,38.7955,2013,8,30.75,NA
"Sanliurfa",37.1674,38.7955,2013,9,NA,0.9
"Sanliurfa",37.1674,38.7955,2013,9,25.2,NA
"Sanliurfa",37.1674,38.7955,2013,10,NA,4.03
"Sanliurfa",37.1674,38.7955,2013,10,18.16,NA
"Sanliurfa",37.1674,38.7955,2013,11,NA,24.3
"Sanliurfa",37.1674,38.7955,2013,11,13.63,NA
"Sanliurfa",37.1674,38.7955,2013,12,NA,43.71
"Sanliurfa",37.1674,38.7955,2013,12,2.99,NA
"Sanliurfa",37.1674,38.7955,2014,1,NA,40.3
"Sanliurfa",37.1674,38.7955,2014,1,5.67,NA
"Sanliurfa",37.1674,38.7955,2014,2,NA,22.96
"Sanliurfa",37.1674,38.7955,2014,2,7.38,NA
"Sanliurfa",37.1674,38.7955,2014,3,NA,67.58
"Sanliurfa",37.1674,38.7955,2014,3,11.89,NA
"Sanliurfa",37.1674,38.7955,2014,4,NA,38.1
"Sanliurfa",37.1674,38.7955,2014,4,16.33,NA
"Sanliurfa",37.1674,38.7955,2014,5,NA,12.09
"Sanliurfa",37.1674,38.7955,2014,5,22.19,NA
"Sanliurfa",37.1674,38.7955,2014,6,NA,16.8
"Sanliurfa",37.1674,38.7955,2014,6,27.19,NA
"Sanliurfa",37.1674,38.7955,2014,7,NA,0
"Sanliurfa",37.1674,38.7955,2014,7,31.84,NA
"Sanliurfa",37.1674,38.7955,2014,8,NA,0.93
"Sanliurfa",37.1674,38.7955,2014,8,32.21,NA
"Sanliurfa",37.1674,38.7955,2014,9,NA,19.2
"Sanliurfa",37.1674,38.7955,2014,9,25.88,NA
"Sanliurfa",37.1674,38.7955,2014,10,NA,51.77
"Sanliurfa",37.1674,38.7955,2014,10,18.91,NA
"Sanliurfa",37.1674,38.7955,2014,11,NA,71.1
"Sanliurfa",37.1674,38.7955,2014,11,10.1,NA
"Sanliurfa",37.1674,38.7955,2014,12,NA,57.35
"Sanliurfa",37.1674,38.7955,2014,12,7.82,NA
"Sanliurfa",37.1674,38.7955,2015,1,NA,87.73
"Sanliurfa",37.1674,38.7955,2015,1,3.38,NA
"Sanliurfa",37.1674,38.7955,2015,2,NA,89.88
"Sanliurfa",37.1674,38.7955,2015,2,5.84,NA
"Sanliurfa",37.1674,38.7955,2015,3,NA,89.9
"Sanliurfa",37.1674,38.7955,2015,3,9.46,NA
"Sanliurfa",37.1674,38.7955,2015,4,NA,28.2
"Sanliurfa",37.1674,38.7955,2015,4,13.5,NA
"Sanliurfa",37.1674,38.7955,2015,5,NA,15.5
"Sanliurfa",37.1674,38.7955,2015,5,20.57,NA
"Sanliurfa",37.1674,38.7955,2015,6,NA,2.4
"Sanliurfa",37.1674,38.7955,2015,6,25.96,NA
"Sanliurfa",37.1674,38.7955,2015,7,NA,0.31
"Sanliurfa",37.1674,38.7955,2015,7,32.4,NA
"Sanliurfa",37.1674,38.7955,2015,8,NA,0.62
"Sanliurfa",37.1674,38.7955,2015,8,32.14,NA
"Sanliurfa",37.1674,38.7955,2015,9,NA,0.9
"Sanliurfa",37.1674,38.7955,2015,9,29.39,NA
"Sanliurfa",37.1674,38.7955,2015,10,NA,57.66
"Sanliurfa",37.1674,38.7955,2015,10,21.22,NA
"Sanliurfa",37.1674,38.7955,2015,11,NA,27
"Sanliurfa",37.1674,38.7955,2015,11,11.79,NA
"Sanliurfa",37.1674,38.7955,2015,12,NA,6.51
"Sanliurfa",37.1674,38.7955,2015,12,5.83,NA
"Sanliurfa",37.1674,38.7955,2016,1,NA,94.24
"Sanliurfa",37.1674,38.7955,2016,1,2.67,NA
"Sanliurfa",37.1674,38.7955,2016,2,NA,28.42
"Sanliurfa",37.1674,38.7955,2016,2,8.95,NA
"Sanliurfa",37.1674,38.7955,2016,3,NA,24.49
"Sanliurfa",37.1674,38.7955,2016,3,11.26,NA
"Sanliurfa",37.1674,38.7955,2016,4,NA,26.1
"Sanliurfa",37.1674,38.7955,2016,4,18.12,NA
"Sanliurfa",37.1674,38.7955,2016,5,NA,19.84
"Sanliurfa",37.1674,38.7955,2016,5,21.22,NA
"Sanliurfa",37.1674,38.7955,2016,6,NA,3
"Sanliurfa",37.1674,38.7955,2016,6,28.9,NA
"Sanliurfa",37.1674,38.7955,2016,7,NA,0.93
"Sanliurfa",37.1674,38.7955,2016,7,32.1,NA
"Sanliurfa",37.1674,38.7955,2016,8,NA,0
"Sanliurfa",37.1674,38.7955,2016,8,33.13,NA
"Sanliurfa",37.1674,38.7955,2016,9,NA,5.1
"Sanliurfa",37.1674,38.7955,2016,9,25.49,NA
"Sanliurfa",37.1674,38.7955,2016,10,NA,20.15
"Sanliurfa",37.1674,38.7955,2016,10,20.91,NA
"Sanliurfa",37.1674,38.7955,2016,11,NA,43.5
"Sanliurfa",37.1674,38.7955,2016,11,10.12,NA
"Sanliurfa",37.1674,38.7955,2016,12,NA,88.66
"Sanliurfa",37.1674,38.7955,2016,12,3.08,NA
"Sanliurfa",37.1674,38.7955,2017,1,NA,17.67
"Sanliurfa",37.1674,38.7955,2017,1,2.64,NA
"Sanliurfa",37.1674,38.7955,2017,2,NA,1.4
"Sanliurfa",37.1674,38.7955,2017,2,5.09,NA
"Sanliurfa",37.1674,38.7955,2017,3,NA,68.82
"Sanliurfa",37.1674,38.7955,2017,3,10.52,NA
"Sanliurfa",37.1674,38.7955,2017,4,NA,69.6
"Sanliurfa",37.1674,38.7955,2017,4,14.48,NA
"Sanliurfa",37.1674,38.7955,2017,5,NA,17.67
"Sanliurfa",37.1674,38.7955,2017,5,20.8,NA
"Sanliurfa",37.1674,38.7955,2017,6,NA,0.3
"Sanliurfa",37.1674,38.7955,2017,6,28.01,NA
"Sanliurfa",37.1674,38.7955,2017,7,NA,0
"Sanliurfa",37.1674,38.7955,2017,7,33.15,NA
"Sanliurfa",37.1674,38.7955,2017,8,NA,0
"Sanliurfa",37.1674,38.7955,2017,8,32.18,NA
"Sanliurfa",37.1674,38.7955,2017,9,NA,0.3
"Sanliurfa",37.1674,38.7955,2017,9,29.04,NA
"Sanliurfa",37.1674,38.7955,2017,10,NA,21.39
"Sanliurfa",37.1674,38.7955,2017,10,19.24,NA
"Sanliurfa",37.1674,38.7955,2017,11,NA,21.6
"Sanliurfa",37.1674,38.7955,2017,11,11.62,NA
"Sanliurfa",37.1674,38.7955,2017,12,NA,13.02
"Sanliurfa",37.1674,38.7955,2017,12,7.88,NA
"Sanliurfa",37.1674,38.7955,2018,1,NA,117.8
"Sanliurfa",37.1674,38.7955,2018,1,5.79,NA
"Sanliurfa",37.1674,38.7955,2018,2,NA,99.12
"Sanliurfa",37.1674,38.7955,2018,2,8.49,NA
"Sanliurfa",37.1674,38.7955,2018,3,NA,13.64
"Sanliurfa",37.1674,38.7955,2018,3,12.67,NA
"Sanliurfa",37.1674,38.7955,2018,4,NA,35.4
"Sanliurfa",37.1674,38.7955,2018,4,17.47,NA
"Sanliurfa",37.1674,38.7955,2018,5,NA,62.31
"Sanliurfa",37.1674,38.7955,2018,5,22.03,NA
"Sanliurfa",37.1674,38.7955,2018,6,NA,17.1
"Sanliurfa",37.1674,38.7955,2018,6,26.68,NA
"Sanliurfa",37.1674,38.7955,2018,7,NA,0
"Sanliurfa",37.1674,38.7955,2018,7,31.7,NA
"Sanliurfa",37.1674,38.7955,2018,8,NA,0
"Sanliurfa",37.1674,38.7955,2018,8,31.89,NA
"Sanliurfa",37.1674,38.7955,2018,9,NA,4.5
"Sanliurfa",37.1674,38.7955,2018,9,28.04,NA
"Sanliurfa",37.1674,38.7955,2018,10,NA,47.74
"Sanliurfa",37.1674,38.7955,2018,10,20.71,NA
"Sanliurfa",37.1674,38.7955,2018,11,NA,110.1
"Sanliurfa",37.1674,38.7955,2018,11,11.73,NA
"Sanliurfa",37.1674,38.7955,2018,12,NA,229.4
"Sanliurfa",37.1674,38.7955,2018,12,6.84,NA
"Sanliurfa",37.1674,38.7955,2019,1,NA,123.38
"Sanliurfa",37.1674,38.7955,2019,1,3.26,NA
"Sanliurfa",37.1674,38.7955,2019,2,NA,79.8
"Sanliurfa",37.1674,38.7955,2019,2,5.92,NA
"Sanliurfa",37.1674,38.7955,2019,3,NA,148.49
"Sanliurfa",37.1674,38.7955,2019,3,8.93,NA
"Sanliurfa",37.1674,38.7955,2019,4,NA,96.9
"Sanliurfa",37.1674,38.7955,2019,4,12.79,NA
"Sanliurfa",37.1674,38.7955,2019,5,NA,9.3
"Sanliurfa",37.1674,38.7955,2019,5,21.08,NA
"Sanliurfa",37.1674,38.7955,2019,6,NA,7.5
"Sanliurfa",37.1674,38.7955,2019,6,27.29,NA
"Sanliurfa",37.1674,38.7955,2019,7,NA,0
"Sanliurfa",37.1674,38.7955,2019,7,30.55,NA
"Sanliurfa",37.1674,38.7955,2019,8,NA,1.55
"Sanliurfa",37.1674,38.7955,2019,8,32.41,NA
"Sanliurfa",37.1674,38.7955,2019,9,NA,0.3
"Sanliurfa",37.1674,38.7955,2019,9,26.97,NA
"Sanliurfa",37.1674,38.7955,2019,10,NA,39.37
"Sanliurfa",37.1674,38.7955,2019,10,22.02,NA
"Sanliurfa",37.1674,38.7955,2019,11,NA,12
"Sanliurfa",37.1674,38.7955,2019,11,12.5,NA
"Sanliurfa",37.1674,38.7955,2019,12,NA,235.91
"Sanliurfa",37.1674,38.7955,2019,12,6.41,NA
"Sanliurfa",37.1674,38.7955,2020,1,NA,80.91
"Sanliurfa",37.1674,38.7955,2020,1,3.8,NA
"Sanliurfa",37.1674,38.7955,2020,2,NA,33.64
"Sanliurfa",37.1674,38.7955,2020,2,4.18,NA
"Sanliurfa",37.1674,38.7955,2020,3,NA,97.96
"Sanliurfa",37.1674,38.7955,2020,3,10.96,NA
"Sanliurfa",37.1674,38.7955,2020,4,NA,62.7
"Sanliurfa",37.1674,38.7955,2020,4,14.47,NA
"Sanliurfa",37.1674,38.7955,2020,5,NA,34.41
"Sanliurfa",37.1674,38.7955,2020,5,20.22,NA
"Sanliurfa",37.1674,38.7955,2020,6,NA,0.6
"Sanliurfa",37.1674,38.7955,2020,6,25.94,NA
"Sanliurfa",37.1674,38.7955,2020,7,NA,0.31
"Sanliurfa",37.1674,38.7955,2020,7,33.31,NA
"Sanliurfa",37.1674,38.7955,2020,8,NA,0
"Sanliurfa",37.1674,38.7955,2020,8,31.31,NA
"Sanliurfa",37.1674,38.7955,2020,9,NA,0
"Sanliurfa",37.1674,38.7955,2020,9,30.24,NA
"Sanliurfa",37.1674,38.7955,2020,10,NA,0
"Sanliurfa",37.1674,38.7955,2020,10,23.16,NA
"Sanliurfa",37.1674,38.7955,2020,11,NA,79.8
"Sanliurfa",37.1674,38.7955,2020,11,11.74,NA
"Sanliurfa",37.1674,38.7955,2020,12,NA,39.37
"Sanliurfa",37.1674,38.7955,2020,12,6.88,NA
"Sanliurfa",37.1674,38.7955,2021,1,NA,96.1
"Sanliurfa",37.1674,38.7955,2021,1,5.39,NA
"Sanliurfa",37.1674,38.7955,2021,2,NA,7.28
"Sanliurfa",37.1674,38.7955,2021,2,7.21,NA
"Sanliurfa",37.1674,38.7955,2021,3,NA,36.89
"Sanliurfa",37.1674,38.7955,2021,3,9.4,NA
"Sanliurfa",37.1674,38.7955,2021,4,NA,2.7
"Sanliurfa",37.1674,38.7955,2021,4,16.99,NA
"Sanliurfa",37.1674,38.7955,2021,5,NA,2.17
"Sanliurfa",37.1674,38.7955,2021,5,24.66,NA
"Sanliurfa",37.1674,38.7955,2021,6,NA,0
"Sanliurfa",37.1674,38.7955,2021,6,27.87,NA
"Sanliurfa",37.1674,38.7955,2021,7,NA,0
"Sanliurfa",37.1674,38.7955,2021,7,33.29,NA
"Sanliurfa",37.1674,38.7955,2021,8,NA,5.89
"Sanliurfa",37.1674,38.7955,2021,8,32.47,NA
"Sanliurfa",37.1674,38.7955,2021,9,NA,0.3
"Sanliurfa",37.1674,38.7955,2021,9,26.11,NA
"Sanliurfa",37.1674,38.7955,2021,10,NA,6.51
"Sanliurfa",37.1674,38.7955,2021,10,20.31,NA
"Sanliurfa",37.1674,38.7955,2021,11,NA,15.6
"Sanliurfa",37.1674,38.7955,2021,11,13.7,NA
"Sanliurfa",37.1674,38.7955,2021,12,NA,27.59
"Sanliurfa",37.1674,38.7955,2021,12,6.04,NA
"Sanliurfa",37.1674,38.7955,2022,1,NA,65.41
"Sanliurfa",37.1674,38.7955,2022,1,2.26,NA
"Sanliurfa",37.1674,38.7955,2022,2,NA,16.8
"Sanliurfa",37.1674,38.7955,2022,2,7.33,NA
"Sanliurfa",37.1674,38.7955,2022,3,NA,83.39
"Sanliurfa",37.1674,38.7955,2022,3,6.6,NA
"Sanliurfa",37.1674,38.7955,2022,4,NA,36.3
"Sanliurfa",37.1674,38.7955,2022,4,17.53,NA
"Sanliurfa",37.1674,38.7955,2022,5,NA,47.43
"Sanliurfa",37.1674,38.7955,2022,5,20.47,NA
"Sanliurfa",37.1674,38.7955,2022,6,NA,1.8
"Sanliurfa",37.1674,38.7955,2022,6,28.17,NA
"Sanliurfa",37.1674,38.7955,2022,7,NA,0
"Sanliurfa",37.1674,38.7955,2022,7,32.42,NA
"Sanliurfa",37.1674,38.7955,2022,8,NA,0
"Sanliurfa",37.1674,38.7955,2022,8,32.61,NA
"Sanliurfa",37.1674,38.7955,2022,9,NA,0
"Sanliurfa",37.1674,38.7955,2022,9,28.43,NA
"Sanliurfa",37.1674,38.7955,2022,10,NA,4.96
"Sanliurfa",37.1674,38.7955,2022,10,22.05,NA
"Sanliurfa",37.1674,38.7955,2022,11,NA,87.3
"Sanliurfa",37.1674,38.7955,2022,11,12.95,NA
"Sanliurfa",37.1674,38.7955,2022,12,NA,35.96
"Sanliurfa",37.1674,38.7955,2022,12,8.04,NA
"Sanliurfa",37.1674,38.7955,2023,1,NA,27.59
"Sanliurfa",37.1674,38.7955,2023,1,4.98,NA
"Sanliurfa",37.1674,38.7955,2023,2,NA,68.04
"Sanliurfa",37.1674,38.7955,2023,2,4.21,NA
"Sanliurfa",37.1674,38.7955,2023,3,NA,182.28
"Sanliurfa",37.1674,38.7955,2023,3,11.83,NA
"Sanliurfa",37.1674,38.7955,2023,4,NA,46.5
"Sanliurfa",37.1674,38.7955,2023,4,14.47,NA
"Sanliurfa",37.1674,38.7955,2023,5,NA,8.06
"Sanliurfa",37.1674,38.7955,2023,5,20.32,NA
"Sanliurfa",37.1674,38.7955,2023,6,NA,2.4
"Sanliurfa",37.1674,38.7955,2023,6,27.21,NA
"Sanliurfa",37.1674,38.7955,2023,7,NA,0
"Sanliurfa",37.1674,38.7955,2023,7,32.97,NA
"Sanliurfa",37.1674,38.7955,2023,8,NA,1.24
"Sanliurfa",37.1674,38.7955,2023,8,33.96,NA
"Sanliurfa",37.1674,38.7955,2023,9,NA,5.1
"Sanliurfa",37.1674,38.7955,2023,9,28.47,NA
"Sanliurfa",37.1674,38.7955,2023,10,NA,5.89
"Sanliurfa",37.1674,38.7955,2023,10,22.22,NA
"Sanliurfa",37.1674,38.7955,2023,11,NA,77.7
"Sanliurfa",37.1674,38.7955,2023,11,14.27,NA
"Sanliurfa",37.1674,38.7955,2023,12,NA,73.16
"Sanliurfa",37.1674,38.7955,2023,12,8.63,NA
"Sanliurfa",37.1674,38.7955,2024,1,NA,90.83
"Sanliurfa",37.1674,38.7955,2024,1,6.52,NA
"Sanliurfa",37.1674,38.7955,2024,2,NA,67.28
"Sanliurfa",37.1674,38.7955,2024,2,7.85,NA
"Sanliurfa",37.1674,38.7955,2024,3,NA,82.77
"Sanliurfa",37.1674,38.7955,2024,3,10.18,NA
"Sanliurfa",37.1674,38.7955,2024,4,NA,39.9
"Sanliurfa",37.1674,38.7955,2024,4,19.19,NA
"Sanliurfa",37.1674,38.7955,2024,5,NA,35.03
"Sanliurfa",37.1674,38.7955,2024,5,20.78,NA
"Sanliurfa",37.1674,38.7955,2024,6,NA,0.9
"Sanliurfa",37.1674,38.7955,2024,6,31.76,NA
"Sanliurfa",37.1674,38.7955,2024,7,NA,0.62
"Sanliurfa",37.1674,38.7955,2024,7,34.09,NA
"Sanliurfa",37.1674,38.7955,2024,8,NA,1.55
"Sanliurfa",37.1674,38.7955,2024,8,33.67,NA
"Sanliurfa",37.1674,38.7955,2024,9,NA,15
"Sanliurfa",37.1674,38.7955,2024,9,27.97,NA
"Sanliurfa",37.1674,38.7955,2024,10,NA,0.62
"Sanliurfa",37.1674,38.7955,2024,10,20.36,NA
"Sanliurfa",37.1674,38.7955,2024,11,NA,34.8
"Sanliurfa",37.1674,38.7955,2024,11,11.89,NA
"Sanliurfa",37.1674,38.7955,2024,12,NA,37.51
"Sanliurfa",37.1674,38.7955,2024,12,6.11,NA
"Sanliurfa",37.1674,38.7955,2025,1,NA,5.89
"Sanliurfa",37.1674,38.7955,2025,1,6.04,NA
"Sanliurfa",37.1674,38.7955,2025,2,NA,62.72
"Sanliurfa",37.1674,38.7955,2025,2,4.22,NA
"Sanliurfa",37.1674,38.7955,2025,3,NA,25.42
"Sanliurfa",37.1674,38.7955,2025,3,13.25,NA
"Sanliurfa",37.1674,38.7955,2025,4,NA,26.7
"Sanliurfa",37.1674,38.7955,2025,4,16.42,NA
"Sanliurfa",37.1674,38.7955,2025,5,NA,13.33
"Sanliurfa",37.1674,38.7955,2025,5,24.05,NA
"Sanliurfa",37.1674,38.7955,2025,6,NA,0.3
"Sanliurfa",37.1674,38.7955,2025,6,30.28,NA
"Sanliurfa",37.1674,38.7955,2025,7,NA,0
"Sanliurfa",37.1674,38.7955,2025,7,34.18,NA
"Sanliurfa",37.1674,38.7955,2025,8,NA,0
"Sanliurfa",37.1674,38.7955,2025,8,33.11,NA
"Sanliurfa",37.1674,38.7955,2025,9,NA,0
"Sanliurfa",37.1674,38.7955,2025,9,27.66,NA
"Sanliurfa",37.1674,38.7955,2025,10,NA,9.92
"Sanliurfa",37.1674,38.7955,2025,10,20.64,NA
"Sanliurfa",37.1674,38.7955,2025,11,NA,19.5
"Sanliurfa",37.1674,38.7955,2025,11,14.72,NA
"Sanliurfa",37.1674,38.7955,2025,12,NA,81.84
"Sanliurfa",37.1674,38.7955,2025,12,7.01,NA
"Siirt",37.9326,41.9403,1981,1,NA,67.27
"Siirt",37.9326,41.9403,1981,1,1.79,NA
"Siirt",37.9326,41.9403,1981,2,NA,60.48
"Siirt",37.9326,41.9403,1981,2,3.44,NA
"Siirt",37.9326,41.9403,1981,3,NA,79.05
"Siirt",37.9326,41.9403,1981,3,7.53,NA
"Siirt",37.9326,41.9403,1981,4,NA,50.7
"Siirt",37.9326,41.9403,1981,4,10.59,NA
"Siirt",37.9326,41.9403,1981,5,NA,35.03
"Siirt",37.9326,41.9403,1981,5,15.23,NA
"Siirt",37.9326,41.9403,1981,6,NA,16.2
"Siirt",37.9326,41.9403,1981,6,23.66,NA
"Siirt",37.9326,41.9403,1981,7,NA,2.79
"Siirt",37.9326,41.9403,1981,7,30.2,NA
"Siirt",37.9326,41.9403,1981,8,NA,5.58
"Siirt",37.9326,41.9403,1981,8,28.79,NA
"Siirt",37.9326,41.9403,1981,9,NA,0.6
"Siirt",37.9326,41.9403,1981,9,24.75,NA
"Siirt",37.9326,41.9403,1981,10,NA,10.54
"Siirt",37.9326,41.9403,1981,10,17.97,NA
"Siirt",37.9326,41.9403,1981,11,NA,65.1
"Siirt",37.9326,41.9403,1981,11,6.54,NA
"Siirt",37.9326,41.9403,1981,12,NA,55.8
"Siirt",37.9326,41.9403,1981,12,4.58,NA
"Siirt",37.9326,41.9403,1982,1,NA,38.13
"Siirt",37.9326,41.9403,1982,1,0.91,NA
"Siirt",37.9326,41.9403,1982,2,NA,36.4
"Siirt",37.9326,41.9403,1982,2,-0.26,NA
"Siirt",37.9326,41.9403,1982,3,NA,56.42
"Siirt",37.9326,41.9403,1982,3,4.97,NA
"Siirt",37.9326,41.9403,1982,4,NA,89.1
"Siirt",37.9326,41.9403,1982,4,12.72,NA
"Siirt",37.9326,41.9403,1982,5,NA,77.19
"Siirt",37.9326,41.9403,1982,5,17.88,NA
"Siirt",37.9326,41.9403,1982,6,NA,17.1
"Siirt",37.9326,41.9403,1982,6,23.34,NA
"Siirt",37.9326,41.9403,1982,7,NA,12.09
"Siirt",37.9326,41.9403,1982,7,27.3,NA
"Siirt",37.9326,41.9403,1982,8,NA,0
"Siirt",37.9326,41.9403,1982,8,27.51,NA
"Siirt",37.9326,41.9403,1982,9,NA,3.3
"Siirt",37.9326,41.9403,1982,9,24.35,NA
"Siirt",37.9326,41.9403,1982,10,NA,42.78
"Siirt",37.9326,41.9403,1982,10,14.61,NA
"Siirt",37.9326,41.9403,1982,11,NA,43.5
"Siirt",37.9326,41.9403,1982,11,5.89,NA
"Siirt",37.9326,41.9403,1982,12,NA,32.86
"Siirt",37.9326,41.9403,1982,12,0.59,NA
"Siirt",37.9326,41.9403,1983,1,NA,49.91
"Siirt",37.9326,41.9403,1983,1,-2.84,NA
"Siirt",37.9326,41.9403,1983,2,NA,51.24
"Siirt",37.9326,41.9403,1983,2,0.72,NA
"Siirt",37.9326,41.9403,1983,3,NA,35.03
"Siirt",37.9326,41.9403,1983,3,5.64,NA
"Siirt",37.9326,41.9403,1983,4,NA,21
"Siirt",37.9326,41.9403,1983,4,12.38,NA
"Siirt",37.9326,41.9403,1983,5,NA,52.39
"Siirt",37.9326,41.9403,1983,5,18.59,NA
"Siirt",37.9326,41.9403,1983,6,NA,23.7
"Siirt",37.9326,41.9403,1983,6,24.12,NA
"Siirt",37.9326,41.9403,1983,7,NA,3.72
"Siirt",37.9326,41.9403,1983,7,28.37,NA
"Siirt",37.9326,41.9403,1983,8,NA,4.96
"Siirt",37.9326,41.9403,1983,8,27.27,NA
"Siirt",37.9326,41.9403,1983,9,NA,0.9
"Siirt",37.9326,41.9403,1983,9,23.49,NA
"Siirt",37.9326,41.9403,1983,10,NA,6.2
"Siirt",37.9326,41.9403,1983,10,16,NA
"Siirt",37.9326,41.9403,1983,11,NA,81.6
"Siirt",37.9326,41.9403,1983,11,9.46,NA
"Siirt",37.9326,41.9403,1983,12,NA,18.6
"Siirt",37.9326,41.9403,1983,12,4.25,NA
"Siirt",37.9326,41.9403,1984,1,NA,32.86
"Siirt",37.9326,41.9403,1984,1,2.64,NA
"Siirt",37.9326,41.9403,1984,2,NA,19.43
"Siirt",37.9326,41.9403,1984,2,3.72,NA
"Siirt",37.9326,41.9403,1984,3,NA,49.91
"Siirt",37.9326,41.9403,1984,3,7.36,NA
"Siirt",37.9326,41.9403,1984,4,NA,30
"Siirt",37.9326,41.9403,1984,4,12.14,NA
"Siirt",37.9326,41.9403,1984,5,NA,42.16
"Siirt",37.9326,41.9403,1984,5,17.08,NA
"Siirt",37.9326,41.9403,1984,6,NA,0.6
"Siirt",37.9326,41.9403,1984,6,25.81,NA
"Siirt",37.9326,41.9403,1984,7,NA,1.24
"Siirt",37.9326,41.9403,1984,7,30.02,NA
"Siirt",37.9326,41.9403,1984,8,NA,0.31
"Siirt",37.9326,41.9403,1984,8,26.87,NA
"Siirt",37.9326,41.9403,1984,9,NA,0
"Siirt",37.9326,41.9403,1984,9,25.1,NA
"Siirt",37.9326,41.9403,1984,10,NA,38.75
"Siirt",37.9326,41.9403,1984,10,16.44,NA
"Siirt",37.9326,41.9403,1984,11,NA,70.8
"Siirt",37.9326,41.9403,1984,11,7.9,NA
"Siirt",37.9326,41.9403,1984,12,NA,23.25
"Siirt",37.9326,41.9403,1984,12,2.03,NA
"Siirt",37.9326,41.9403,1985,1,NA,62
"Siirt",37.9326,41.9403,1985,1,2.68,NA
"Siirt",37.9326,41.9403,1985,2,NA,87.64
"Siirt",37.9326,41.9403,1985,2,-1.27,NA
"Siirt",37.9326,41.9403,1985,3,NA,48.67
"Siirt",37.9326,41.9403,1985,3,4.18,NA
"Siirt",37.9326,41.9403,1985,4,NA,69.6
"Siirt",37.9326,41.9403,1985,4,12.93,NA
"Siirt",37.9326,41.9403,1985,5,NA,13.33
"Siirt",37.9326,41.9403,1985,5,20.33,NA
"Siirt",37.9326,41.9403,1985,6,NA,2.7
"Siirt",37.9326,41.9403,1985,6,25.36,NA
"Siirt",37.9326,41.9403,1985,7,NA,0
"Siirt",37.9326,41.9403,1985,7,28.18,NA
"Siirt",37.9326,41.9403,1985,8,NA,0.62
"Siirt",37.9326,41.9403,1985,8,29.51,NA
"Siirt",37.9326,41.9403,1985,9,NA,0.3
"Siirt",37.9326,41.9403,1985,9,23.71,NA
"Siirt",37.9326,41.9403,1985,10,NA,17.67
"Siirt",37.9326,41.9403,1985,10,14.97,NA
"Siirt",37.9326,41.9403,1985,11,NA,44.1
"Siirt",37.9326,41.9403,1985,11,11.24,NA
"Siirt",37.9326,41.9403,1985,12,NA,54.25
"Siirt",37.9326,41.9403,1985,12,3.04,NA
"Siirt",37.9326,41.9403,1986,1,NA,37.82
"Siirt",37.9326,41.9403,1986,1,1.65,NA
"Siirt",37.9326,41.9403,1986,2,NA,73.36
"Siirt",37.9326,41.9403,1986,2,3.73,NA
"Siirt",37.9326,41.9403,1986,3,NA,34.72
"Siirt",37.9326,41.9403,1986,3,7.98,NA
"Siirt",37.9326,41.9403,1986,4,NA,27.9
"Siirt",37.9326,41.9403,1986,4,14.15,NA
"Siirt",37.9326,41.9403,1986,5,NA,105.09
"Siirt",37.9326,41.9403,1986,5,15.64,NA
"Siirt",37.9326,41.9403,1986,6,NA,12.3
"Siirt",37.9326,41.9403,1986,6,23.28,NA
"Siirt",37.9326,41.9403,1986,7,NA,0.62
"Siirt",37.9326,41.9403,1986,7,30.5,NA
"Siirt",37.9326,41.9403,1986,8,NA,0.93
"Siirt",37.9326,41.9403,1986,8,29.93,NA
"Siirt",37.9326,41.9403,1986,9,NA,2.1
"Siirt",37.9326,41.9403,1986,9,26.31,NA
"Siirt",37.9326,41.9403,1986,10,NA,22.01
"Siirt",37.9326,41.9403,1986,10,17.12,NA
"Siirt",37.9326,41.9403,1986,11,NA,46.8
"Siirt",37.9326,41.9403,1986,11,6.95,NA
"Siirt",37.9326,41.9403,1986,12,NA,25.73
"Siirt",37.9326,41.9403,1986,12,1.65,NA
"Siirt",37.9326,41.9403,1987,1,NA,43.09
"Siirt",37.9326,41.9403,1987,1,2.22,NA
"Siirt",37.9326,41.9403,1987,2,NA,46.2
"Siirt",37.9326,41.9403,1987,2,5.08,NA
"Siirt",37.9326,41.9403,1987,3,NA,71.92
"Siirt",37.9326,41.9403,1987,3,3.36,NA
"Siirt",37.9326,41.9403,1987,4,NA,19.8
"Siirt",37.9326,41.9403,1987,4,10.55,NA
"Siirt",37.9326,41.9403,1987,5,NA,7.44
"Siirt",37.9326,41.9403,1987,5,19.49,NA
"Siirt",37.9326,41.9403,1987,6,NA,3
"Siirt",37.9326,41.9403,1987,6,25.32,NA
"Siirt",37.9326,41.9403,1987,7,NA,1.24
"Siirt",37.9326,41.9403,1987,7,29.63,NA
"Siirt",37.9326,41.9403,1987,8,NA,1.86
"Siirt",37.9326,41.9403,1987,8,27.94,NA
"Siirt",37.9326,41.9403,1987,9,NA,3.3
"Siirt",37.9326,41.9403,1987,9,24.19,NA
"Siirt",37.9326,41.9403,1987,10,NA,88.35
"Siirt",37.9326,41.9403,1987,10,14.48,NA
"Siirt",37.9326,41.9403,1987,11,NA,21.9
"Siirt",37.9326,41.9403,1987,11,7.81,NA
"Siirt",37.9326,41.9403,1987,12,NA,125.24
"Siirt",37.9326,41.9403,1987,12,2.5,NA
"Siirt",37.9326,41.9403,1988,1,NA,60.45
"Siirt",37.9326,41.9403,1988,1,0.24,NA
"Siirt",37.9326,41.9403,1988,2,NA,40.02
"Siirt",37.9326,41.9403,1988,2,2.38,NA
"Siirt",37.9326,41.9403,1988,3,NA,48.67
"Siirt",37.9326,41.9403,1988,3,5.38,NA
"Siirt",37.9326,41.9403,1988,4,NA,64.5
"Siirt",37.9326,41.9403,1988,4,11.93,NA
"Siirt",37.9326,41.9403,1988,5,NA,26.97
"Siirt",37.9326,41.9403,1988,5,18.08,NA
"Siirt",37.9326,41.9403,1988,6,NA,25.5
"Siirt",37.9326,41.9403,1988,6,23.65,NA
"Siirt",37.9326,41.9403,1988,7,NA,4.96
"Siirt",37.9326,41.9403,1988,7,29.16,NA
"Siirt",37.9326,41.9403,1988,8,NA,10.85
"Siirt",37.9326,41.9403,1988,8,28.32,NA
"Siirt",37.9326,41.9403,1988,9,NA,3.6
"Siirt",37.9326,41.9403,1988,9,23.39,NA
"Siirt",37.9326,41.9403,1988,10,NA,54.25
"Siirt",37.9326,41.9403,1988,10,16.22,NA
"Siirt",37.9326,41.9403,1988,11,NA,35.7
"Siirt",37.9326,41.9403,1988,11,5.44,NA
"Siirt",37.9326,41.9403,1988,12,NA,57.04
"Siirt",37.9326,41.9403,1988,12,2.16,NA
"Siirt",37.9326,41.9403,1989,1,NA,7.44
"Siirt",37.9326,41.9403,1989,1,-2.76,NA
"Siirt",37.9326,41.9403,1989,2,NA,17.92
"Siirt",37.9326,41.9403,1989,2,1.5,NA
"Siirt",37.9326,41.9403,1989,3,NA,70.37
"Siirt",37.9326,41.9403,1989,3,8.41,NA
"Siirt",37.9326,41.9403,1989,4,NA,6.9
"Siirt",37.9326,41.9403,1989,4,16.77,NA
"Siirt",37.9326,41.9403,1989,5,NA,15.19
"Siirt",37.9326,41.9403,1989,5,20.17,NA
"Siirt",37.9326,41.9403,1989,6,NA,3
"Siirt",37.9326,41.9403,1989,6,25.73,NA
"Siirt",37.9326,41.9403,1989,7,NA,0.31
"Siirt",37.9326,41.9403,1989,7,30.47,NA
"Siirt",37.9326,41.9403,1989,8,NA,0.93
"Siirt",37.9326,41.9403,1989,8,28.64,NA
"Siirt",37.9326,41.9403,1989,9,NA,3.6
"Siirt",37.9326,41.9403,1989,9,22.71,NA
"Siirt",37.9326,41.9403,1989,10,NA,37.51
"Siirt",37.9326,41.9403,1989,10,15.47,NA
"Siirt",37.9326,41.9403,1989,11,NA,65.7
"Siirt",37.9326,41.9403,1989,11,7.44,NA
"Siirt",37.9326,41.9403,1989,12,NA,49.6
"Siirt",37.9326,41.9403,1989,12,2.64,NA
"Siirt",37.9326,41.9403,1990,1,NA,49.29
"Siirt",37.9326,41.9403,1990,1,-0.88,NA
"Siirt",37.9326,41.9403,1990,2,NA,83.44
"Siirt",37.9326,41.9403,1990,2,1.78,NA
"Siirt",37.9326,41.9403,1990,3,NA,17.98
"Siirt",37.9326,41.9403,1990,3,7.62,NA
"Siirt",37.9326,41.9403,1990,4,NA,80.7
"Siirt",37.9326,41.9403,1990,4,11.07,NA
"Siirt",37.9326,41.9403,1990,5,NA,6.51
"Siirt",37.9326,41.9403,1990,5,18.35,NA
"Siirt",37.9326,41.9403,1990,6,NA,11.4
"Siirt",37.9326,41.9403,1990,6,25.04,NA
"Siirt",37.9326,41.9403,1990,7,NA,0.62
"Siirt",37.9326,41.9403,1990,7,30.42,NA
"Siirt",37.9326,41.9403,1990,8,NA,0
"Siirt",37.9326,41.9403,1990,8,28.45,NA
"Siirt",37.9326,41.9403,1990,9,NA,3.3
"Siirt",37.9326,41.9403,1990,9,23.75,NA
"Siirt",37.9326,41.9403,1990,10,NA,7.13
"Siirt",37.9326,41.9403,1990,10,17.04,NA
"Siirt",37.9326,41.9403,1990,11,NA,23.4
"Siirt",37.9326,41.9403,1990,11,10.78,NA
"Siirt",37.9326,41.9403,1990,12,NA,32.24
"Siirt",37.9326,41.9403,1990,12,4.48,NA
"Siirt",37.9326,41.9403,1991,1,NA,41.54
"Siirt",37.9326,41.9403,1991,1,1.59,NA
"Siirt",37.9326,41.9403,1991,2,NA,54.32
"Siirt",37.9326,41.9403,1991,2,1.02,NA
"Siirt",37.9326,41.9403,1991,3,NA,115.32
"Siirt",37.9326,41.9403,1991,3,7.58,NA
"Siirt",37.9326,41.9403,1991,4,NA,25.5
"Siirt",37.9326,41.9403,1991,4,13.18,NA
"Siirt",37.9326,41.9403,1991,5,NA,46.5
"Siirt",37.9326,41.9403,1991,5,16.84,NA
"Siirt",37.9326,41.9403,1991,6,NA,3.6
"Siirt",37.9326,41.9403,1991,6,25.54,NA
"Siirt",37.9326,41.9403,1991,7,NA,1.55
"Siirt",37.9326,41.9403,1991,7,30.06,NA
"Siirt",37.9326,41.9403,1991,8,NA,0.31
"Siirt",37.9326,41.9403,1991,8,29.6,NA
"Siirt",37.9326,41.9403,1991,9,NA,0.3
"Siirt",37.9326,41.9403,1991,9,23.67,NA
"Siirt",37.9326,41.9403,1991,10,NA,36.27
"Siirt",37.9326,41.9403,1991,10,16.97,NA
"Siirt",37.9326,41.9403,1991,11,NA,48.9
"Siirt",37.9326,41.9403,1991,11,9.2,NA
"Siirt",37.9326,41.9403,1991,12,NA,81.84
"Siirt",37.9326,41.9403,1991,12,1.44,NA
"Siirt",37.9326,41.9403,1992,1,NA,62.62
"Siirt",37.9326,41.9403,1992,1,-3.54,NA
"Siirt",37.9326,41.9403,1992,2,NA,113.68
"Siirt",37.9326,41.9403,1992,2,-3.46,NA
"Siirt",37.9326,41.9403,1992,3,NA,24.18
"Siirt",37.9326,41.9403,1992,3,2.56,NA
"Siirt",37.9326,41.9403,1992,4,NA,30.9
"Siirt",37.9326,41.9403,1992,4,10.95,NA
"Siirt",37.9326,41.9403,1992,5,NA,45.26
"Siirt",37.9326,41.9403,1992,5,16.12,NA
"Siirt",37.9326,41.9403,1992,6,NA,21.3
"Siirt",37.9326,41.9403,1992,6,22.38,NA
"Siirt",37.9326,41.9403,1992,7,NA,1.86
"Siirt",37.9326,41.9403,1992,7,27.33,NA
"Siirt",37.9326,41.9403,1992,8,NA,0.31
"Siirt",37.9326,41.9403,1992,8,27.96,NA
"Siirt",37.9326,41.9403,1992,9,NA,8.4
"Siirt",37.9326,41.9403,1992,9,22.8,NA
"Siirt",37.9326,41.9403,1992,10,NA,3.1
"Siirt",37.9326,41.9403,1992,10,17.14,NA
"Siirt",37.9326,41.9403,1992,11,NA,77.7
"Siirt",37.9326,41.9403,1992,11,6.87,NA
"Siirt",37.9326,41.9403,1992,12,NA,30.38
"Siirt",37.9326,41.9403,1992,12,0.19,NA
"Siirt",37.9326,41.9403,1993,1,NA,42.78
"Siirt",37.9326,41.9403,1993,1,-0.46,NA
"Siirt",37.9326,41.9403,1993,2,NA,70
"Siirt",37.9326,41.9403,1993,2,-0.16,NA
"Siirt",37.9326,41.9403,1993,3,NA,43.09
"Siirt",37.9326,41.9403,1993,3,5.28,NA
"Siirt",37.9326,41.9403,1993,4,NA,65.1
"Siirt",37.9326,41.9403,1993,4,11.44,NA
"Siirt",37.9326,41.9403,1993,5,NA,80.6
"Siirt",37.9326,41.9403,1993,5,15.67,NA
"Siirt",37.9326,41.9403,1993,6,NA,12.3
"Siirt",37.9326,41.9403,1993,6,22.97,NA
"Siirt",37.9326,41.9403,1993,7,NA,0.62
"Siirt",37.9326,41.9403,1993,7,29.62,NA
"Siirt",37.9326,41.9403,1993,8,NA,1.86
"Siirt",37.9326,41.9403,1993,8,28.63,NA
"Siirt",37.9326,41.9403,1993,9,NA,0.3
"Siirt",37.9326,41.9403,1993,9,24.8,NA
"Siirt",37.9326,41.9403,1993,10,NA,25.73
"Siirt",37.9326,41.9403,1993,10,17.89,NA
"Siirt",37.9326,41.9403,1993,11,NA,72
"Siirt",37.9326,41.9403,1993,11,5.76,NA
"Siirt",37.9326,41.9403,1993,12,NA,8.99
"Siirt",37.9326,41.9403,1993,12,4.77,NA
"Siirt",37.9326,41.9403,1994,1,NA,104.78
"Siirt",37.9326,41.9403,1994,1,3.91,NA
"Siirt",37.9326,41.9403,1994,2,NA,45.92
"Siirt",37.9326,41.9403,1994,2,2.58,NA
"Siirt",37.9326,41.9403,1994,3,NA,57.35
"Siirt",37.9326,41.9403,1994,3,7.66,NA
"Siirt",37.9326,41.9403,1994,4,NA,54
"Siirt",37.9326,41.9403,1994,4,15.02,NA
"Siirt",37.9326,41.9403,1994,5,NA,38.44
"Siirt",37.9326,41.9403,1994,5,18.77,NA
"Siirt",37.9326,41.9403,1994,6,NA,9.3
"Siirt",37.9326,41.9403,1994,6,25.27,NA
"Siirt",37.9326,41.9403,1994,7,NA,0.31
"Siirt",37.9326,41.9403,1994,7,29.99,NA
"Siirt",37.9326,41.9403,1994,8,NA,0.31
"Siirt",37.9326,41.9403,1994,8,28.86,NA
"Siirt",37.9326,41.9403,1994,9,NA,10.5
"Siirt",37.9326,41.9403,1994,9,24.74,NA
"Siirt",37.9326,41.9403,1994,10,NA,32.24
"Siirt",37.9326,41.9403,1994,10,17.45,NA
"Siirt",37.9326,41.9403,1994,11,NA,77.4
"Siirt",37.9326,41.9403,1994,11,7.86,NA
"Siirt",37.9326,41.9403,1994,12,NA,96.1
"Siirt",37.9326,41.9403,1994,12,-2.31,NA
"Siirt",37.9326,41.9403,1995,1,NA,66.96
"Siirt",37.9326,41.9403,1995,1,2.26,NA
"Siirt",37.9326,41.9403,1995,2,NA,38.92
"Siirt",37.9326,41.9403,1995,2,4.44,NA
"Siirt",37.9326,41.9403,1995,3,NA,46.5
"Siirt",37.9326,41.9403,1995,3,7.83,NA
"Siirt",37.9326,41.9403,1995,4,NA,49.8
"Siirt",37.9326,41.9403,1995,4,11.35,NA
"Siirt",37.9326,41.9403,1995,5,NA,17.67
"Siirt",37.9326,41.9403,1995,5,19.49,NA
"Siirt",37.9326,41.9403,1995,6,NA,22.8
"Siirt",37.9326,41.9403,1995,6,24.8,NA
"Siirt",37.9326,41.9403,1995,7,NA,1.55
"Siirt",37.9326,41.9403,1995,7,28.52,NA
"Siirt",37.9326,41.9403,1995,8,NA,0.93
"Siirt",37.9326,41.9403,1995,8,29.22,NA
"Siirt",37.9326,41.9403,1995,9,NA,33.6
"Siirt",37.9326,41.9403,1995,9,23.38,NA
"Siirt",37.9326,41.9403,1995,10,NA,15.81
"Siirt",37.9326,41.9403,1995,10,15.4,NA
"Siirt",37.9326,41.9403,1995,11,NA,28.2
"Siirt",37.9326,41.9403,1995,11,7.47,NA
"Siirt",37.9326,41.9403,1995,12,NA,5.27
"Siirt",37.9326,41.9403,1995,12,2.54,NA
"Siirt",37.9326,41.9403,1996,1,NA,110.67
"Siirt",37.9326,41.9403,1996,1,1.4,NA
"Siirt",37.9326,41.9403,1996,2,NA,38.28
"Siirt",37.9326,41.9403,1996,2,3.73,NA
"Siirt",37.9326,41.9403,1996,3,NA,132.68
"Siirt",37.9326,41.9403,1996,3,5.95,NA
"Siirt",37.9326,41.9403,1996,4,NA,65.7
"Siirt",37.9326,41.9403,1996,4,10.56,NA
"Siirt",37.9326,41.9403,1996,5,NA,9.92
"Siirt",37.9326,41.9403,1996,5,20.19,NA
"Siirt",37.9326,41.9403,1996,6,NA,1.5
"Siirt",37.9326,41.9403,1996,6,24.27,NA
"Siirt",37.9326,41.9403,1996,7,NA,3.41
"Siirt",37.9326,41.9403,1996,7,31,NA
"Siirt",37.9326,41.9403,1996,8,NA,1.55
"Siirt",37.9326,41.9403,1996,8,29.1,NA
"Siirt",37.9326,41.9403,1996,9,NA,20.1
"Siirt",37.9326,41.9403,1996,9,22.34,NA
"Siirt",37.9326,41.9403,1996,10,NA,25.42
"Siirt",37.9326,41.9403,1996,10,15.44,NA
"Siirt",37.9326,41.9403,1996,11,NA,6.3
"Siirt",37.9326,41.9403,1996,11,9.88,NA
"Siirt",37.9326,41.9403,1996,12,NA,81.22
"Siirt",37.9326,41.9403,1996,12,5.26,NA
"Siirt",37.9326,41.9403,1997,1,NA,19.84
"Siirt",37.9326,41.9403,1997,1,2.58,NA
"Siirt",37.9326,41.9403,1997,2,NA,31.36
"Siirt",37.9326,41.9403,1997,2,0.42,NA
"Siirt",37.9326,41.9403,1997,3,NA,46.81
"Siirt",37.9326,41.9403,1997,3,3.73,NA
"Siirt",37.9326,41.9403,1997,4,NA,34.5
"Siirt",37.9326,41.9403,1997,4,10.57,NA
"Siirt",37.9326,41.9403,1997,5,NA,12.09
"Siirt",37.9326,41.9403,1997,5,19.36,NA
"Siirt",37.9326,41.9403,1997,6,NA,9.6
"Siirt",37.9326,41.9403,1997,6,25.36,NA
"Siirt",37.9326,41.9403,1997,7,NA,7.75
"Siirt",37.9326,41.9403,1997,7,28.26,NA
"Siirt",37.9326,41.9403,1997,8,NA,1.24
"Siirt",37.9326,41.9403,1997,8,27.75,NA
"Siirt",37.9326,41.9403,1997,9,NA,10.8
"Siirt",37.9326,41.9403,1997,9,21.64,NA
"Siirt",37.9326,41.9403,1997,10,NA,44.95
"Siirt",37.9326,41.9403,1997,10,16.21,NA
"Siirt",37.9326,41.9403,1997,11,NA,32.4
"Siirt",37.9326,41.9403,1997,11,9.41,NA
"Siirt",37.9326,41.9403,1997,12,NA,75.64
"Siirt",37.9326,41.9403,1997,12,2.87,NA
"Siirt",37.9326,41.9403,1998,1,NA,48.98
"Siirt",37.9326,41.9403,1998,1,-0.45,NA
"Siirt",37.9326,41.9403,1998,2,NA,38.92
"Siirt",37.9326,41.9403,1998,2,0.13,NA
"Siirt",37.9326,41.9403,1998,3,NA,96.1
"Siirt",37.9326,41.9403,1998,3,5.9,NA
"Siirt",37.9326,41.9403,1998,4,NA,82.5
"Siirt",37.9326,41.9403,1998,4,12.98,NA
"Siirt",37.9326,41.9403,1998,5,NA,78.12
"Siirt",37.9326,41.9403,1998,5,17.91,NA
"Siirt",37.9326,41.9403,1998,6,NA,15.9
"Siirt",37.9326,41.9403,1998,6,25.86,NA
"Siirt",37.9326,41.9403,1998,7,NA,13.33
"Siirt",37.9326,41.9403,1998,7,30.3,NA
"Siirt",37.9326,41.9403,1998,8,NA,0.93
"Siirt",37.9326,41.9403,1998,8,30,NA
"Siirt",37.9326,41.9403,1998,9,NA,7.2
"Siirt",37.9326,41.9403,1998,9,23.82,NA
"Siirt",37.9326,41.9403,1998,10,NA,0.93
"Siirt",37.9326,41.9403,1998,10,17.65,NA
"Siirt",37.9326,41.9403,1998,11,NA,15
"Siirt",37.9326,41.9403,1998,11,12.1,NA
"Siirt",37.9326,41.9403,1998,12,NA,98.89
"Siirt",37.9326,41.9403,1998,12,5.41,NA
"Siirt",37.9326,41.9403,1999,1,NA,22.94
"Siirt",37.9326,41.9403,1999,1,3.28,NA
"Siirt",37.9326,41.9403,1999,2,NA,69.72
"Siirt",37.9326,41.9403,1999,2,3.32,NA
"Siirt",37.9326,41.9403,1999,3,NA,137.64
"Siirt",37.9326,41.9403,1999,3,7.13,NA
"Siirt",37.9326,41.9403,1999,4,NA,71.4
"Siirt",37.9326,41.9403,1999,4,12.44,NA
"Siirt",37.9326,41.9403,1999,5,NA,14.57
"Siirt",37.9326,41.9403,1999,5,19.53,NA
"Siirt",37.9326,41.9403,1999,6,NA,8.7
"Siirt",37.9326,41.9403,1999,6,25.89,NA
"Siirt",37.9326,41.9403,1999,7,NA,3.1
"Siirt",37.9326,41.9403,1999,7,29.83,NA
"Siirt",37.9326,41.9403,1999,8,NA,4.03
"Siirt",37.9326,41.9403,1999,8,29.85,NA
"Siirt",37.9326,41.9403,1999,9,NA,6.9
"Siirt",37.9326,41.9403,1999,9,23.24,NA
"Siirt",37.9326,41.9403,1999,10,NA,24.49
"Siirt",37.9326,41.9403,1999,10,16.93,NA
"Siirt",37.9326,41.9403,1999,11,NA,12.3
"Siirt",37.9326,41.9403,1999,11,7.96,NA
"Siirt",37.9326,41.9403,1999,12,NA,44.33
"Siirt",37.9326,41.9403,1999,12,5.36,NA
"Siirt",37.9326,41.9403,2000,1,NA,88.35
"Siirt",37.9326,41.9403,2000,1,-0.99,NA
"Siirt",37.9326,41.9403,2000,2,NA,62.64
"Siirt",37.9326,41.9403,2000,2,1.04,NA
"Siirt",37.9326,41.9403,2000,3,NA,65.41
"Siirt",37.9326,41.9403,2000,3,5.02,NA
"Siirt",37.9326,41.9403,2000,4,NA,64.5
"Siirt",37.9326,41.9403,2000,4,13.6,NA
"Siirt",37.9326,41.9403,2000,5,NA,12.71
"Siirt",37.9326,41.9403,2000,5,18.93,NA
"Siirt",37.9326,41.9403,2000,6,NA,0.3
"Siirt",37.9326,41.9403,2000,6,25.65,NA
"Siirt",37.9326,41.9403,2000,7,NA,0
"Siirt",37.9326,41.9403,2000,7,32.13,NA
"Siirt",37.9326,41.9403,2000,8,NA,4.34
"Siirt",37.9326,41.9403,2000,8,28.51,NA
"Siirt",37.9326,41.9403,2000,9,NA,2.1
"Siirt",37.9326,41.9403,2000,9,23.35,NA
"Siirt",37.9326,41.9403,2000,10,NA,26.97
"Siirt",37.9326,41.9403,2000,10,15.85,NA
"Siirt",37.9326,41.9403,2000,11,NA,22.2
"Siirt",37.9326,41.9403,2000,11,8.96,NA
"Siirt",37.9326,41.9403,2000,12,NA,112.84
"Siirt",37.9326,41.9403,2000,12,2.27,NA
"Siirt",37.9326,41.9403,2001,1,NA,27.9
"Siirt",37.9326,41.9403,2001,1,2.63,NA
"Siirt",37.9326,41.9403,2001,2,NA,84.84
"Siirt",37.9326,41.9403,2001,2,3.06,NA
"Siirt",37.9326,41.9403,2001,3,NA,99.82
"Siirt",37.9326,41.9403,2001,3,10.33,NA
"Siirt",37.9326,41.9403,2001,4,NA,69.6
"Siirt",37.9326,41.9403,2001,4,13.13,NA
"Siirt",37.9326,41.9403,2001,5,NA,103.54
"Siirt",37.9326,41.9403,2001,5,16.35,NA
"Siirt",37.9326,41.9403,2001,6,NA,3.9
"Siirt",37.9326,41.9403,2001,6,24.46,NA
"Siirt",37.9326,41.9403,2001,7,NA,1.55
"Siirt",37.9326,41.9403,2001,7,30.05,NA
"Siirt",37.9326,41.9403,2001,8,NA,0.93
"Siirt",37.9326,41.9403,2001,8,29.51,NA
"Siirt",37.9326,41.9403,2001,9,NA,3.6
"Siirt",37.9326,41.9403,2001,9,24.56,NA
"Siirt",37.9326,41.9403,2001,10,NA,45.57
"Siirt",37.9326,41.9403,2001,10,16.42,NA
"Siirt",37.9326,41.9403,2001,11,NA,34.2
"Siirt",37.9326,41.9403,2001,11,7.09,NA
"Siirt",37.9326,41.9403,2001,12,NA,193.44
"Siirt",37.9326,41.9403,2001,12,2.57,NA
"Siirt",37.9326,41.9403,2002,1,NA,56.73
"Siirt",37.9326,41.9403,2002,1,-0.5,NA
"Siirt",37.9326,41.9403,2002,2,NA,55.44
"Siirt",37.9326,41.9403,2002,2,4.11,NA
"Siirt",37.9326,41.9403,2002,3,NA,111.91
"Siirt",37.9326,41.9403,2002,3,7.9,NA
"Siirt",37.9326,41.9403,2002,4,NA,123.9
"Siirt",37.9326,41.9403,2002,4,10.56,NA
"Siirt",37.9326,41.9403,2002,5,NA,22.32
"Siirt",37.9326,41.9403,2002,5,17.59,NA
"Siirt",37.9326,41.9403,2002,6,NA,4.5
"Siirt",37.9326,41.9403,2002,6,24.12,NA
"Siirt",37.9326,41.9403,2002,7,NA,4.34
"Siirt",37.9326,41.9403,2002,7,29.43,NA
"Siirt",37.9326,41.9403,2002,8,NA,0.31
"Siirt",37.9326,41.9403,2002,8,27.99,NA
"Siirt",37.9326,41.9403,2002,9,NA,6
"Siirt",37.9326,41.9403,2002,9,24.37,NA
"Siirt",37.9326,41.9403,2002,10,NA,30.38
"Siirt",37.9326,41.9403,2002,10,18.1,NA
"Siirt",37.9326,41.9403,2002,11,NA,45.9
"Siirt",37.9326,41.9403,2002,11,10.06,NA
"Siirt",37.9326,41.9403,2002,12,NA,128.03
"Siirt",37.9326,41.9403,2002,12,-1.43,NA
"Siirt",37.9326,41.9403,2003,1,NA,67.89
"Siirt",37.9326,41.9403,2003,1,1.16,NA
"Siirt",37.9326,41.9403,2003,2,NA,175.28
"Siirt",37.9326,41.9403,2003,2,-0.06,NA
"Siirt",37.9326,41.9403,2003,3,NA,160.27
"Siirt",37.9326,41.9403,2003,3,3.38,NA
"Siirt",37.9326,41.9403,2003,4,NA,97.8
"Siirt",37.9326,41.9403,2003,4,11.54,NA
"Siirt",37.9326,41.9403,2003,5,NA,13.95
"Siirt",37.9326,41.9403,2003,5,18.98,NA
"Siirt",37.9326,41.9403,2003,6,NA,30.6
"Siirt",37.9326,41.9403,2003,6,24.47,NA
"Siirt",37.9326,41.9403,2003,7,NA,1.24
"Siirt",37.9326,41.9403,2003,7,29.4,NA
"Siirt",37.9326,41.9403,2003,8,NA,0.93
"Siirt",37.9326,41.9403,2003,8,30.14,NA
"Siirt",37.9326,41.9403,2003,9,NA,4.2
"Siirt",37.9326,41.9403,2003,9,23.5,NA
"Siirt",37.9326,41.9403,2003,10,NA,42.16
"Siirt",37.9326,41.9403,2003,10,18.03,NA
"Siirt",37.9326,41.9403,2003,11,NA,69.6
"Siirt",37.9326,41.9403,2003,11,8.45,NA
"Siirt",37.9326,41.9403,2003,12,NA,97.65
"Siirt",37.9326,41.9403,2003,12,2.51,NA
"Siirt",37.9326,41.9403,2004,1,NA,115.32
"Siirt",37.9326,41.9403,2004,1,1.45,NA
"Siirt",37.9326,41.9403,2004,2,NA,102.95
"Siirt",37.9326,41.9403,2004,2,1.16,NA
"Siirt",37.9326,41.9403,2004,3,NA,31
"Siirt",37.9326,41.9403,2004,3,9.07,NA
"Siirt",37.9326,41.9403,2004,4,NA,85.8
"Siirt",37.9326,41.9403,2004,4,11.8,NA
"Siirt",37.9326,41.9403,2004,5,NA,90.83
"Siirt",37.9326,41.9403,2004,5,17.1,NA
"Siirt",37.9326,41.9403,2004,6,NA,2.4
"Siirt",37.9326,41.9403,2004,6,24.74,NA
"Siirt",37.9326,41.9403,2004,7,NA,0.31
"Siirt",37.9326,41.9403,2004,7,29.18,NA
"Siirt",37.9326,41.9403,2004,8,NA,0
"Siirt",37.9326,41.9403,2004,8,29.24,NA
"Siirt",37.9326,41.9403,2004,9,NA,0
"Siirt",37.9326,41.9403,2004,9,25.06,NA
"Siirt",37.9326,41.9403,2004,10,NA,22.01
"Siirt",37.9326,41.9403,2004,10,18.24,NA
"Siirt",37.9326,41.9403,2004,11,NA,186
"Siirt",37.9326,41.9403,2004,11,7,NA
"Siirt",37.9326,41.9403,2004,12,NA,20.15
"Siirt",37.9326,41.9403,2004,12,-0.47,NA
"Siirt",37.9326,41.9403,2005,1,NA,91.76
"Siirt",37.9326,41.9403,2005,1,0.32,NA
"Siirt",37.9326,41.9403,2005,2,NA,74.48
"Siirt",37.9326,41.9403,2005,2,1.64,NA
"Siirt",37.9326,41.9403,2005,3,NA,100.75
"Siirt",37.9326,41.9403,2005,3,5.87,NA
"Siirt",37.9326,41.9403,2005,4,NA,47.4
"Siirt",37.9326,41.9403,2005,4,13.23,NA
"Siirt",37.9326,41.9403,2005,5,NA,30.07
"Siirt",37.9326,41.9403,2005,5,18.68,NA
"Siirt",37.9326,41.9403,2005,6,NA,23.1
"Siirt",37.9326,41.9403,2005,6,24.13,NA
"Siirt",37.9326,41.9403,2005,7,NA,0.31
"Siirt",37.9326,41.9403,2005,7,31.04,NA
"Siirt",37.9326,41.9403,2005,8,NA,5.89
"Siirt",37.9326,41.9403,2005,8,30.05,NA
"Siirt",37.9326,41.9403,2005,9,NA,3.6
"Siirt",37.9326,41.9403,2005,9,23.79,NA
"Siirt",37.9326,41.9403,2005,10,NA,31
"Siirt",37.9326,41.9403,2005,10,15.98,NA
"Siirt",37.9326,41.9403,2005,11,NA,46.8
"Siirt",37.9326,41.9403,2005,11,8.74,NA
"Siirt",37.9326,41.9403,2005,12,NA,93.62
"Siirt",37.9326,41.9403,2005,12,5.34,NA
"Siirt",37.9326,41.9403,2006,1,NA,122.76
"Siirt",37.9326,41.9403,2006,1,-0.87,NA
"Siirt",37.9326,41.9403,2006,2,NA,111.16
"Siirt",37.9326,41.9403,2006,2,1.65,NA
"Siirt",37.9326,41.9403,2006,3,NA,73.16
"Siirt",37.9326,41.9403,2006,3,7.73,NA
"Siirt",37.9326,41.9403,2006,4,NA,93.3
"Siirt",37.9326,41.9403,2006,4,13.65,NA
"Siirt",37.9326,41.9403,2006,5,NA,23.25
"Siirt",37.9326,41.9403,2006,5,19.15,NA
"Siirt",37.9326,41.9403,2006,6,NA,0.3
"Siirt",37.9326,41.9403,2006,6,27.41,NA
"Siirt",37.9326,41.9403,2006,7,NA,4.65
"Siirt",37.9326,41.9403,2006,7,29.58,NA
"Siirt",37.9326,41.9403,2006,8,NA,0
"Siirt",37.9326,41.9403,2006,8,31.4,NA
"Siirt",37.9326,41.9403,2006,9,NA,1.5
"Siirt",37.9326,41.9403,2006,9,24.04,NA
"Siirt",37.9326,41.9403,2006,10,NA,169.57
"Siirt",37.9326,41.9403,2006,10,16.81,NA
"Siirt",37.9326,41.9403,2006,11,NA,79.5
"Siirt",37.9326,41.9403,2006,11,6.71,NA
"Siirt",37.9326,41.9403,2006,12,NA,27.28
"Siirt",37.9326,41.9403,2006,12,1.73,NA
"Siirt",37.9326,41.9403,2007,1,NA,35.96
"Siirt",37.9326,41.9403,2007,1,-0.21,NA
"Siirt",37.9326,41.9403,2007,2,NA,37.52
"Siirt",37.9326,41.9403,2007,2,3.04,NA
"Siirt",37.9326,41.9403,2007,3,NA,87.42
"Siirt",37.9326,41.9403,2007,3,6.84,NA
"Siirt",37.9326,41.9403,2007,4,NA,156.6
"Siirt",37.9326,41.9403,2007,4,9.12,NA
"Siirt",37.9326,41.9403,2007,5,NA,21.39
"Siirt",37.9326,41.9403,2007,5,19.95,NA
"Siirt",37.9326,41.9403,2007,6,NA,3.6
"Siirt",37.9326,41.9403,2007,6,25.23,NA
"Siirt",37.9326,41.9403,2007,7,NA,3.1
"Siirt",37.9326,41.9403,2007,7,29.89,NA
"Siirt",37.9326,41.9403,2007,8,NA,4.34
"Siirt",37.9326,41.9403,2007,8,29.83,NA
"Siirt",37.9326,41.9403,2007,9,NA,0
"Siirt",37.9326,41.9403,2007,9,25.54,NA
"Siirt",37.9326,41.9403,2007,10,NA,11.78
"Siirt",37.9326,41.9403,2007,10,18.91,NA
"Siirt",37.9326,41.9403,2007,11,NA,53.4
"Siirt",37.9326,41.9403,2007,11,8.48,NA
"Siirt",37.9326,41.9403,2007,12,NA,65.1
"Siirt",37.9326,41.9403,2007,12,2.65,NA
"Siirt",37.9326,41.9403,2008,1,NA,51.77
"Siirt",37.9326,41.9403,2008,1,-1.54,NA
"Siirt",37.9326,41.9403,2008,2,NA,60.32
"Siirt",37.9326,41.9403,2008,2,1.33,NA
"Siirt",37.9326,41.9403,2008,3,NA,40.3
"Siirt",37.9326,41.9403,2008,3,10.61,NA
"Siirt",37.9326,41.9403,2008,4,NA,26.7
"Siirt",37.9326,41.9403,2008,4,15.86,NA
"Siirt",37.9326,41.9403,2008,5,NA,31.31
"Siirt",37.9326,41.9403,2008,5,18.21,NA
"Siirt",37.9326,41.9403,2008,6,NA,5.4
"Siirt",37.9326,41.9403,2008,6,25.94,NA
"Siirt",37.9326,41.9403,2008,7,NA,1.55
"Siirt",37.9326,41.9403,2008,7,29.97,NA
"Siirt",37.9326,41.9403,2008,8,NA,6.2
"Siirt",37.9326,41.9403,2008,8,30.59,NA
"Siirt",37.9326,41.9403,2008,9,NA,43.2
"Siirt",37.9326,41.9403,2008,9,24.17,NA
"Siirt",37.9326,41.9403,2008,10,NA,35.65
"Siirt",37.9326,41.9403,2008,10,16.59,NA
"Siirt",37.9326,41.9403,2008,11,NA,24.3
"Siirt",37.9326,41.9403,2008,11,9.24,NA
"Siirt",37.9326,41.9403,2008,12,NA,62.93
"Siirt",37.9326,41.9403,2008,12,2.4,NA
"Siirt",37.9326,41.9403,2009,1,NA,24.49
"Siirt",37.9326,41.9403,2009,1,0.32,NA
"Siirt",37.9326,41.9403,2009,2,NA,104.16
"Siirt",37.9326,41.9403,2009,2,4.09,NA
"Siirt",37.9326,41.9403,2009,3,NA,97.34
"Siirt",37.9326,41.9403,2009,3,5.8,NA
"Siirt",37.9326,41.9403,2009,4,NA,72.3
"Siirt",37.9326,41.9403,2009,4,11.26,NA
"Siirt",37.9326,41.9403,2009,5,NA,13.33
"Siirt",37.9326,41.9403,2009,5,18.5,NA
"Siirt",37.9326,41.9403,2009,6,NA,11.4
"Siirt",37.9326,41.9403,2009,6,24.88,NA
"Siirt",37.9326,41.9403,2009,7,NA,2.48
"Siirt",37.9326,41.9403,2009,7,29.09,NA
"Siirt",37.9326,41.9403,2009,8,NA,0.93
"Siirt",37.9326,41.9403,2009,8,28.01,NA
"Siirt",37.9326,41.9403,2009,9,NA,11.7
"Siirt",37.9326,41.9403,2009,9,22.14,NA
"Siirt",37.9326,41.9403,2009,10,NA,63.55
"Siirt",37.9326,41.9403,2009,10,18.71,NA
"Siirt",37.9326,41.9403,2009,11,NA,134.1
"Siirt",37.9326,41.9403,2009,11,8.59,NA
"Siirt",37.9326,41.9403,2009,12,NA,103.23
"Siirt",37.9326,41.9403,2009,12,5.08,NA
"Siirt",37.9326,41.9403,2010,1,NA,116.56
"Siirt",37.9326,41.9403,2010,1,3.19,NA
"Siirt",37.9326,41.9403,2010,2,NA,42.84
"Siirt",37.9326,41.9403,2010,2,4.88,NA
"Siirt",37.9326,41.9403,2010,3,NA,42.78
"Siirt",37.9326,41.9403,2010,3,9.4,NA
"Siirt",37.9326,41.9403,2010,4,NA,61.5
"Siirt",37.9326,41.9403,2010,4,12.65,NA
"Siirt",37.9326,41.9403,2010,5,NA,40.92
"Siirt",37.9326,41.9403,2010,5,18.48,NA
"Siirt",37.9326,41.9403,2010,6,NA,30.3
"Siirt",37.9326,41.9403,2010,6,25.88,NA
"Siirt",37.9326,41.9403,2010,7,NA,0.62
"Siirt",37.9326,41.9403,2010,7,30.85,NA
"Siirt",37.9326,41.9403,2010,8,NA,0.93
"Siirt",37.9326,41.9403,2010,8,30.89,NA
"Siirt",37.9326,41.9403,2010,9,NA,1.2
"Siirt",37.9326,41.9403,2010,9,26.57,NA
"Siirt",37.9326,41.9403,2010,10,NA,42.47
"Siirt",37.9326,41.9403,2010,10,17.8,NA
"Siirt",37.9326,41.9403,2010,11,NA,0
"Siirt",37.9326,41.9403,2010,11,11.83,NA
"Siirt",37.9326,41.9403,2010,12,NA,39.37
"Siirt",37.9326,41.9403,2010,12,6.98,NA
"Siirt",37.9326,41.9403,2011,1,NA,60.76
"Siirt",37.9326,41.9403,2011,1,2.51,NA
"Siirt",37.9326,41.9403,2011,2,NA,68.88
"Siirt",37.9326,41.9403,2011,2,1.72,NA
"Siirt",37.9326,41.9403,2011,3,NA,41.54
"Siirt",37.9326,41.9403,2011,3,7.01,NA
"Siirt",37.9326,41.9403,2011,4,NA,206.4
"Siirt",37.9326,41.9403,2011,4,11.29,NA
"Siirt",37.9326,41.9403,2011,5,NA,63.86
"Siirt",37.9326,41.9403,2011,5,16.96,NA
"Siirt",37.9326,41.9403,2011,6,NA,13.8
"Siirt",37.9326,41.9403,2011,6,24.52,NA
"Siirt",37.9326,41.9403,2011,7,NA,3.1
"Siirt",37.9326,41.9403,2011,7,30.6,NA
"Siirt",37.9326,41.9403,2011,8,NA,0
"Siirt",37.9326,41.9403,2011,8,29.61,NA
"Siirt",37.9326,41.9403,2011,9,NA,13.2
"Siirt",37.9326,41.9403,2011,9,24.15,NA
"Siirt",37.9326,41.9403,2011,10,NA,35.96
"Siirt",37.9326,41.9403,2011,10,15.25,NA
"Siirt",37.9326,41.9403,2011,11,NA,40.5
"Siirt",37.9326,41.9403,2011,11,4.69,NA
"Siirt",37.9326,41.9403,2011,12,NA,38.44
"Siirt",37.9326,41.9403,2011,12,2.98,NA
"Siirt",37.9326,41.9403,2012,1,NA,77.5
"Siirt",37.9326,41.9403,2012,1,0.22,NA
"Siirt",37.9326,41.9403,2012,2,NA,136.59
"Siirt",37.9326,41.9403,2012,2,-1.18,NA
"Siirt",37.9326,41.9403,2012,3,NA,62.62
"Siirt",37.9326,41.9403,2012,3,2.37,NA
"Siirt",37.9326,41.9403,2012,4,NA,47.7
"Siirt",37.9326,41.9403,2012,4,13.76,NA
"Siirt",37.9326,41.9403,2012,5,NA,41.85
"Siirt",37.9326,41.9403,2012,5,19.17,NA
"Siirt",37.9326,41.9403,2012,6,NA,3.9
"Siirt",37.9326,41.9403,2012,6,26.09,NA
"Siirt",37.9326,41.9403,2012,7,NA,5.27
"Siirt",37.9326,41.9403,2012,7,30.21,NA
"Siirt",37.9326,41.9403,2012,8,NA,0.31
"Siirt",37.9326,41.9403,2012,8,29.99,NA
"Siirt",37.9326,41.9403,2012,9,NA,1.5
"Siirt",37.9326,41.9403,2012,9,25.08,NA
"Siirt",37.9326,41.9403,2012,10,NA,54.25
"Siirt",37.9326,41.9403,2012,10,17.98,NA
"Siirt",37.9326,41.9403,2012,11,NA,37.5
"Siirt",37.9326,41.9403,2012,11,10.92,NA
"Siirt",37.9326,41.9403,2012,12,NA,110.98
"Siirt",37.9326,41.9403,2012,12,2.96,NA
"Siirt",37.9326,41.9403,2013,1,NA,132.99
"Siirt",37.9326,41.9403,2013,1,-0.43,NA
"Siirt",37.9326,41.9403,2013,2,NA,72.24
"Siirt",37.9326,41.9403,2013,2,4.3,NA
"Siirt",37.9326,41.9403,2013,3,NA,73.78
"Siirt",37.9326,41.9403,2013,3,7.45,NA
"Siirt",37.9326,41.9403,2013,4,NA,47.7
"Siirt",37.9326,41.9403,2013,4,13.5,NA
"Siirt",37.9326,41.9403,2013,5,NA,75.95
"Siirt",37.9326,41.9403,2013,5,18.62,NA
"Siirt",37.9326,41.9403,2013,6,NA,8.1
"Siirt",37.9326,41.9403,2013,6,25.04,NA
"Siirt",37.9326,41.9403,2013,7,NA,0.31
"Siirt",37.9326,41.9403,2013,7,29.79,NA
"Siirt",37.9326,41.9403,2013,8,NA,0
"Siirt",37.9326,41.9403,2013,8,29.36,NA
"Siirt",37.9326,41.9403,2013,9,NA,4.5
"Siirt",37.9326,41.9403,2013,9,23.49,NA
"Siirt",37.9326,41.9403,2013,10,NA,17.67
"Siirt",37.9326,41.9403,2013,10,15.06,NA
"Siirt",37.9326,41.9403,2013,11,NA,53.4
"Siirt",37.9326,41.9403,2013,11,10.6,NA
"Siirt",37.9326,41.9403,2013,12,NA,52.08
"Siirt",37.9326,41.9403,2013,12,-0.69,NA
"Siirt",37.9326,41.9403,2014,1,NA,49.6
"Siirt",37.9326,41.9403,2014,1,2.12,NA
"Siirt",37.9326,41.9403,2014,2,NA,30.8
"Siirt",37.9326,41.9403,2014,2,4.47,NA
"Siirt",37.9326,41.9403,2014,3,NA,63.24
"Siirt",37.9326,41.9403,2014,3,9.06,NA
"Siirt",37.9326,41.9403,2014,4,NA,74.1
"Siirt",37.9326,41.9403,2014,4,13.82,NA
"Siirt",37.9326,41.9403,2014,5,NA,30.07
"Siirt",37.9326,41.9403,2014,5,19.74,NA
"Siirt",37.9326,41.9403,2014,6,NA,13.5
"Siirt",37.9326,41.9403,2014,6,25.13,NA
"Siirt",37.9326,41.9403,2014,7,NA,4.34
"Siirt",37.9326,41.9403,2014,7,30.58,NA
"Siirt",37.9326,41.9403,2014,8,NA,3.72
"Siirt",37.9326,41.9403,2014,8,30.54,NA
"Siirt",37.9326,41.9403,2014,9,NA,39.3
"Siirt",37.9326,41.9403,2014,9,24,NA
"Siirt",37.9326,41.9403,2014,10,NA,57.66
"Siirt",37.9326,41.9403,2014,10,15.77,NA
"Siirt",37.9326,41.9403,2014,11,NA,65.4
"Siirt",37.9326,41.9403,2014,11,7.59,NA
"Siirt",37.9326,41.9403,2014,12,NA,75.64
"Siirt",37.9326,41.9403,2014,12,4.79,NA
"Siirt",37.9326,41.9403,2015,1,NA,57.66
"Siirt",37.9326,41.9403,2015,1,1.37,NA
"Siirt",37.9326,41.9403,2015,2,NA,73.64
"Siirt",37.9326,41.9403,2015,2,3.43,NA
"Siirt",37.9326,41.9403,2015,3,NA,91.14
"Siirt",37.9326,41.9403,2015,3,7.07,NA
"Siirt",37.9326,41.9403,2015,4,NA,55.8
"Siirt",37.9326,41.9403,2015,4,11.42,NA
"Siirt",37.9326,41.9403,2015,5,NA,31.93
"Siirt",37.9326,41.9403,2015,5,18.48,NA
"Siirt",37.9326,41.9403,2015,6,NA,7.2
"Siirt",37.9326,41.9403,2015,6,25.76,NA
"Siirt",37.9326,41.9403,2015,7,NA,0.62
"Siirt",37.9326,41.9403,2015,7,31.26,NA
"Siirt",37.9326,41.9403,2015,8,NA,3.72
"Siirt",37.9326,41.9403,2015,8,30.7,NA
"Siirt",37.9326,41.9403,2015,9,NA,2.7
"Siirt",37.9326,41.9403,2015,9,26.86,NA
"Siirt",37.9326,41.9403,2015,10,NA,131.13
"Siirt",37.9326,41.9403,2015,10,17.53,NA
"Siirt",37.9326,41.9403,2015,11,NA,31.5
"Siirt",37.9326,41.9403,2015,11,8.69,NA
"Siirt",37.9326,41.9403,2015,12,NA,53.32
"Siirt",37.9326,41.9403,2015,12,2.78,NA
"Siirt",37.9326,41.9403,2016,1,NA,135.47
"Siirt",37.9326,41.9403,2016,1,-1.15,NA
"Siirt",37.9326,41.9403,2016,2,NA,43.21
"Siirt",37.9326,41.9403,2016,2,5.39,NA
"Siirt",37.9326,41.9403,2016,3,NA,101.99
"Siirt",37.9326,41.9403,2016,3,7.81,NA
"Siirt",37.9326,41.9403,2016,4,NA,57
"Siirt",37.9326,41.9403,2016,4,14.1,NA
"Siirt",37.9326,41.9403,2016,5,NA,49.29
"Siirt",37.9326,41.9403,2016,5,18.18,NA
"Siirt",37.9326,41.9403,2016,6,NA,19.5
"Siirt",37.9326,41.9403,2016,6,24.45,NA
"Siirt",37.9326,41.9403,2016,7,NA,4.03
"Siirt",37.9326,41.9403,2016,7,30.29,NA
"Siirt",37.9326,41.9403,2016,8,NA,0
"Siirt",37.9326,41.9403,2016,8,31.39,NA
"Siirt",37.9326,41.9403,2016,9,NA,10.2
"Siirt",37.9326,41.9403,2016,9,23.32,NA
"Siirt",37.9326,41.9403,2016,10,NA,30.07
"Siirt",37.9326,41.9403,2016,10,17.83,NA
"Siirt",37.9326,41.9403,2016,11,NA,47.4
"Siirt",37.9326,41.9403,2016,11,8.14,NA
"Siirt",37.9326,41.9403,2016,12,NA,97.34
"Siirt",37.9326,41.9403,2016,12,-0.38,NA
"Siirt",37.9326,41.9403,2017,1,NA,47.12
"Siirt",37.9326,41.9403,2017,1,0.09,NA
"Siirt",37.9326,41.9403,2017,2,NA,16.24
"Siirt",37.9326,41.9403,2017,2,0.55,NA
"Siirt",37.9326,41.9403,2017,3,NA,88.97
"Siirt",37.9326,41.9403,2017,3,7.36,NA
"Siirt",37.9326,41.9403,2017,4,NA,78.3
"Siirt",37.9326,41.9403,2017,4,12.17,NA
"Siirt",37.9326,41.9403,2017,5,NA,47.12
"Siirt",37.9326,41.9403,2017,5,18.2,NA
"Siirt",37.9326,41.9403,2017,6,NA,0.9
"Siirt",37.9326,41.9403,2017,6,25.65,NA
"Siirt",37.9326,41.9403,2017,7,NA,0.31
"Siirt",37.9326,41.9403,2017,7,31.63,NA
"Siirt",37.9326,41.9403,2017,8,NA,1.24
"Siirt",37.9326,41.9403,2017,8,30.79,NA
"Siirt",37.9326,41.9403,2017,9,NA,0
"Siirt",37.9326,41.9403,2017,9,26.77,NA
"Siirt",37.9326,41.9403,2017,10,NA,17.05
"Siirt",37.9326,41.9403,2017,10,16.43,NA
"Siirt",37.9326,41.9403,2017,11,NA,40.5
"Siirt",37.9326,41.9403,2017,11,9.09,NA
"Siirt",37.9326,41.9403,2017,12,NA,36.27
"Siirt",37.9326,41.9403,2017,12,6.11,NA
"Siirt",37.9326,41.9403,2018,1,NA,44.64
"Siirt",37.9326,41.9403,2018,1,2.94,NA
"Siirt",37.9326,41.9403,2018,2,NA,54.04
"Siirt",37.9326,41.9403,2018,2,6.26,NA
"Siirt",37.9326,41.9403,2018,3,NA,31.62
"Siirt",37.9326,41.9403,2018,3,10.88,NA
"Siirt",37.9326,41.9403,2018,4,NA,34.2
"Siirt",37.9326,41.9403,2018,4,15.13,NA
"Siirt",37.9326,41.9403,2018,5,NA,88.04
"Siirt",37.9326,41.9403,2018,5,19.19,NA
"Siirt",37.9326,41.9403,2018,6,NA,11.1
"Siirt",37.9326,41.9403,2018,6,25.91,NA
"Siirt",37.9326,41.9403,2018,7,NA,1.24
"Siirt",37.9326,41.9403,2018,7,31.08,NA
"Siirt",37.9326,41.9403,2018,8,NA,0.93
"Siirt",37.9326,41.9403,2018,8,30.48,NA
"Siirt",37.9326,41.9403,2018,9,NA,0.9
"Siirt",37.9326,41.9403,2018,9,26.13,NA
"Siirt",37.9326,41.9403,2018,10,NA,88.97
"Siirt",37.9326,41.9403,2018,10,18.4,NA
"Siirt",37.9326,41.9403,2018,11,NA,81.3
"Siirt",37.9326,41.9403,2018,11,9.35,NA
"Siirt",37.9326,41.9403,2018,12,NA,135.78
"Siirt",37.9326,41.9403,2018,12,3.98,NA
"Siirt",37.9326,41.9403,2019,1,NA,69.44
"Siirt",37.9326,41.9403,2019,1,0.62,NA
"Siirt",37.9326,41.9403,2019,2,NA,78.68
"Siirt",37.9326,41.9403,2019,2,3.45,NA
"Siirt",37.9326,41.9403,2019,3,NA,130.51
"Siirt",37.9326,41.9403,2019,3,5.91,NA
"Siirt",37.9326,41.9403,2019,4,NA,109.2
"Siirt",37.9326,41.9403,2019,4,10.17,NA
"Siirt",37.9326,41.9403,2019,5,NA,46.5
"Siirt",37.9326,41.9403,2019,5,19.1,NA
"Siirt",37.9326,41.9403,2019,6,NA,2.4
"Siirt",37.9326,41.9403,2019,6,27.12,NA
"Siirt",37.9326,41.9403,2019,7,NA,0.31
"Siirt",37.9326,41.9403,2019,7,29.51,NA
"Siirt",37.9326,41.9403,2019,8,NA,2.17
"Siirt",37.9326,41.9403,2019,8,30.61,NA
"Siirt",37.9326,41.9403,2019,9,NA,0.3
"Siirt",37.9326,41.9403,2019,9,24.61,NA
"Siirt",37.9326,41.9403,2019,10,NA,24.49
"Siirt",37.9326,41.9403,2019,10,19.51,NA
"Siirt",37.9326,41.9403,2019,11,NA,32.1
"Siirt",37.9326,41.9403,2019,11,9.67,NA
"Siirt",37.9326,41.9403,2019,12,NA,66.03
"Siirt",37.9326,41.9403,2019,12,4.98,NA
"Siirt",37.9326,41.9403,2020,1,NA,68.51
"Siirt",37.9326,41.9403,2020,1,1.39,NA
"Siirt",37.9326,41.9403,2020,2,NA,73.66
"Siirt",37.9326,41.9403,2020,2,1.4,NA
"Siirt",37.9326,41.9403,2020,3,NA,143.53
"Siirt",37.9326,41.9403,2020,3,9.02,NA
"Siirt",37.9326,41.9403,2020,4,NA,111.6
"Siirt",37.9326,41.9403,2020,4,11.84,NA
"Siirt",37.9326,41.9403,2020,5,NA,57.04
"Siirt",37.9326,41.9403,2020,5,18.02,NA
"Siirt",37.9326,41.9403,2020,6,NA,5.7
"Siirt",37.9326,41.9403,2020,6,24.75,NA
"Siirt",37.9326,41.9403,2020,7,NA,5.27
"Siirt",37.9326,41.9403,2020,7,30.59,NA
"Siirt",37.9326,41.9403,2020,8,NA,2.79
"Siirt",37.9326,41.9403,2020,8,29.08,NA
"Siirt",37.9326,41.9403,2020,9,NA,0.3
"Siirt",37.9326,41.9403,2020,9,27.34,NA
"Siirt",37.9326,41.9403,2020,10,NA,0.31
"Siirt",37.9326,41.9403,2020,10,20.28,NA
"Siirt",37.9326,41.9403,2020,11,NA,40.8
"Siirt",37.9326,41.9403,2020,11,9.64,NA
"Siirt",37.9326,41.9403,2020,12,NA,33.79
"Siirt",37.9326,41.9403,2020,12,4.03,NA
"Siirt",37.9326,41.9403,2021,1,NA,73.78
"Siirt",37.9326,41.9403,2021,1,2.76,NA
"Siirt",37.9326,41.9403,2021,2,NA,35.84
"Siirt",37.9326,41.9403,2021,2,5.03,NA
"Siirt",37.9326,41.9403,2021,3,NA,95.17
"Siirt",37.9326,41.9403,2021,3,6.86,NA
"Siirt",37.9326,41.9403,2021,4,NA,11.1
"Siirt",37.9326,41.9403,2021,4,15.58,NA
"Siirt",37.9326,41.9403,2021,5,NA,6.82
"Siirt",37.9326,41.9403,2021,5,22.3,NA
"Siirt",37.9326,41.9403,2021,6,NA,0
"Siirt",37.9326,41.9403,2021,6,27.14,NA
"Siirt",37.9326,41.9403,2021,7,NA,0.62
"Siirt",37.9326,41.9403,2021,7,31.46,NA
"Siirt",37.9326,41.9403,2021,8,NA,4.65
"Siirt",37.9326,41.9403,2021,8,30.28,NA
"Siirt",37.9326,41.9403,2021,9,NA,4.5
"Siirt",37.9326,41.9403,2021,9,24.17,NA
"Siirt",37.9326,41.9403,2021,10,NA,22.63
"Siirt",37.9326,41.9403,2021,10,17.73,NA
"Siirt",37.9326,41.9403,2021,11,NA,22.2
"Siirt",37.9326,41.9403,2021,11,10.91,NA
"Siirt",37.9326,41.9403,2021,12,NA,37.2
"Siirt",37.9326,41.9403,2021,12,4.48,NA
"Siirt",37.9326,41.9403,2022,1,NA,75.64
"Siirt",37.9326,41.9403,2022,1,-0.46,NA
"Siirt",37.9326,41.9403,2022,2,NA,34.72
"Siirt",37.9326,41.9403,2022,2,4.67,NA
"Siirt",37.9326,41.9403,2022,3,NA,117.49
"Siirt",37.9326,41.9403,2022,3,3.83,NA
"Siirt",37.9326,41.9403,2022,4,NA,13.8
"Siirt",37.9326,41.9403,2022,4,14.62,NA
"Siirt",37.9326,41.9403,2022,5,NA,50.53
"Siirt",37.9326,41.9403,2022,5,17.31,NA
"Siirt",37.9326,41.9403,2022,6,NA,4.2
"Siirt",37.9326,41.9403,2022,6,26.86,NA
"Siirt",37.9326,41.9403,2022,7,NA,0.31
"Siirt",37.9326,41.9403,2022,7,30.8,NA
"Siirt",37.9326,41.9403,2022,8,NA,0
"Siirt",37.9326,41.9403,2022,8,31.2,NA
"Siirt",37.9326,41.9403,2022,9,NA,2.7
"Siirt",37.9326,41.9403,2022,9,26.13,NA
"Siirt",37.9326,41.9403,2022,10,NA,36.27
"Siirt",37.9326,41.9403,2022,10,18.98,NA
"Siirt",37.9326,41.9403,2022,11,NA,75.3
"Siirt",37.9326,41.9403,2022,11,10.19,NA
"Siirt",37.9326,41.9403,2022,12,NA,3.41
"Siirt",37.9326,41.9403,2022,12,5.72,NA
"Siirt",37.9326,41.9403,2023,1,NA,43.4
"Siirt",37.9326,41.9403,2023,1,3.48,NA
"Siirt",37.9326,41.9403,2023,2,NA,64.96
"Siirt",37.9326,41.9403,2023,2,0.61,NA
"Siirt",37.9326,41.9403,2023,3,NA,70.68
"Siirt",37.9326,41.9403,2023,3,9.53,NA
"Siirt",37.9326,41.9403,2023,4,NA,65.1
"Siirt",37.9326,41.9403,2023,4,12.77,NA
"Siirt",37.9326,41.9403,2023,5,NA,35.34
"Siirt",37.9326,41.9403,2023,5,18.49,NA
"Siirt",37.9326,41.9403,2023,6,NA,2.4
"Siirt",37.9326,41.9403,2023,6,25.82,NA
"Siirt",37.9326,41.9403,2023,7,NA,0.62
"Siirt",37.9326,41.9403,2023,7,31.28,NA
"Siirt",37.9326,41.9403,2023,8,NA,4.34
"Siirt",37.9326,41.9403,2023,8,31.97,NA
"Siirt",37.9326,41.9403,2023,9,NA,9.3
"Siirt",37.9326,41.9403,2023,9,26.29,NA
"Siirt",37.9326,41.9403,2023,10,NA,44.33
"Siirt",37.9326,41.9403,2023,10,17.69,NA
"Siirt",37.9326,41.9403,2023,11,NA,108.9
"Siirt",37.9326,41.9403,2023,11,10.9,NA
"Siirt",37.9326,41.9403,2023,12,NA,72.23
"Siirt",37.9326,41.9403,2023,12,6.43,NA
"Siirt",37.9326,41.9403,2024,1,NA,131.13
"Siirt",37.9326,41.9403,2024,1,2.95,NA
"Siirt",37.9326,41.9403,2024,2,NA,40.31
"Siirt",37.9326,41.9403,2024,2,4.63,NA
"Siirt",37.9326,41.9403,2024,3,NA,137.64
"Siirt",37.9326,41.9403,2024,3,7.14,NA
"Siirt",37.9326,41.9403,2024,4,NA,42
"Siirt",37.9326,41.9403,2024,4,17.21,NA
"Siirt",37.9326,41.9403,2024,5,NA,67.89
"Siirt",37.9326,41.9403,2024,5,18.37,NA
"Siirt",37.9326,41.9403,2024,6,NA,4.2
"Siirt",37.9326,41.9403,2024,6,28.06,NA
"Siirt",37.9326,41.9403,2024,7,NA,2.48
"Siirt",37.9326,41.9403,2024,7,31.61,NA
"Siirt",37.9326,41.9403,2024,8,NA,0.31
"Siirt",37.9326,41.9403,2024,8,31.57,NA
"Siirt",37.9326,41.9403,2024,9,NA,14.4
"Siirt",37.9326,41.9403,2024,9,25.79,NA
"Siirt",37.9326,41.9403,2024,10,NA,16.12
"Siirt",37.9326,41.9403,2024,10,17.15,NA
"Siirt",37.9326,41.9403,2024,11,NA,57
"Siirt",37.9326,41.9403,2024,11,9.09,NA
"Siirt",37.9326,41.9403,2024,12,NA,34.72
"Siirt",37.9326,41.9403,2024,12,4.17,NA
"Siirt",37.9326,41.9403,2025,1,NA,10.23
"Siirt",37.9326,41.9403,2025,1,3.52,NA
"Siirt",37.9326,41.9403,2025,2,NA,46.2
"Siirt",37.9326,41.9403,2025,2,1.48,NA
"Siirt",37.9326,41.9403,2025,3,NA,53.94
"Siirt",37.9326,41.9403,2025,3,10.03,NA
"Siirt",37.9326,41.9403,2025,4,NA,81.9
"Siirt",37.9326,41.9403,2025,4,13.59,NA
"Siirt",37.9326,41.9403,2025,5,NA,32.86
"Siirt",37.9326,41.9403,2025,5,20.88,NA
"Siirt",37.9326,41.9403,2025,6,NA,5.7
"Siirt",37.9326,41.9403,2025,6,26.68,NA
"Siirt",37.9326,41.9403,2025,7,NA,0.93
"Siirt",37.9326,41.9403,2025,7,31.76,NA
"Siirt",37.9326,41.9403,2025,8,NA,0.31
"Siirt",37.9326,41.9403,2025,8,31.49,NA
"Siirt",37.9326,41.9403,2025,9,NA,0.9
"Siirt",37.9326,41.9403,2025,9,24.82,NA
"Siirt",37.9326,41.9403,2025,10,NA,22.63
"Siirt",37.9326,41.9403,2025,10,17.95,NA
"Siirt",37.9326,41.9403,2025,11,NA,54.9
"Siirt",37.9326,41.9403,2025,11,12.3,NA
"Siirt",37.9326,41.9403,2025,12,NA,98.27
"Siirt",37.9326,41.9403,2025,12,4.04,NA
"Sirnak",37.5164,42.461,1981,1,NA,63.24
"Sirnak",37.5164,42.461,1981,1,1.13,NA
"Sirnak",37.5164,42.461,1981,2,NA,62.72
"Sirnak",37.5164,42.461,1981,2,2.78,NA
"Sirnak",37.5164,42.461,1981,3,NA,69.44
"Sirnak",37.5164,42.461,1981,3,6.99,NA
"Sirnak",37.5164,42.461,1981,4,NA,48.9
"Sirnak",37.5164,42.461,1981,4,9.96,NA
"Sirnak",37.5164,42.461,1981,5,NA,20.77
"Sirnak",37.5164,42.461,1981,5,14.74,NA
"Sirnak",37.5164,42.461,1981,6,NA,13.2
"Sirnak",37.5164,42.461,1981,6,23.51,NA
"Sirnak",37.5164,42.461,1981,7,NA,0.62
"Sirnak",37.5164,42.461,1981,7,29.9,NA
"Sirnak",37.5164,42.461,1981,8,NA,8.37
"Sirnak",37.5164,42.461,1981,8,28.26,NA
"Sirnak",37.5164,42.461,1981,9,NA,0
"Sirnak",37.5164,42.461,1981,9,24.41,NA
"Sirnak",37.5164,42.461,1981,10,NA,4.96
"Sirnak",37.5164,42.461,1981,10,17.63,NA
"Sirnak",37.5164,42.461,1981,11,NA,67.5
"Sirnak",37.5164,42.461,1981,11,6.29,NA
"Sirnak",37.5164,42.461,1981,12,NA,58.59
"Sirnak",37.5164,42.461,1981,12,4.15,NA
"Sirnak",37.5164,42.461,1982,1,NA,31
"Sirnak",37.5164,42.461,1982,1,0.86,NA
"Sirnak",37.5164,42.461,1982,2,NA,37.8
"Sirnak",37.5164,42.461,1982,2,-0.9,NA
"Sirnak",37.5164,42.461,1982,3,NA,35.34
"Sirnak",37.5164,42.461,1982,3,4.21,NA
"Sirnak",37.5164,42.461,1982,4,NA,69.3
"Sirnak",37.5164,42.461,1982,4,12.17,NA
"Sirnak",37.5164,42.461,1982,5,NA,46.5
"Sirnak",37.5164,42.461,1982,5,17.54,NA
"Sirnak",37.5164,42.461,1982,6,NA,5.1
"Sirnak",37.5164,42.461,1982,6,23.97,NA
"Sirnak",37.5164,42.461,1982,7,NA,7.75
"Sirnak",37.5164,42.461,1982,7,26.99,NA
"Sirnak",37.5164,42.461,1982,8,NA,0
"Sirnak",37.5164,42.461,1982,8,26.99,NA
"Sirnak",37.5164,42.461,1982,9,NA,1.8
"Sirnak",37.5164,42.461,1982,9,23.63,NA
"Sirnak",37.5164,42.461,1982,10,NA,33.79
"Sirnak",37.5164,42.461,1982,10,13.96,NA
"Sirnak",37.5164,42.461,1982,11,NA,33.9
"Sirnak",37.5164,42.461,1982,11,5.69,NA
"Sirnak",37.5164,42.461,1982,12,NA,19.84
"Sirnak",37.5164,42.461,1982,12,1.03,NA
"Sirnak",37.5164,42.461,1983,1,NA,35.03
"Sirnak",37.5164,42.461,1983,1,-2.4,NA
"Sirnak",37.5164,42.461,1983,2,NA,44.24
"Sirnak",37.5164,42.461,1983,2,0.35,NA
"Sirnak",37.5164,42.461,1983,3,NA,31.62
"Sirnak",37.5164,42.461,1983,3,4.79,NA
"Sirnak",37.5164,42.461,1983,4,NA,16.2
"Sirnak",37.5164,42.461,1983,4,11.42,NA
"Sirnak",37.5164,42.461,1983,5,NA,39.99
"Sirnak",37.5164,42.461,1983,5,18.34,NA
"Sirnak",37.5164,42.461,1983,6,NA,13.5
"Sirnak",37.5164,42.461,1983,6,24.06,NA
"Sirnak",37.5164,42.461,1983,7,NA,2.17
"Sirnak",37.5164,42.461,1983,7,27.92,NA
"Sirnak",37.5164,42.461,1983,8,NA,3.1
"Sirnak",37.5164,42.461,1983,8,26.76,NA
"Sirnak",37.5164,42.461,1983,9,NA,0
"Sirnak",37.5164,42.461,1983,9,23.02,NA
"Sirnak",37.5164,42.461,1983,10,NA,3.1
"Sirnak",37.5164,42.461,1983,10,15.42,NA
"Sirnak",37.5164,42.461,1983,11,NA,73.8
"Sirnak",37.5164,42.461,1983,11,9.03,NA
"Sirnak",37.5164,42.461,1983,12,NA,14.26
"Sirnak",37.5164,42.461,1983,12,3.69,NA
"Sirnak",37.5164,42.461,1984,1,NA,26.66
"Sirnak",37.5164,42.461,1984,1,2.1,NA
"Sirnak",37.5164,42.461,1984,2,NA,17.98
"Sirnak",37.5164,42.461,1984,2,3.08,NA
"Sirnak",37.5164,42.461,1984,3,NA,40.61
"Sirnak",37.5164,42.461,1984,3,6.49,NA
"Sirnak",37.5164,42.461,1984,4,NA,25.2
"Sirnak",37.5164,42.461,1984,4,11.51,NA
"Sirnak",37.5164,42.461,1984,5,NA,27.59
"Sirnak",37.5164,42.461,1984,5,16.83,NA
"Sirnak",37.5164,42.461,1984,6,NA,0
"Sirnak",37.5164,42.461,1984,6,25.38,NA
"Sirnak",37.5164,42.461,1984,7,NA,0.62
"Sirnak",37.5164,42.461,1984,7,29.4,NA
"Sirnak",37.5164,42.461,1984,8,NA,0
"Sirnak",37.5164,42.461,1984,8,26.31,NA
"Sirnak",37.5164,42.461,1984,9,NA,0
"Sirnak",37.5164,42.461,1984,9,24.31,NA
"Sirnak",37.5164,42.461,1984,10,NA,31.62
"Sirnak",37.5164,42.461,1984,10,15.94,NA
"Sirnak",37.5164,42.461,1984,11,NA,65.7
"Sirnak",37.5164,42.461,1984,11,7.28,NA
"Sirnak",37.5164,42.461,1984,12,NA,21.7
"Sirnak",37.5164,42.461,1984,12,1.64,NA
"Sirnak",37.5164,42.461,1985,1,NA,75.02
"Sirnak",37.5164,42.461,1985,1,2.43,NA
"Sirnak",37.5164,42.461,1985,2,NA,75.88
"Sirnak",37.5164,42.461,1985,2,-1.59,NA
"Sirnak",37.5164,42.461,1985,3,NA,43.09
"Sirnak",37.5164,42.461,1985,3,3.93,NA
"Sirnak",37.5164,42.461,1985,4,NA,59.1
"Sirnak",37.5164,42.461,1985,4,12.04,NA
"Sirnak",37.5164,42.461,1985,5,NA,7.13
"Sirnak",37.5164,42.461,1985,5,19.66,NA
"Sirnak",37.5164,42.461,1985,6,NA,1.8
"Sirnak",37.5164,42.461,1985,6,25.02,NA
"Sirnak",37.5164,42.461,1985,7,NA,0
"Sirnak",37.5164,42.461,1985,7,27.53,NA
"Sirnak",37.5164,42.461,1985,8,NA,0.31
"Sirnak",37.5164,42.461,1985,8,29.13,NA
"Sirnak",37.5164,42.461,1985,9,NA,0
"Sirnak",37.5164,42.461,1985,9,23.15,NA
"Sirnak",37.5164,42.461,1985,10,NA,7.75
"Sirnak",37.5164,42.461,1985,10,14.42,NA
"Sirnak",37.5164,42.461,1985,11,NA,31.2
"Sirnak",37.5164,42.461,1985,11,10.62,NA
"Sirnak",37.5164,42.461,1985,12,NA,50.22
"Sirnak",37.5164,42.461,1985,12,2.45,NA
"Sirnak",37.5164,42.461,1986,1,NA,42.78
"Sirnak",37.5164,42.461,1986,1,1.31,NA
"Sirnak",37.5164,42.461,1986,2,NA,63.56
"Sirnak",37.5164,42.461,1986,2,3.1,NA
"Sirnak",37.5164,42.461,1986,3,NA,29.45
"Sirnak",37.5164,42.461,1986,3,6.93,NA
"Sirnak",37.5164,42.461,1986,4,NA,21.3
"Sirnak",37.5164,42.461,1986,4,13.28,NA
"Sirnak",37.5164,42.461,1986,5,NA,116.56
"Sirnak",37.5164,42.461,1986,5,15.12,NA
"Sirnak",37.5164,42.461,1986,6,NA,8.4
"Sirnak",37.5164,42.461,1986,6,22.94,NA
"Sirnak",37.5164,42.461,1986,7,NA,0.31
"Sirnak",37.5164,42.461,1986,7,29.89,NA
"Sirnak",37.5164,42.461,1986,8,NA,0.31
"Sirnak",37.5164,42.461,1986,8,29.35,NA
"Sirnak",37.5164,42.461,1986,9,NA,0.9
"Sirnak",37.5164,42.461,1986,9,25.88,NA
"Sirnak",37.5164,42.461,1986,10,NA,14.88
"Sirnak",37.5164,42.461,1986,10,16.68,NA
"Sirnak",37.5164,42.461,1986,11,NA,47.4
"Sirnak",37.5164,42.461,1986,11,6.05,NA
"Sirnak",37.5164,42.461,1986,12,NA,31.93
"Sirnak",37.5164,42.461,1986,12,1.12,NA
"Sirnak",37.5164,42.461,1987,1,NA,34.72
"Sirnak",37.5164,42.461,1987,1,2.03,NA
"Sirnak",37.5164,42.461,1987,2,NA,46.2
"Sirnak",37.5164,42.461,1987,2,4.39,NA
"Sirnak",37.5164,42.461,1987,3,NA,65.1
"Sirnak",37.5164,42.461,1987,3,2.68,NA
"Sirnak",37.5164,42.461,1987,4,NA,17.1
"Sirnak",37.5164,42.461,1987,4,9.76,NA
"Sirnak",37.5164,42.461,1987,5,NA,8.68
"Sirnak",37.5164,42.461,1987,5,18.99,NA
"Sirnak",37.5164,42.461,1987,6,NA,1.2
"Sirnak",37.5164,42.461,1987,6,24.9,NA
"Sirnak",37.5164,42.461,1987,7,NA,0.31
"Sirnak",37.5164,42.461,1987,7,28.9,NA
"Sirnak",37.5164,42.461,1987,8,NA,1.24
"Sirnak",37.5164,42.461,1987,8,27.33,NA
"Sirnak",37.5164,42.461,1987,9,NA,2.1
"Sirnak",37.5164,42.461,1987,9,23.77,NA
"Sirnak",37.5164,42.461,1987,10,NA,82.15
"Sirnak",37.5164,42.461,1987,10,13.91,NA
"Sirnak",37.5164,42.461,1987,11,NA,13.8
"Sirnak",37.5164,42.461,1987,11,7.77,NA
"Sirnak",37.5164,42.461,1987,12,NA,110.05
"Sirnak",37.5164,42.461,1987,12,2.53,NA
"Sirnak",37.5164,42.461,1988,1,NA,49.91
"Sirnak",37.5164,42.461,1988,1,0.45,NA
"Sirnak",37.5164,42.461,1988,2,NA,36.54
"Sirnak",37.5164,42.461,1988,2,2.12,NA
"Sirnak",37.5164,42.461,1988,3,NA,39.37
"Sirnak",37.5164,42.461,1988,3,4.7,NA
"Sirnak",37.5164,42.461,1988,4,NA,45.6
"Sirnak",37.5164,42.461,1988,4,11.29,NA
"Sirnak",37.5164,42.461,1988,5,NA,20.46
"Sirnak",37.5164,42.461,1988,5,17.75,NA
"Sirnak",37.5164,42.461,1988,6,NA,18
"Sirnak",37.5164,42.461,1988,6,23.55,NA
"Sirnak",37.5164,42.461,1988,7,NA,3.41
"Sirnak",37.5164,42.461,1988,7,28.94,NA
"Sirnak",37.5164,42.461,1988,8,NA,7.13
"Sirnak",37.5164,42.461,1988,8,27.63,NA
"Sirnak",37.5164,42.461,1988,9,NA,2.7
"Sirnak",37.5164,42.461,1988,9,23.07,NA
"Sirnak",37.5164,42.461,1988,10,NA,36.58
"Sirnak",37.5164,42.461,1988,10,15.73,NA
"Sirnak",37.5164,42.461,1988,11,NA,22.2
"Sirnak",37.5164,42.461,1988,11,5.29,NA
"Sirnak",37.5164,42.461,1988,12,NA,57.66
"Sirnak",37.5164,42.461,1988,12,2.09,NA
"Sirnak",37.5164,42.461,1989,1,NA,7.44
"Sirnak",37.5164,42.461,1989,1,-1.9,NA
"Sirnak",37.5164,42.461,1989,2,NA,16.52
"Sirnak",37.5164,42.461,1989,2,1.3,NA
"Sirnak",37.5164,42.461,1989,3,NA,82.46
"Sirnak",37.5164,42.461,1989,3,7.78,NA
"Sirnak",37.5164,42.461,1989,4,NA,3
"Sirnak",37.5164,42.461,1989,4,15.66,NA
"Sirnak",37.5164,42.461,1989,5,NA,17.36
"Sirnak",37.5164,42.461,1989,5,19.87,NA
"Sirnak",37.5164,42.461,1989,6,NA,1.5
"Sirnak",37.5164,42.461,1989,6,25,NA
"Sirnak",37.5164,42.461,1989,7,NA,0
"Sirnak",37.5164,42.461,1989,7,29.72,NA
"Sirnak",37.5164,42.461,1989,8,NA,0.31
"Sirnak",37.5164,42.461,1989,8,28.01,NA
"Sirnak",37.5164,42.461,1989,9,NA,1.2
"Sirnak",37.5164,42.461,1989,9,22.41,NA
"Sirnak",37.5164,42.461,1989,10,NA,25.42
"Sirnak",37.5164,42.461,1989,10,15.34,NA
"Sirnak",37.5164,42.461,1989,11,NA,66
"Sirnak",37.5164,42.461,1989,11,7.04,NA
"Sirnak",37.5164,42.461,1989,12,NA,71.61
"Sirnak",37.5164,42.461,1989,12,2.64,NA
"Sirnak",37.5164,42.461,1990,1,NA,48.36
"Sirnak",37.5164,42.461,1990,1,-0.58,NA
"Sirnak",37.5164,42.461,1990,2,NA,92.4
"Sirnak",37.5164,42.461,1990,2,1.36,NA
"Sirnak",37.5164,42.461,1990,3,NA,11.16
"Sirnak",37.5164,42.461,1990,3,6.86,NA
"Sirnak",37.5164,42.461,1990,4,NA,75.9
"Sirnak",37.5164,42.461,1990,4,10.09,NA
"Sirnak",37.5164,42.461,1990,5,NA,4.03
"Sirnak",37.5164,42.461,1990,5,17.72,NA
"Sirnak",37.5164,42.461,1990,6,NA,3.3
"Sirnak",37.5164,42.461,1990,6,24.81,NA
"Sirnak",37.5164,42.461,1990,7,NA,0
"Sirnak",37.5164,42.461,1990,7,29.65,NA
"Sirnak",37.5164,42.461,1990,8,NA,0
"Sirnak",37.5164,42.461,1990,8,27.66,NA
"Sirnak",37.5164,42.461,1990,9,NA,2.1
"Sirnak",37.5164,42.461,1990,9,23.2,NA
"Sirnak",37.5164,42.461,1990,10,NA,4.96
"Sirnak",37.5164,42.461,1990,10,16.5,NA
"Sirnak",37.5164,42.461,1990,11,NA,20.4
"Sirnak",37.5164,42.461,1990,11,10.48,NA
"Sirnak",37.5164,42.461,1990,12,NA,21.7
"Sirnak",37.5164,42.461,1990,12,4.44,NA
"Sirnak",37.5164,42.461,1991,1,NA,33.17
"Sirnak",37.5164,42.461,1991,1,1.74,NA
"Sirnak",37.5164,42.461,1991,2,NA,52.92
"Sirnak",37.5164,42.461,1991,2,1.21,NA
"Sirnak",37.5164,42.461,1991,3,NA,117.49
"Sirnak",37.5164,42.461,1991,3,6.98,NA
"Sirnak",37.5164,42.461,1991,4,NA,19.2
"Sirnak",37.5164,42.461,1991,4,12.4,NA
"Sirnak",37.5164,42.461,1991,5,NA,37.82
"Sirnak",37.5164,42.461,1991,5,16.52,NA
"Sirnak",37.5164,42.461,1991,6,NA,3
"Sirnak",37.5164,42.461,1991,6,25.36,NA
"Sirnak",37.5164,42.461,1991,7,NA,0.62
"Sirnak",37.5164,42.461,1991,7,29.26,NA
"Sirnak",37.5164,42.461,1991,8,NA,0
"Sirnak",37.5164,42.461,1991,8,28.79,NA
"Sirnak",37.5164,42.461,1991,9,NA,0
"Sirnak",37.5164,42.461,1991,9,23.18,NA
"Sirnak",37.5164,42.461,1991,10,NA,35.96
"Sirnak",37.5164,42.461,1991,10,16.09,NA
"Sirnak",37.5164,42.461,1991,11,NA,35.1
"Sirnak",37.5164,42.461,1991,11,9.1,NA
"Sirnak",37.5164,42.461,1991,12,NA,60.45
"Sirnak",37.5164,42.461,1991,12,1.54,NA
"Sirnak",37.5164,42.461,1992,1,NA,66.65
"Sirnak",37.5164,42.461,1992,1,-2.75,NA
"Sirnak",37.5164,42.461,1992,2,NA,130.21
"Sirnak",37.5164,42.461,1992,2,-2.79,NA
"Sirnak",37.5164,42.461,1992,3,NA,24.18
"Sirnak",37.5164,42.461,1992,3,2.22,NA
"Sirnak",37.5164,42.461,1992,4,NA,29.4
"Sirnak",37.5164,42.461,1992,4,9.95,NA
"Sirnak",37.5164,42.461,1992,5,NA,23.25
"Sirnak",37.5164,42.461,1992,5,15.43,NA
"Sirnak",37.5164,42.461,1992,6,NA,12
"Sirnak",37.5164,42.461,1992,6,22.36,NA
"Sirnak",37.5164,42.461,1992,7,NA,0.93
"Sirnak",37.5164,42.461,1992,7,26.99,NA
"Sirnak",37.5164,42.461,1992,8,NA,0.31
"Sirnak",37.5164,42.461,1992,8,27.49,NA
"Sirnak",37.5164,42.461,1992,9,NA,5.1
"Sirnak",37.5164,42.461,1992,9,22.36,NA
"Sirnak",37.5164,42.461,1992,10,NA,1.55
"Sirnak",37.5164,42.461,1992,10,16.85,NA
"Sirnak",37.5164,42.461,1992,11,NA,73.8
"Sirnak",37.5164,42.461,1992,11,6.74,NA
"Sirnak",37.5164,42.461,1992,12,NA,22.94
"Sirnak",37.5164,42.461,1992,12,0.4,NA
"Sirnak",37.5164,42.461,1993,1,NA,31.62
"Sirnak",37.5164,42.461,1993,1,0.04,NA
"Sirnak",37.5164,42.461,1993,2,NA,61.88
"Sirnak",37.5164,42.461,1993,2,-0.07,NA
"Sirnak",37.5164,42.461,1993,3,NA,33.79
"Sirnak",37.5164,42.461,1993,3,4.81,NA
"Sirnak",37.5164,42.461,1993,4,NA,53.1
"Sirnak",37.5164,42.461,1993,4,10.87,NA
"Sirnak",37.5164,42.461,1993,5,NA,71.92
"Sirnak",37.5164,42.461,1993,5,15.13,NA
"Sirnak",37.5164,42.461,1993,6,NA,9.9
"Sirnak",37.5164,42.461,1993,6,22.95,NA
"Sirnak",37.5164,42.461,1993,7,NA,0.31
"Sirnak",37.5164,42.461,1993,7,29.17,NA
"Sirnak",37.5164,42.461,1993,8,NA,1.86
"Sirnak",37.5164,42.461,1993,8,28.16,NA
"Sirnak",37.5164,42.461,1993,9,NA,0.3
"Sirnak",37.5164,42.461,1993,9,24.28,NA
"Sirnak",37.5164,42.461,1993,10,NA,28.52
"Sirnak",37.5164,42.461,1993,10,17.36,NA
"Sirnak",37.5164,42.461,1993,11,NA,44.1
"Sirnak",37.5164,42.461,1993,11,5.83,NA
"Sirnak",37.5164,42.461,1993,12,NA,8.68
"Sirnak",37.5164,42.461,1993,12,5,NA
"Sirnak",37.5164,42.461,1994,1,NA,102.61
"Sirnak",37.5164,42.461,1994,1,3.82,NA
"Sirnak",37.5164,42.461,1994,2,NA,47.04
"Sirnak",37.5164,42.461,1994,2,2.24,NA
"Sirnak",37.5164,42.461,1994,3,NA,59.21
"Sirnak",37.5164,42.461,1994,3,6.95,NA
"Sirnak",37.5164,42.461,1994,4,NA,40.2
"Sirnak",37.5164,42.461,1994,4,14.38,NA
"Sirnak",37.5164,42.461,1994,5,NA,31.62
"Sirnak",37.5164,42.461,1994,5,18.45,NA
"Sirnak",37.5164,42.461,1994,6,NA,6.3
"Sirnak",37.5164,42.461,1994,6,25.08,NA
"Sirnak",37.5164,42.461,1994,7,NA,0
"Sirnak",37.5164,42.461,1994,7,29.24,NA
"Sirnak",37.5164,42.461,1994,8,NA,0
"Sirnak",37.5164,42.461,1994,8,28.16,NA
"Sirnak",37.5164,42.461,1994,9,NA,8.4
"Sirnak",37.5164,42.461,1994,9,24.4,NA
"Sirnak",37.5164,42.461,1994,10,NA,23.56
"Sirnak",37.5164,42.461,1994,10,17.01,NA
"Sirnak",37.5164,42.461,1994,11,NA,66
"Sirnak",37.5164,42.461,1994,11,7.34,NA
"Sirnak",37.5164,42.461,1994,12,NA,91.14
"Sirnak",37.5164,42.461,1994,12,-1.43,NA
"Sirnak",37.5164,42.461,1995,1,NA,61.38
"Sirnak",37.5164,42.461,1995,1,2.33,NA
"Sirnak",37.5164,42.461,1995,2,NA,32.48
"Sirnak",37.5164,42.461,1995,2,4.05,NA
"Sirnak",37.5164,42.461,1995,3,NA,43.71
"Sirnak",37.5164,42.461,1995,3,7.15,NA
"Sirnak",37.5164,42.461,1995,4,NA,27.6
"Sirnak",37.5164,42.461,1995,4,10.78,NA
"Sirnak",37.5164,42.461,1995,5,NA,10.85
"Sirnak",37.5164,42.461,1995,5,19.29,NA
"Sirnak",37.5164,42.461,1995,6,NA,22.2
"Sirnak",37.5164,42.461,1995,6,24.62,NA
"Sirnak",37.5164,42.461,1995,7,NA,0.93
"Sirnak",37.5164,42.461,1995,7,27.82,NA
"Sirnak",37.5164,42.461,1995,8,NA,0.31
"Sirnak",37.5164,42.461,1995,8,28.6,NA
"Sirnak",37.5164,42.461,1995,9,NA,21.9
"Sirnak",37.5164,42.461,1995,9,22.97,NA
"Sirnak",37.5164,42.461,1995,10,NA,10.23
"Sirnak",37.5164,42.461,1995,10,15.27,NA
"Sirnak",37.5164,42.461,1995,11,NA,13.8
"Sirnak",37.5164,42.461,1995,11,7.37,NA
"Sirnak",37.5164,42.461,1995,12,NA,4.03
"Sirnak",37.5164,42.461,1995,12,2.52,NA
"Sirnak",37.5164,42.461,1996,1,NA,120.59
"Sirnak",37.5164,42.461,1996,1,1.3,NA
"Sirnak",37.5164,42.461,1996,2,NA,27.84
"Sirnak",37.5164,42.461,1996,2,3.3,NA
"Sirnak",37.5164,42.461,1996,3,NA,115.01
"Sirnak",37.5164,42.461,1996,3,5.35,NA
"Sirnak",37.5164,42.461,1996,4,NA,68.4
"Sirnak",37.5164,42.461,1996,4,9.63,NA
"Sirnak",37.5164,42.461,1996,5,NA,7.13
"Sirnak",37.5164,42.461,1996,5,19.31,NA
"Sirnak",37.5164,42.461,1996,6,NA,0.9
"Sirnak",37.5164,42.461,1996,6,24.08,NA
"Sirnak",37.5164,42.461,1996,7,NA,1.55
"Sirnak",37.5164,42.461,1996,7,30.33,NA
"Sirnak",37.5164,42.461,1996,8,NA,0.31
"Sirnak",37.5164,42.461,1996,8,28.45,NA
"Sirnak",37.5164,42.461,1996,9,NA,19.2
"Sirnak",37.5164,42.461,1996,9,22.02,NA
"Sirnak",37.5164,42.461,1996,10,NA,14.26
"Sirnak",37.5164,42.461,1996,10,15.22,NA
"Sirnak",37.5164,42.461,1996,11,NA,7.2
"Sirnak",37.5164,42.461,1996,11,9.65,NA
"Sirnak",37.5164,42.461,1996,12,NA,72.54
"Sirnak",37.5164,42.461,1996,12,4.91,NA
"Sirnak",37.5164,42.461,1997,1,NA,16.12
"Sirnak",37.5164,42.461,1997,1,2.48,NA
"Sirnak",37.5164,42.461,1997,2,NA,27.44
"Sirnak",37.5164,42.461,1997,2,0.03,NA
"Sirnak",37.5164,42.461,1997,3,NA,41.85
"Sirnak",37.5164,42.461,1997,3,3.29,NA
"Sirnak",37.5164,42.461,1997,4,NA,28.2
"Sirnak",37.5164,42.461,1997,4,10.02,NA
"Sirnak",37.5164,42.461,1997,5,NA,7.75
"Sirnak",37.5164,42.461,1997,5,18.97,NA
"Sirnak",37.5164,42.461,1997,6,NA,6.3
"Sirnak",37.5164,42.461,1997,6,25.12,NA
"Sirnak",37.5164,42.461,1997,7,NA,5.27
"Sirnak",37.5164,42.461,1997,7,27.75,NA
"Sirnak",37.5164,42.461,1997,8,NA,0.62
"Sirnak",37.5164,42.461,1997,8,27.02,NA
"Sirnak",37.5164,42.461,1997,9,NA,4.2
"Sirnak",37.5164,42.461,1997,9,21.34,NA
"Sirnak",37.5164,42.461,1997,10,NA,29.76
"Sirnak",37.5164,42.461,1997,10,15.82,NA
"Sirnak",37.5164,42.461,1997,11,NA,28.8
"Sirnak",37.5164,42.461,1997,11,9.04,NA
"Sirnak",37.5164,42.461,1997,12,NA,69.13
"Sirnak",37.5164,42.461,1997,12,2.9,NA
"Sirnak",37.5164,42.461,1998,1,NA,43.71
"Sirnak",37.5164,42.461,1998,1,-0.57,NA
"Sirnak",37.5164,42.461,1998,2,NA,33.88
"Sirnak",37.5164,42.461,1998,2,1.02,NA
"Sirnak",37.5164,42.461,1998,3,NA,88.97
"Sirnak",37.5164,42.461,1998,3,5.22,NA
"Sirnak",37.5164,42.461,1998,4,NA,69.9
"Sirnak",37.5164,42.461,1998,4,12.25,NA
"Sirnak",37.5164,42.461,1998,5,NA,69.44
"Sirnak",37.5164,42.461,1998,5,17.52,NA
"Sirnak",37.5164,42.461,1998,6,NA,12
"Sirnak",37.5164,42.461,1998,6,25.74,NA
"Sirnak",37.5164,42.461,1998,7,NA,13.02
"Sirnak",37.5164,42.461,1998,7,29.67,NA
"Sirnak",37.5164,42.461,1998,8,NA,0.93
"Sirnak",37.5164,42.461,1998,8,29.65,NA
"Sirnak",37.5164,42.461,1998,9,NA,4.8
"Sirnak",37.5164,42.461,1998,9,23.45,NA
"Sirnak",37.5164,42.461,1998,10,NA,0.62
"Sirnak",37.5164,42.461,1998,10,17.31,NA
"Sirnak",37.5164,42.461,1998,11,NA,8.1
"Sirnak",37.5164,42.461,1998,11,11.79,NA
"Sirnak",37.5164,42.461,1998,12,NA,73.78
"Sirnak",37.5164,42.461,1998,12,5.4,NA
"Sirnak",37.5164,42.461,1999,1,NA,17.98
"Sirnak",37.5164,42.461,1999,1,3.25,NA
"Sirnak",37.5164,42.461,1999,2,NA,52.36
"Sirnak",37.5164,42.461,1999,2,3.29,NA
"Sirnak",37.5164,42.461,1999,3,NA,124.62
"Sirnak",37.5164,42.461,1999,3,6.63,NA
"Sirnak",37.5164,42.461,1999,4,NA,50.7
"Sirnak",37.5164,42.461,1999,4,11.75,NA
"Sirnak",37.5164,42.461,1999,5,NA,7.75
"Sirnak",37.5164,42.461,1999,5,19.36,NA
"Sirnak",37.5164,42.461,1999,6,NA,4.8
"Sirnak",37.5164,42.461,1999,6,25.6,NA
"Sirnak",37.5164,42.461,1999,7,NA,3.1
"Sirnak",37.5164,42.461,1999,7,28.94,NA
"Sirnak",37.5164,42.461,1999,8,NA,3.1
"Sirnak",37.5164,42.461,1999,8,29.42,NA
"Sirnak",37.5164,42.461,1999,9,NA,3.9
"Sirnak",37.5164,42.461,1999,9,22.82,NA
"Sirnak",37.5164,42.461,1999,10,NA,20.15
"Sirnak",37.5164,42.461,1999,10,16.74,NA
"Sirnak",37.5164,42.461,1999,11,NA,11.1
"Sirnak",37.5164,42.461,1999,11,8.02,NA
"Sirnak",37.5164,42.461,1999,12,NA,31.62
"Sirnak",37.5164,42.461,1999,12,5.75,NA
"Sirnak",37.5164,42.461,2000,1,NA,66.96
"Sirnak",37.5164,42.461,2000,1,-0.61,NA
"Sirnak",37.5164,42.461,2000,2,NA,51.33
"Sirnak",37.5164,42.461,2000,2,1.3,NA
"Sirnak",37.5164,42.461,2000,3,NA,55.8
"Sirnak",37.5164,42.461,2000,3,4.9,NA
"Sirnak",37.5164,42.461,2000,4,NA,49.8
"Sirnak",37.5164,42.461,2000,4,13.21,NA
"Sirnak",37.5164,42.461,2000,5,NA,8.99
"Sirnak",37.5164,42.461,2000,5,18.58,NA
"Sirnak",37.5164,42.461,2000,6,NA,0.3
"Sirnak",37.5164,42.461,2000,6,25.76,NA
"Sirnak",37.5164,42.461,2000,7,NA,0
"Sirnak",37.5164,42.461,2000,7,31.76,NA
"Sirnak",37.5164,42.461,2000,8,NA,1.24
"Sirnak",37.5164,42.461,2000,8,28.07,NA
"Sirnak",37.5164,42.461,2000,9,NA,0.9
"Sirnak",37.5164,42.461,2000,9,22.98,NA
"Sirnak",37.5164,42.461,2000,10,NA,19.22
"Sirnak",37.5164,42.461,2000,10,15.47,NA
"Sirnak",37.5164,42.461,2000,11,NA,27
"Sirnak",37.5164,42.461,2000,11,8.94,NA
"Sirnak",37.5164,42.461,2000,12,NA,132.68
"Sirnak",37.5164,42.461,2000,12,2.83,NA
"Sirnak",37.5164,42.461,2001,1,NA,25.73
"Sirnak",37.5164,42.461,2001,1,2.87,NA
"Sirnak",37.5164,42.461,2001,2,NA,76.44
"Sirnak",37.5164,42.461,2001,2,2.7,NA
"Sirnak",37.5164,42.461,2001,3,NA,86.8
"Sirnak",37.5164,42.461,2001,3,9.9,NA
"Sirnak",37.5164,42.461,2001,4,NA,47.7
"Sirnak",37.5164,42.461,2001,4,12.37,NA
"Sirnak",37.5164,42.461,2001,5,NA,75.64
"Sirnak",37.5164,42.461,2001,5,16.13,NA
"Sirnak",37.5164,42.461,2001,6,NA,1.5
"Sirnak",37.5164,42.461,2001,6,24.81,NA
"Sirnak",37.5164,42.461,2001,7,NA,0.62
"Sirnak",37.5164,42.461,2001,7,29.36,NA
"Sirnak",37.5164,42.461,2001,8,NA,0.31
"Sirnak",37.5164,42.461,2001,8,28.89,NA
"Sirnak",37.5164,42.461,2001,9,NA,2.7
"Sirnak",37.5164,42.461,2001,9,24.03,NA
"Sirnak",37.5164,42.461,2001,10,NA,34.41
"Sirnak",37.5164,42.461,2001,10,16.31,NA
"Sirnak",37.5164,42.461,2001,11,NA,28.2
"Sirnak",37.5164,42.461,2001,11,7.23,NA
"Sirnak",37.5164,42.461,2001,12,NA,160.27
"Sirnak",37.5164,42.461,2001,12,2.7,NA
"Sirnak",37.5164,42.461,2002,1,NA,46.5
"Sirnak",37.5164,42.461,2002,1,0.39,NA
"Sirnak",37.5164,42.461,2002,2,NA,42.84
"Sirnak",37.5164,42.461,2002,2,4.16,NA
"Sirnak",37.5164,42.461,2002,3,NA,104.78
"Sirnak",37.5164,42.461,2002,3,7.56,NA
"Sirnak",37.5164,42.461,2002,4,NA,106.8
"Sirnak",37.5164,42.461,2002,4,9.92,NA
"Sirnak",37.5164,42.461,2002,5,NA,17.98
"Sirnak",37.5164,42.461,2002,5,16.92,NA
"Sirnak",37.5164,42.461,2002,6,NA,3
"Sirnak",37.5164,42.461,2002,6,24.26,NA
"Sirnak",37.5164,42.461,2002,7,NA,1.86
"Sirnak",37.5164,42.461,2002,7,28.9,NA
"Sirnak",37.5164,42.461,2002,8,NA,0
"Sirnak",37.5164,42.461,2002,8,27.43,NA
"Sirnak",37.5164,42.461,2002,9,NA,3.9
"Sirnak",37.5164,42.461,2002,9,23.99,NA
"Sirnak",37.5164,42.461,2002,10,NA,23.25
"Sirnak",37.5164,42.461,2002,10,17.97,NA
"Sirnak",37.5164,42.461,2002,11,NA,33.3
"Sirnak",37.5164,42.461,2002,11,9.84,NA
"Sirnak",37.5164,42.461,2002,12,NA,109.12
"Sirnak",37.5164,42.461,2002,12,-0.29,NA
"Sirnak",37.5164,42.461,2003,1,NA,60.45
"Sirnak",37.5164,42.461,2003,1,1.68,NA
"Sirnak",37.5164,42.461,2003,2,NA,157.64
"Sirnak",37.5164,42.461,2003,2,0.25,NA
"Sirnak",37.5164,42.461,2003,3,NA,130.2
"Sirnak",37.5164,42.461,2003,3,3.32,NA
"Sirnak",37.5164,42.461,2003,4,NA,82.8
"Sirnak",37.5164,42.461,2003,4,10.9,NA
"Sirnak",37.5164,42.461,2003,5,NA,8.68
"Sirnak",37.5164,42.461,2003,5,18.16,NA
"Sirnak",37.5164,42.461,2003,6,NA,22.8
"Sirnak",37.5164,42.461,2003,6,24.64,NA
"Sirnak",37.5164,42.461,2003,7,NA,0
"Sirnak",37.5164,42.461,2003,7,28.95,NA
"Sirnak",37.5164,42.461,2003,8,NA,0.62
"Sirnak",37.5164,42.461,2003,8,29.64,NA
"Sirnak",37.5164,42.461,2003,9,NA,1.5
"Sirnak",37.5164,42.461,2003,9,22.94,NA
"Sirnak",37.5164,42.461,2003,10,NA,28.83
"Sirnak",37.5164,42.461,2003,10,17.52,NA
"Sirnak",37.5164,42.461,2003,11,NA,60.3
"Sirnak",37.5164,42.461,2003,11,8.24,NA
"Sirnak",37.5164,42.461,2003,12,NA,77.81
"Sirnak",37.5164,42.461,2003,12,2.5,NA
"Sirnak",37.5164,42.461,2004,1,NA,106.95
"Sirnak",37.5164,42.461,2004,1,1.53,NA
"Sirnak",37.5164,42.461,2004,2,NA,93.09
"Sirnak",37.5164,42.461,2004,2,1.29,NA
"Sirnak",37.5164,42.461,2004,3,NA,27.28
"Sirnak",37.5164,42.461,2004,3,8.82,NA
"Sirnak",37.5164,42.461,2004,4,NA,69.9
"Sirnak",37.5164,42.461,2004,4,11.25,NA
"Sirnak",37.5164,42.461,2004,5,NA,68.2
"Sirnak",37.5164,42.461,2004,5,16.63,NA
"Sirnak",37.5164,42.461,2004,6,NA,0.9
"Sirnak",37.5164,42.461,2004,6,24.74,NA
"Sirnak",37.5164,42.461,2004,7,NA,0.31
"Sirnak",37.5164,42.461,2004,7,29.16,NA
"Sirnak",37.5164,42.461,2004,8,NA,0.31
"Sirnak",37.5164,42.461,2004,8,28.5,NA
"Sirnak",37.5164,42.461,2004,9,NA,0
"Sirnak",37.5164,42.461,2004,9,24.6,NA
"Sirnak",37.5164,42.461,2004,10,NA,17.05
"Sirnak",37.5164,42.461,2004,10,18.14,NA
"Sirnak",37.5164,42.461,2004,11,NA,172.8
"Sirnak",37.5164,42.461,2004,11,7.2,NA
"Sirnak",37.5164,42.461,2004,12,NA,14.88
"Sirnak",37.5164,42.461,2004,12,1.05,NA
"Sirnak",37.5164,42.461,2005,1,NA,76.88
"Sirnak",37.5164,42.461,2005,1,1.04,NA
"Sirnak",37.5164,42.461,2005,2,NA,61.6
"Sirnak",37.5164,42.461,2005,2,1.45,NA
"Sirnak",37.5164,42.461,2005,3,NA,76.57
"Sirnak",37.5164,42.461,2005,3,6.03,NA
"Sirnak",37.5164,42.461,2005,4,NA,32.1
"Sirnak",37.5164,42.461,2005,4,12.79,NA
"Sirnak",37.5164,42.461,2005,5,NA,27.28
"Sirnak",37.5164,42.461,2005,5,18.27,NA
"Sirnak",37.5164,42.461,2005,6,NA,15.6
"Sirnak",37.5164,42.461,2005,6,24.34,NA
"Sirnak",37.5164,42.461,2005,7,NA,0
"Sirnak",37.5164,42.461,2005,7,30.47,NA
"Sirnak",37.5164,42.461,2005,8,NA,4.65
"Sirnak",37.5164,42.461,2005,8,29.29,NA
"Sirnak",37.5164,42.461,2005,9,NA,2.4
"Sirnak",37.5164,42.461,2005,9,23.28,NA
"Sirnak",37.5164,42.461,2005,10,NA,27.59
"Sirnak",37.5164,42.461,2005,10,15.57,NA
"Sirnak",37.5164,42.461,2005,11,NA,38.7
"Sirnak",37.5164,42.461,2005,11,8.56,NA
"Sirnak",37.5164,42.461,2005,12,NA,70.68
"Sirnak",37.5164,42.461,2005,12,5.83,NA
"Sirnak",37.5164,42.461,2006,1,NA,110.05
"Sirnak",37.5164,42.461,2006,1,-0.01,NA
"Sirnak",37.5164,42.461,2006,2,NA,82.88
"Sirnak",37.5164,42.461,2006,2,2.06,NA
"Sirnak",37.5164,42.461,2006,3,NA,53.94
"Sirnak",37.5164,42.461,2006,3,7.3,NA
"Sirnak",37.5164,42.461,2006,4,NA,76.5
"Sirnak",37.5164,42.461,2006,4,12.96,NA
"Sirnak",37.5164,42.461,2006,5,NA,13.95
"Sirnak",37.5164,42.461,2006,5,19.09,NA
"Sirnak",37.5164,42.461,2006,6,NA,0
"Sirnak",37.5164,42.461,2006,6,27.44,NA
"Sirnak",37.5164,42.461,2006,7,NA,1.55
"Sirnak",37.5164,42.461,2006,7,28.77,NA
"Sirnak",37.5164,42.461,2006,8,NA,0
"Sirnak",37.5164,42.461,2006,8,30.71,NA
"Sirnak",37.5164,42.461,2006,9,NA,0.3
"Sirnak",37.5164,42.461,2006,9,23.72,NA
"Sirnak",37.5164,42.461,2006,10,NA,144.46
"Sirnak",37.5164,42.461,2006,10,16.45,NA
"Sirnak",37.5164,42.461,2006,11,NA,60
"Sirnak",37.5164,42.461,2006,11,6.63,NA
"Sirnak",37.5164,42.461,2006,12,NA,22.32
"Sirnak",37.5164,42.461,2006,12,2.02,NA
"Sirnak",37.5164,42.461,2007,1,NA,30.07
"Sirnak",37.5164,42.461,2007,1,0.51,NA
"Sirnak",37.5164,42.461,2007,2,NA,31.36
"Sirnak",37.5164,42.461,2007,2,3.04,NA
"Sirnak",37.5164,42.461,2007,3,NA,71.3
"Sirnak",37.5164,42.461,2007,3,6.17,NA
"Sirnak",37.5164,42.461,2007,4,NA,138.6
"Sirnak",37.5164,42.461,2007,4,8.74,NA
"Sirnak",37.5164,42.461,2007,5,NA,16.74
"Sirnak",37.5164,42.461,2007,5,19.35,NA
"Sirnak",37.5164,42.461,2007,6,NA,1.8
"Sirnak",37.5164,42.461,2007,6,25.46,NA
"Sirnak",37.5164,42.461,2007,7,NA,1.86
"Sirnak",37.5164,42.461,2007,7,29.54,NA
"Sirnak",37.5164,42.461,2007,8,NA,4.03
"Sirnak",37.5164,42.461,2007,8,29.02,NA
"Sirnak",37.5164,42.461,2007,9,NA,0
"Sirnak",37.5164,42.461,2007,9,24.91,NA
"Sirnak",37.5164,42.461,2007,10,NA,8.68
"Sirnak",37.5164,42.461,2007,10,18.28,NA
"Sirnak",37.5164,42.461,2007,11,NA,44.4
"Sirnak",37.5164,42.461,2007,11,8.3,NA
"Sirnak",37.5164,42.461,2007,12,NA,54.25
"Sirnak",37.5164,42.461,2007,12,2.64,NA
"Sirnak",37.5164,42.461,2008,1,NA,45.88
"Sirnak",37.5164,42.461,2008,1,-1.27,NA
"Sirnak",37.5164,42.461,2008,2,NA,52.2
"Sirnak",37.5164,42.461,2008,2,1.51,NA
"Sirnak",37.5164,42.461,2008,3,NA,35.65
"Sirnak",37.5164,42.461,2008,3,10.39,NA
"Sirnak",37.5164,42.461,2008,4,NA,23.1
"Sirnak",37.5164,42.461,2008,4,15.32,NA
"Sirnak",37.5164,42.461,2008,5,NA,22.94
"Sirnak",37.5164,42.461,2008,5,17.97,NA
"Sirnak",37.5164,42.461,2008,6,NA,3.9
"Sirnak",37.5164,42.461,2008,6,25.82,NA
"Sirnak",37.5164,42.461,2008,7,NA,1.24
"Sirnak",37.5164,42.461,2008,7,29.5,NA
"Sirnak",37.5164,42.461,2008,8,NA,5.27
"Sirnak",37.5164,42.461,2008,8,29.82,NA
"Sirnak",37.5164,42.461,2008,9,NA,33.6
"Sirnak",37.5164,42.461,2008,9,24.05,NA
"Sirnak",37.5164,42.461,2008,10,NA,32.24
"Sirnak",37.5164,42.461,2008,10,16.11,NA
"Sirnak",37.5164,42.461,2008,11,NA,17.7
"Sirnak",37.5164,42.461,2008,11,8.68,NA
"Sirnak",37.5164,42.461,2008,12,NA,52.39
"Sirnak",37.5164,42.461,2008,12,2.94,NA
"Sirnak",37.5164,42.461,2009,1,NA,19.53
"Sirnak",37.5164,42.461,2009,1,0.74,NA
"Sirnak",37.5164,42.461,2009,2,NA,84
"Sirnak",37.5164,42.461,2009,2,3.9,NA
"Sirnak",37.5164,42.461,2009,3,NA,81.53
"Sirnak",37.5164,42.461,2009,3,5.64,NA
"Sirnak",37.5164,42.461,2009,4,NA,63.6
"Sirnak",37.5164,42.461,2009,4,10.72,NA
"Sirnak",37.5164,42.461,2009,5,NA,9.92
"Sirnak",37.5164,42.461,2009,5,18.28,NA
"Sirnak",37.5164,42.461,2009,6,NA,8.4
"Sirnak",37.5164,42.461,2009,6,24.92,NA
"Sirnak",37.5164,42.461,2009,7,NA,1.55
"Sirnak",37.5164,42.461,2009,7,28.49,NA
"Sirnak",37.5164,42.461,2009,8,NA,0.31
"Sirnak",37.5164,42.461,2009,8,27.37,NA
"Sirnak",37.5164,42.461,2009,9,NA,6
"Sirnak",37.5164,42.461,2009,9,21.83,NA
"Sirnak",37.5164,42.461,2009,10,NA,40.92
"Sirnak",37.5164,42.461,2009,10,18.14,NA
"Sirnak",37.5164,42.461,2009,11,NA,110.1
"Sirnak",37.5164,42.461,2009,11,8.19,NA
"Sirnak",37.5164,42.461,2009,12,NA,86.18
"Sirnak",37.5164,42.461,2009,12,4.71,NA
"Sirnak",37.5164,42.461,2010,1,NA,86.8
"Sirnak",37.5164,42.461,2010,1,3.59,NA
"Sirnak",37.5164,42.461,2010,2,NA,36.96
"Sirnak",37.5164,42.461,2010,2,4.56,NA
"Sirnak",37.5164,42.461,2010,3,NA,35.65
"Sirnak",37.5164,42.461,2010,3,9.04,NA
"Sirnak",37.5164,42.461,2010,4,NA,50.1
"Sirnak",37.5164,42.461,2010,4,12.06,NA
"Sirnak",37.5164,42.461,2010,5,NA,34.1
"Sirnak",37.5164,42.461,2010,5,17.94,NA
"Sirnak",37.5164,42.461,2010,6,NA,20.1
"Sirnak",37.5164,42.461,2010,6,25.88,NA
"Sirnak",37.5164,42.461,2010,7,NA,0
"Sirnak",37.5164,42.461,2010,7,30.28,NA
"Sirnak",37.5164,42.461,2010,8,NA,0.31
"Sirnak",37.5164,42.461,2010,8,30.38,NA
"Sirnak",37.5164,42.461,2010,9,NA,0.9
"Sirnak",37.5164,42.461,2010,9,26.14,NA
"Sirnak",37.5164,42.461,2010,10,NA,31.31
"Sirnak",37.5164,42.461,2010,10,17.52,NA
"Sirnak",37.5164,42.461,2010,11,NA,0
"Sirnak",37.5164,42.461,2010,11,11.96,NA
"Sirnak",37.5164,42.461,2010,12,NA,36.27
"Sirnak",37.5164,42.461,2010,12,6.77,NA
"Sirnak",37.5164,42.461,2011,1,NA,54.87
"Sirnak",37.5164,42.461,2011,1,2.21,NA
"Sirnak",37.5164,42.461,2011,2,NA,57.68
"Sirnak",37.5164,42.461,2011,2,1.79,NA
"Sirnak",37.5164,42.461,2011,3,NA,31.31
"Sirnak",37.5164,42.461,2011,3,6.64,NA
"Sirnak",37.5164,42.461,2011,4,NA,174
"Sirnak",37.5164,42.461,2011,4,10.81,NA
"Sirnak",37.5164,42.461,2011,5,NA,50.22
"Sirnak",37.5164,42.461,2011,5,16.61,NA
"Sirnak",37.5164,42.461,2011,6,NA,6.9
"Sirnak",37.5164,42.461,2011,6,24.9,NA
"Sirnak",37.5164,42.461,2011,7,NA,2.17
"Sirnak",37.5164,42.461,2011,7,30.24,NA
"Sirnak",37.5164,42.461,2011,8,NA,0
"Sirnak",37.5164,42.461,2011,8,28.97,NA
"Sirnak",37.5164,42.461,2011,9,NA,11.4
"Sirnak",37.5164,42.461,2011,9,23.72,NA
"Sirnak",37.5164,42.461,2011,10,NA,29.45
"Sirnak",37.5164,42.461,2011,10,14.8,NA
"Sirnak",37.5164,42.461,2011,11,NA,29.4
"Sirnak",37.5164,42.461,2011,11,4.55,NA
"Sirnak",37.5164,42.461,2011,12,NA,30.69
"Sirnak",37.5164,42.461,2011,12,3.13,NA
"Sirnak",37.5164,42.461,2012,1,NA,60.76
"Sirnak",37.5164,42.461,2012,1,0.28,NA
"Sirnak",37.5164,42.461,2012,2,NA,113.39
"Sirnak",37.5164,42.461,2012,2,0.19,NA
"Sirnak",37.5164,42.461,2012,3,NA,55.8
"Sirnak",37.5164,42.461,2012,3,2.33,NA
"Sirnak",37.5164,42.461,2012,4,NA,40.2
"Sirnak",37.5164,42.461,2012,4,13.3,NA
"Sirnak",37.5164,42.461,2012,5,NA,30.07
"Sirnak",37.5164,42.461,2012,5,18.82,NA
"Sirnak",37.5164,42.461,2012,6,NA,2.7
"Sirnak",37.5164,42.461,2012,6,26.4,NA
"Sirnak",37.5164,42.461,2012,7,NA,4.34
"Sirnak",37.5164,42.461,2012,7,29.77,NA
"Sirnak",37.5164,42.461,2012,8,NA,0
"Sirnak",37.5164,42.461,2012,8,29.32,NA
"Sirnak",37.5164,42.461,2012,9,NA,0.9
"Sirnak",37.5164,42.461,2012,9,24.5,NA
"Sirnak",37.5164,42.461,2012,10,NA,42.47
"Sirnak",37.5164,42.461,2012,10,17.47,NA
"Sirnak",37.5164,42.461,2012,11,NA,31.5
"Sirnak",37.5164,42.461,2012,11,10.45,NA
"Sirnak",37.5164,42.461,2012,12,NA,92.69
"Sirnak",37.5164,42.461,2012,12,3.13,NA
"Sirnak",37.5164,42.461,2013,1,NA,128.65
"Sirnak",37.5164,42.461,2013,1,-0.03,NA
"Sirnak",37.5164,42.461,2013,2,NA,67.2
"Sirnak",37.5164,42.461,2013,2,3.9,NA
"Sirnak",37.5164,42.461,2013,3,NA,63.86
"Sirnak",37.5164,42.461,2013,3,6.71,NA
"Sirnak",37.5164,42.461,2013,4,NA,42
"Sirnak",37.5164,42.461,2013,4,12.65,NA
"Sirnak",37.5164,42.461,2013,5,NA,62
"Sirnak",37.5164,42.461,2013,5,17.69,NA
"Sirnak",37.5164,42.461,2013,6,NA,4.2
"Sirnak",37.5164,42.461,2013,6,24.9,NA
"Sirnak",37.5164,42.461,2013,7,NA,0
"Sirnak",37.5164,42.461,2013,7,29.12,NA
"Sirnak",37.5164,42.461,2013,8,NA,0
"Sirnak",37.5164,42.461,2013,8,28.63,NA
"Sirnak",37.5164,42.461,2013,9,NA,1.8
"Sirnak",37.5164,42.461,2013,9,23.05,NA
"Sirnak",37.5164,42.461,2013,10,NA,13.02
"Sirnak",37.5164,42.461,2013,10,15.05,NA
"Sirnak",37.5164,42.461,2013,11,NA,46.2
"Sirnak",37.5164,42.461,2013,11,10.01,NA
"Sirnak",37.5164,42.461,2013,12,NA,46.81
"Sirnak",37.5164,42.461,2013,12,0.8,NA
"Sirnak",37.5164,42.461,2014,1,NA,44.95
"Sirnak",37.5164,42.461,2014,1,2.77,NA
"Sirnak",37.5164,42.461,2014,2,NA,23.52
"Sirnak",37.5164,42.461,2014,2,4.18,NA
"Sirnak",37.5164,42.461,2014,3,NA,62.31
"Sirnak",37.5164,42.461,2014,3,8.47,NA
"Sirnak",37.5164,42.461,2014,4,NA,62.4
"Sirnak",37.5164,42.461,2014,4,13.28,NA
"Sirnak",37.5164,42.461,2014,5,NA,19.53
"Sirnak",37.5164,42.461,2014,5,19.35,NA
"Sirnak",37.5164,42.461,2014,6,NA,11.4
"Sirnak",37.5164,42.461,2014,6,25.04,NA
"Sirnak",37.5164,42.461,2014,7,NA,1.55
"Sirnak",37.5164,42.461,2014,7,29.84,NA
"Sirnak",37.5164,42.461,2014,8,NA,3.1
"Sirnak",37.5164,42.461,2014,8,29.83,NA
"Sirnak",37.5164,42.461,2014,9,NA,28.2
"Sirnak",37.5164,42.461,2014,9,23.48,NA
"Sirnak",37.5164,42.461,2014,10,NA,59.83
"Sirnak",37.5164,42.461,2014,10,15.22,NA
"Sirnak",37.5164,42.461,2014,11,NA,75.6
"Sirnak",37.5164,42.461,2014,11,7.2,NA
"Sirnak",37.5164,42.461,2014,12,NA,70.37
"Sirnak",37.5164,42.461,2014,12,4.76,NA
"Sirnak",37.5164,42.461,2015,1,NA,49.91
"Sirnak",37.5164,42.461,2015,1,1.43,NA
"Sirnak",37.5164,42.461,2015,2,NA,57.4
"Sirnak",37.5164,42.461,2015,2,2.96,NA
"Sirnak",37.5164,42.461,2015,3,NA,85.87
"Sirnak",37.5164,42.461,2015,3,6.57,NA
"Sirnak",37.5164,42.461,2015,4,NA,42.9
"Sirnak",37.5164,42.461,2015,4,10.84,NA
"Sirnak",37.5164,42.461,2015,5,NA,42.16
"Sirnak",37.5164,42.461,2015,5,18.22,NA
"Sirnak",37.5164,42.461,2015,6,NA,2.4
"Sirnak",37.5164,42.461,2015,6,25.44,NA
"Sirnak",37.5164,42.461,2015,7,NA,0.31
"Sirnak",37.5164,42.461,2015,7,30.86,NA
"Sirnak",37.5164,42.461,2015,8,NA,4.65
"Sirnak",37.5164,42.461,2015,8,30,NA
"Sirnak",37.5164,42.461,2015,9,NA,5.7
"Sirnak",37.5164,42.461,2015,9,26.22,NA
"Sirnak",37.5164,42.461,2015,10,NA,92.69
"Sirnak",37.5164,42.461,2015,10,17.28,NA
"Sirnak",37.5164,42.461,2015,11,NA,36
"Sirnak",37.5164,42.461,2015,11,8.47,NA
"Sirnak",37.5164,42.461,2015,12,NA,76.88
"Sirnak",37.5164,42.461,2015,12,2.48,NA
"Sirnak",37.5164,42.461,2016,1,NA,104.16
"Sirnak",37.5164,42.461,2016,1,-1.17,NA
"Sirnak",37.5164,42.461,2016,2,NA,41.76
"Sirnak",37.5164,42.461,2016,2,5.34,NA
"Sirnak",37.5164,42.461,2016,3,NA,101.99
"Sirnak",37.5164,42.461,2016,3,6.92,NA
"Sirnak",37.5164,42.461,2016,4,NA,76.5
"Sirnak",37.5164,42.461,2016,4,13.28,NA
"Sirnak",37.5164,42.461,2016,5,NA,30.69
"Sirnak",37.5164,42.461,2016,5,17.42,NA
"Sirnak",37.5164,42.461,2016,6,NA,22.5
"Sirnak",37.5164,42.461,2016,6,24.17,NA
"Sirnak",37.5164,42.461,2016,7,NA,2.17
"Sirnak",37.5164,42.461,2016,7,30.05,NA
"Sirnak",37.5164,42.461,2016,8,NA,0.62
"Sirnak",37.5164,42.461,2016,8,30.71,NA
"Sirnak",37.5164,42.461,2016,9,NA,5.4
"Sirnak",37.5164,42.461,2016,9,23.16,NA
"Sirnak",37.5164,42.461,2016,10,NA,39.37
"Sirnak",37.5164,42.461,2016,10,17.48,NA
"Sirnak",37.5164,42.461,2016,11,NA,20.7
"Sirnak",37.5164,42.461,2016,11,8.36,NA
"Sirnak",37.5164,42.461,2016,12,NA,88.35
"Sirnak",37.5164,42.461,2016,12,-0.11,NA
"Sirnak",37.5164,42.461,2017,1,NA,29.76
"Sirnak",37.5164,42.461,2017,1,0.18,NA
"Sirnak",37.5164,42.461,2017,2,NA,22.68
"Sirnak",37.5164,42.461,2017,2,1.03,NA
"Sirnak",37.5164,42.461,2017,3,NA,72.85
"Sirnak",37.5164,42.461,2017,3,6.69,NA
"Sirnak",37.5164,42.461,2017,4,NA,80.4
"Sirnak",37.5164,42.461,2017,4,11.59,NA
"Sirnak",37.5164,42.461,2017,5,NA,51.15
"Sirnak",37.5164,42.461,2017,5,17.98,NA
"Sirnak",37.5164,42.461,2017,6,NA,0
"Sirnak",37.5164,42.461,2017,6,25.62,NA
"Sirnak",37.5164,42.461,2017,7,NA,0.62
"Sirnak",37.5164,42.461,2017,7,31.07,NA
"Sirnak",37.5164,42.461,2017,8,NA,0.62
"Sirnak",37.5164,42.461,2017,8,30.44,NA
"Sirnak",37.5164,42.461,2017,9,NA,0
"Sirnak",37.5164,42.461,2017,9,26.4,NA
"Sirnak",37.5164,42.461,2017,10,NA,6.51
"Sirnak",37.5164,42.461,2017,10,16.15,NA
"Sirnak",37.5164,42.461,2017,11,NA,42.6
"Sirnak",37.5164,42.461,2017,11,8.52,NA
"Sirnak",37.5164,42.461,2017,12,NA,27.9
"Sirnak",37.5164,42.461,2017,12,6.26,NA
"Sirnak",37.5164,42.461,2018,1,NA,35.34
"Sirnak",37.5164,42.461,2018,1,2.65,NA
"Sirnak",37.5164,42.461,2018,2,NA,72.8
"Sirnak",37.5164,42.461,2018,2,5.65,NA
"Sirnak",37.5164,42.461,2018,3,NA,18.29
"Sirnak",37.5164,42.461,2018,3,10.12,NA
"Sirnak",37.5164,42.461,2018,4,NA,47.7
"Sirnak",37.5164,42.461,2018,4,14.22,NA
"Sirnak",37.5164,42.461,2018,5,NA,78.74
"Sirnak",37.5164,42.461,2018,5,18.12,NA
"Sirnak",37.5164,42.461,2018,6,NA,4.5
"Sirnak",37.5164,42.461,2018,6,25.41,NA
"Sirnak",37.5164,42.461,2018,7,NA,0.31
"Sirnak",37.5164,42.461,2018,7,30.4,NA
"Sirnak",37.5164,42.461,2018,8,NA,0.62
"Sirnak",37.5164,42.461,2018,8,29.57,NA
"Sirnak",37.5164,42.461,2018,9,NA,0
"Sirnak",37.5164,42.461,2018,9,25.56,NA
"Sirnak",37.5164,42.461,2018,10,NA,74.71
"Sirnak",37.5164,42.461,2018,10,17.98,NA
"Sirnak",37.5164,42.461,2018,11,NA,66.9
"Sirnak",37.5164,42.461,2018,11,8.74,NA
"Sirnak",37.5164,42.461,2018,12,NA,168.02
"Sirnak",37.5164,42.461,2018,12,3.3,NA
"Sirnak",37.5164,42.461,2019,1,NA,54.56
"Sirnak",37.5164,42.461,2019,1,0.04,NA
"Sirnak",37.5164,42.461,2019,2,NA,57.68
"Sirnak",37.5164,42.461,2019,2,2.86,NA
"Sirnak",37.5164,42.461,2019,3,NA,139.81
"Sirnak",37.5164,42.461,2019,3,4.86,NA
"Sirnak",37.5164,42.461,2019,4,NA,103.2
"Sirnak",37.5164,42.461,2019,4,8.93,NA
"Sirnak",37.5164,42.461,2019,5,NA,33.17
"Sirnak",37.5164,42.461,2019,5,18.07,NA
"Sirnak",37.5164,42.461,2019,6,NA,1.5
"Sirnak",37.5164,42.461,2019,6,26.65,NA
"Sirnak",37.5164,42.461,2019,7,NA,0
"Sirnak",37.5164,42.461,2019,7,28.9,NA
"Sirnak",37.5164,42.461,2019,8,NA,0.93
"Sirnak",37.5164,42.461,2019,8,30.34,NA
"Sirnak",37.5164,42.461,2019,9,NA,0.3
"Sirnak",37.5164,42.461,2019,9,24.22,NA
"Sirnak",37.5164,42.461,2019,10,NA,13.95
"Sirnak",37.5164,42.461,2019,10,19.2,NA
"Sirnak",37.5164,42.461,2019,11,NA,16.5
"Sirnak",37.5164,42.461,2019,11,9.84,NA
"Sirnak",37.5164,42.461,2019,12,NA,62.31
"Sirnak",37.5164,42.461,2019,12,4.45,NA
"Sirnak",37.5164,42.461,2020,1,NA,48.67
"Sirnak",37.5164,42.461,2020,1,1.06,NA
"Sirnak",37.5164,42.461,2020,2,NA,62.64
"Sirnak",37.5164,42.461,2020,2,1.57,NA
"Sirnak",37.5164,42.461,2020,3,NA,126.48
"Sirnak",37.5164,42.461,2020,3,8.08,NA
"Sirnak",37.5164,42.461,2020,4,NA,68.4
"Sirnak",37.5164,42.461,2020,4,11.15,NA
"Sirnak",37.5164,42.461,2020,5,NA,25.73
"Sirnak",37.5164,42.461,2020,5,17.96,NA
"Sirnak",37.5164,42.461,2020,6,NA,2.7
"Sirnak",37.5164,42.461,2020,6,24.92,NA
"Sirnak",37.5164,42.461,2020,7,NA,5.89
"Sirnak",37.5164,42.461,2020,7,30.29,NA
"Sirnak",37.5164,42.461,2020,8,NA,2.48
"Sirnak",37.5164,42.461,2020,8,28.51,NA
"Sirnak",37.5164,42.461,2020,9,NA,0
"Sirnak",37.5164,42.461,2020,9,27,NA
"Sirnak",37.5164,42.461,2020,10,NA,2.79
"Sirnak",37.5164,42.461,2020,10,19.82,NA
"Sirnak",37.5164,42.461,2020,11,NA,45.3
"Sirnak",37.5164,42.461,2020,11,9.21,NA
"Sirnak",37.5164,42.461,2020,12,NA,25.11
"Sirnak",37.5164,42.461,2020,12,4.09,NA
"Sirnak",37.5164,42.461,2021,1,NA,51.46
"Sirnak",37.5164,42.461,2021,1,3.19,NA
"Sirnak",37.5164,42.461,2021,2,NA,29.4
"Sirnak",37.5164,42.461,2021,2,5.01,NA
"Sirnak",37.5164,42.461,2021,3,NA,63.24
"Sirnak",37.5164,42.461,2021,3,6.68,NA
"Sirnak",37.5164,42.461,2021,4,NA,9.6
"Sirnak",37.5164,42.461,2021,4,15.19,NA
"Sirnak",37.5164,42.461,2021,5,NA,7.75
"Sirnak",37.5164,42.461,2021,5,22.15,NA
"Sirnak",37.5164,42.461,2021,6,NA,0
"Sirnak",37.5164,42.461,2021,6,26.69,NA
"Sirnak",37.5164,42.461,2021,7,NA,0.62
"Sirnak",37.5164,42.461,2021,7,30.69,NA
"Sirnak",37.5164,42.461,2021,8,NA,1.24
"Sirnak",37.5164,42.461,2021,8,29.64,NA
"Sirnak",37.5164,42.461,2021,9,NA,1.8
"Sirnak",37.5164,42.461,2021,9,23.83,NA
"Sirnak",37.5164,42.461,2021,10,NA,29.45
"Sirnak",37.5164,42.461,2021,10,17.24,NA
"Sirnak",37.5164,42.461,2021,11,NA,16.8
"Sirnak",37.5164,42.461,2021,11,10.56,NA
"Sirnak",37.5164,42.461,2021,12,NA,41.54
"Sirnak",37.5164,42.461,2021,12,4.24,NA
"Sirnak",37.5164,42.461,2022,1,NA,94.86
"Sirnak",37.5164,42.461,2022,1,-0.6,NA
"Sirnak",37.5164,42.461,2022,2,NA,23.52
"Sirnak",37.5164,42.461,2022,2,4.18,NA
"Sirnak",37.5164,42.461,2022,3,NA,63.24
"Sirnak",37.5164,42.461,2022,3,3.34,NA
"Sirnak",37.5164,42.461,2022,4,NA,13.5
"Sirnak",37.5164,42.461,2022,4,14.14,NA
"Sirnak",37.5164,42.461,2022,5,NA,41.23
"Sirnak",37.5164,42.461,2022,5,17.07,NA
"Sirnak",37.5164,42.461,2022,6,NA,3.3
"Sirnak",37.5164,42.461,2022,6,26.75,NA
"Sirnak",37.5164,42.461,2022,7,NA,0
"Sirnak",37.5164,42.461,2022,7,30.26,NA
"Sirnak",37.5164,42.461,2022,8,NA,0
"Sirnak",37.5164,42.461,2022,8,30.55,NA
"Sirnak",37.5164,42.461,2022,9,NA,0.6
"Sirnak",37.5164,42.461,2022,9,25.72,NA
"Sirnak",37.5164,42.461,2022,10,NA,28.52
"Sirnak",37.5164,42.461,2022,10,18.72,NA
"Sirnak",37.5164,42.461,2022,11,NA,117.6
"Sirnak",37.5164,42.461,2022,11,9.54,NA
"Sirnak",37.5164,42.461,2022,12,NA,4.34
"Sirnak",37.5164,42.461,2022,12,5.34,NA
"Sirnak",37.5164,42.461,2023,1,NA,17.98
"Sirnak",37.5164,42.461,2023,1,3.21,NA
"Sirnak",37.5164,42.461,2023,2,NA,57.12
"Sirnak",37.5164,42.461,2023,2,0.49,NA
"Sirnak",37.5164,42.461,2023,3,NA,62.31
"Sirnak",37.5164,42.461,2023,3,8.93,NA
"Sirnak",37.5164,42.461,2023,4,NA,70.2
"Sirnak",37.5164,42.461,2023,4,12.06,NA
"Sirnak",37.5164,42.461,2023,5,NA,34.41
"Sirnak",37.5164,42.461,2023,5,18.06,NA
"Sirnak",37.5164,42.461,2023,6,NA,2.4
"Sirnak",37.5164,42.461,2023,6,25.4,NA
"Sirnak",37.5164,42.461,2023,7,NA,0
"Sirnak",37.5164,42.461,2023,7,30.69,NA
"Sirnak",37.5164,42.461,2023,8,NA,1.86
"Sirnak",37.5164,42.461,2023,8,31.29,NA
"Sirnak",37.5164,42.461,2023,9,NA,6
"Sirnak",37.5164,42.461,2023,9,25.87,NA
"Sirnak",37.5164,42.461,2023,10,NA,46.19
"Sirnak",37.5164,42.461,2023,10,17.03,NA
"Sirnak",37.5164,42.461,2023,11,NA,82.2
"Sirnak",37.5164,42.461,2023,11,10.43,NA
"Sirnak",37.5164,42.461,2023,12,NA,62
"Sirnak",37.5164,42.461,2023,12,6.22,NA
"Sirnak",37.5164,42.461,2024,1,NA,98.89
"Sirnak",37.5164,42.461,2024,1,2.84,NA
"Sirnak",37.5164,42.461,2024,2,NA,31.61
"Sirnak",37.5164,42.461,2024,2,4.09,NA
"Sirnak",37.5164,42.461,2024,3,NA,115.63
"Sirnak",37.5164,42.461,2024,3,6.42,NA
"Sirnak",37.5164,42.461,2024,4,NA,46.8
"Sirnak",37.5164,42.461,2024,4,16.18,NA
"Sirnak",37.5164,42.461,2024,5,NA,65.1
"Sirnak",37.5164,42.461,2024,5,17.57,NA
"Sirnak",37.5164,42.461,2024,6,NA,3
"Sirnak",37.5164,42.461,2024,6,28.39,NA
"Sirnak",37.5164,42.461,2024,7,NA,1.24
"Sirnak",37.5164,42.461,2024,7,31.02,NA
"Sirnak",37.5164,42.461,2024,8,NA,0
"Sirnak",37.5164,42.461,2024,8,30.95,NA
"Sirnak",37.5164,42.461,2024,9,NA,25.2
"Sirnak",37.5164,42.461,2024,9,25.06,NA
"Sirnak",37.5164,42.461,2024,10,NA,9.92
"Sirnak",37.5164,42.461,2024,10,16.74,NA
"Sirnak",37.5164,42.461,2024,11,NA,47.1
"Sirnak",37.5164,42.461,2024,11,8.71,NA
"Sirnak",37.5164,42.461,2024,12,NA,25.73
"Sirnak",37.5164,42.461,2024,12,4.09,NA
"Sirnak",37.5164,42.461,2025,1,NA,9.92
"Sirnak",37.5164,42.461,2025,1,3.57,NA
"Sirnak",37.5164,42.461,2025,2,NA,36.96
"Sirnak",37.5164,42.461,2025,2,0.89,NA
"Sirnak",37.5164,42.461,2025,3,NA,47.12
"Sirnak",37.5164,42.461,2025,3,9.3,NA
"Sirnak",37.5164,42.461,2025,4,NA,95.7
"Sirnak",37.5164,42.461,2025,4,12.83,NA
"Sirnak",37.5164,42.461,2025,5,NA,35.96
"Sirnak",37.5164,42.461,2025,5,20.33,NA
"Sirnak",37.5164,42.461,2025,6,NA,7.2
"Sirnak",37.5164,42.461,2025,6,26.53,NA
"Sirnak",37.5164,42.461,2025,7,NA,0.31
"Sirnak",37.5164,42.461,2025,7,31,NA
"Sirnak",37.5164,42.461,2025,8,NA,6.51
"Sirnak",37.5164,42.461,2025,8,30.89,NA
"Sirnak",37.5164,42.461,2025,9,NA,1.5
"Sirnak",37.5164,42.461,2025,9,24.34,NA
"Sirnak",37.5164,42.461,2025,10,NA,27.28
"Sirnak",37.5164,42.461,2025,10,17.53,NA
"Sirnak",37.5164,42.461,2025,11,NA,52.5
"Sirnak",37.5164,42.461,2025,11,11.94,NA
"Sirnak",37.5164,42.461,2025,12,NA,106.33
"Sirnak",37.5164,42.461,2025,12,3.51,NA
